flavor,bT,q16,median,q84
u,0.0,6.26664031444024,6.26664031444024,6.26664031444024
u,0.025,6.266633448623153,6.266638441944672,6.266639371003154
u,0.05,6.266613122727114,6.266632142591907,6.266635490289643
u,0.07500000000000001,6.266579619174624,6.266620486984547,6.266628490869145
u,0.1,6.266540945698826,6.266610681125745,6.26662510232986
u,0.125,6.266737717445562,6.2668438125645745,6.26686705840551
u,0.15000000000000002,6.273049231551363,6.273196658556181,6.273231342788417
u,0.17500000000000002,6.330688764169298,6.330883866627382,6.330933482063864
u,0.2,6.3759454209583675,6.376192354978149,6.376259792648802
u,0.225,6.408098796629138,6.408402605158222,6.408489817810817
u,0.25,6.427763909346927,6.428128624636599,6.4282422038968985
u,0.275,6.438218287094869,6.4386470681012185,6.438787765726765
u,0.30000000000000004,6.441528902426126,6.442025953089915,6.4421991887517915
u,0.325,6.4389201811954715,6.439484110773216,6.439697714058305
u,0.35000000000000003,6.431425918002717,6.432063449801038,6.4323196061418555
u,0.375,6.419866706706065,6.420580124388,6.420890685321443
u,0.4,6.404907616142899,6.40570719537853,6.406066213539818
u,0.42500000000000004,6.387066950918176,6.38795111997862,6.388375631215513
u,0.45,6.36678853998707,6.36778064075436,6.3682805282952755
u,0.47500000000000003,6.344415728157304,6.345541834735824,6.346126992555457
u,0.5,6.320253513287109,6.321575573609942,6.322254293348495
u,0.525,6.2945336851270515,6.2961065033420605,6.296897715011384
u,0.55,6.26746899303466,6.26938765704012,6.270319392579663
u,0.5750000000000001,6.239253649072697,6.241585898625481,6.2426808158295435
u,0.6000000000000001,6.210065263937971,6.212910800172709,6.214171073625872
u,0.625,6.1800312949612275,6.183476504383981,6.184937839419737
u,0.65,6.149274268330827,6.1534134789846355,6.155081686901056
u,0.675,6.11793003922063,6.1228653343608235,6.124787617885009
u,0.7000000000000001,6.086070947642635,6.091921408447034,6.094119288403991
u,0.7250000000000001,6.05371344797032,6.060585085418498,6.063119375865298
u,0.75,6.021216535938041,6.029268591205006,6.032140875201669
u,0.775,5.987763269932093,5.997109581017915,6.000358026608632
u,0.8,5.937548849912449,5.946793662578174,5.950461257394559
u,0.8250000000000001,5.869500731058892,5.8781923252496,5.882263170751443
u,0.8500000000000001,5.78949647462583,5.797486318397359,5.8020597652988
u,0.875,5.702374011494738,5.709800224195283,5.714893700230394
u,0.9,5.611966612104722,5.619226214967072,5.624813799534767
u,0.925,5.521296643486409,5.528784496938633,5.534900013630012
u,0.9500000000000001,5.432516211961326,5.440665679845191,5.44743870702423
u,0.9750000000000001,5.347185102104626,5.356294900400477,5.363703726394763
u,1.0,5.2663287300620905,5.276495617833955,5.284645748187592
u,1.0250000000000001,5.190264503930695,5.201619936563184,5.210441508168817
u,1.05,5.118908363464925,5.131805476855665,5.141142109893743
u,1.075,5.05193385353567,5.066596086789382,5.076455313087219
u,1.1,4.989114616786832,5.005118499874305,5.015811038450172
u,1.125,4.929446683514607,4.947085388015255,4.958747720257045
u,1.1500000000000001,4.873286556478665,4.891915929378247,4.904620287878995
u,1.175,4.820299651085409,4.8389946081043425,4.852902936889073
u,1.2000000000000002,4.767764937212004,4.787888248160597,4.803022788581471
u,1.225,4.717648264385986,4.737759969070463,4.754500534608667
u,1.25,4.667783601271083,4.688348227589717,4.706827789002427
u,1.2750000000000001,4.618548151556555,4.639120973226586,4.659183893633206
u,1.3,4.568669205187263,4.589679736482995,4.611563301613221
u,1.3250000000000002,4.517387423650891,4.539670491261537,4.5635297678479025
u,1.35,4.465900818532928,4.48890304571481,4.514539514956449
u,1.375,4.413106448239576,4.43689564668263,4.46435362705924
u,1.4000000000000001,4.358645778800916,4.383331837880961,4.41284661980222
u,1.425,4.302479582700639,4.328538068339647,4.3599300736768525
u,1.4500000000000002,4.244084720370716,4.272195268540798,4.305422849908906
u,1.475,4.183962989384317,4.214110761900897,4.249206020999291
u,1.5,4.121493415838541,4.154100527408815,4.1911400691138985
u,1.5250000000000001,4.057778224252308,4.092162491247099,4.131685953672647
u,1.55,3.992052427271684,4.028463994040335,4.070123414567254
u,1.5750000000000002,3.9244360285774973,3.9630435844578535,4.0062360751364965
u,1.6,3.8551519273296324,3.8957543669683807,3.9401998304512214
u,1.625,3.7845515746933756,3.8271828807543704,3.8712146175213364
u,1.6500000000000001,3.7125691430730394,3.7571718523739133,3.8004322802461936
u,1.675,3.6399483730836195,3.6854234381912665,3.7294511366898937
u,1.7000000000000002,3.566451858157184,3.612431181836296,3.6558231686789022
u,1.725,3.492057517479195,3.538319897148259,3.5803062109856847
u,1.75,3.4162649274973584,3.4629395275957617,3.50552814557966
u,1.7750000000000001,3.34105479905,3.387403972874786,3.4303943628955698
u,1.8,3.266661318649994,3.310595654624945,3.3551341834772628
u,1.8250000000000002,3.1932972339000525,3.2329762233075345,3.2795067471103634
u,1.85,3.1178183300299174,3.1552791657149366,3.2036178965462594
u,1.875,3.0426098559167305,3.0792992740323406,3.1289543997747638
u,1.9000000000000001,2.965443849688113,3.0040077346362652,3.0560614692836765
u,1.925,2.8880309220561564,2.9301889764859146,2.9845052618754573
u,1.9500000000000002,2.811737126767675,2.857571631400864,2.9139688561959316
u,1.975,2.7354436100388746,2.7861248552543216,2.8446668088413993
u,2.0,2.6611892031759976,2.716414514392755,2.7764401520008333
u,2.025,2.589509804925888,2.648482539281756,2.7095464195660983
u,2.0500000000000003,2.519529796744362,2.581604767838462,2.6450684244076506
u,2.075,2.451553618640717,2.516245971897535,2.5816822732663565
u,2.1,2.3864448857442557,2.452486588387416,2.5205082735276974
u,2.125,2.3222695941811655,2.390738921224297,2.4646550028448644
u,2.15,2.261953258657825,2.331145725414136,2.4091772150177144
u,2.1750000000000003,2.202801997146556,2.2739729087046436,2.3550296596564713
u,2.2,2.1468959764155784,2.218837517701558,2.3038937960587775
u,2.225,2.093775206535813,2.1658835204301736,2.2551742141613946
u,2.25,2.0427653249678053,2.1153092540565512,2.207357333470231
u,2.275,1.9936947045798128,2.068560552757789,2.160986605006732
u,2.3000000000000003,1.9476223528624077,2.0227324072814272,2.116260144310348
u,2.325,1.9038713846401352,1.9787986272097202,2.0759286409058757
u,2.35,1.8613489744847662,1.9374121090113627,2.0380535396142783
u,2.375,1.8216887462624924,1.8987927693564737,2.001885674237644
u,2.4000000000000004,1.7846091230316965,1.8616325164658702,1.9679425744514698
u,2.4250000000000003,1.7497249936635244,1.8267770615757333,1.936834462615984
u,2.45,1.7168396936226762,1.793784278552515,1.9076210788526828
u,2.475,1.6860853036103411,1.7622883749826477,1.8787397587788295
u,2.5,1.657205970653699,1.7331474971750014,1.8508421544354543
u,2.5250000000000004,1.6301422639861085,1.7057083260438255,1.8258562778596932
u,2.5500000000000003,1.6047612006998575,1.6798554071261336,1.801738901819846
u,2.575,1.580714808617718,1.6561592850936002,1.7781736963548405
u,2.6,1.558182913140292,1.6341021009157446,1.7567647629830807
u,2.625,1.5373764893556194,1.61329023572935,1.7356383331677376
u,2.6500000000000004,1.5176058076054604,1.593408931714262,1.716025496406474
u,2.6750000000000003,1.4996278076004161,1.575419935879305,1.698183331050364
u,2.7,1.4828085646140128,1.5588238255713063,1.6811534143609923
u,2.725,1.4668764580432248,1.5434750453101391,1.6665236709055138
u,2.75,1.4522410412319038,1.528870854903048,1.6525454530341874
u,2.7750000000000004,1.4388418967441283,1.5154157677392985,1.6391976997723405
u,2.8000000000000003,1.4264525663044965,1.50316757169195,1.6265760226444663
u,2.825,1.4149786192735039,1.4917129896016412,1.6144878423056361
u,2.85,1.404384566768355,1.48155295926852,1.6030554705763773
u,2.875,1.3943469518585683,1.4714619038487797,1.5932925913496276
u,2.9000000000000004,1.3851305297198198,1.4625187829688682,1.584264209554944
u,2.9250000000000003,1.3765922845345602,1.4537512360828213,1.575583378234244
u,2.95,1.3684273060272238,1.4456313997207806,1.567698456270152
u,2.975,1.3607695528729895,1.437852887942386,1.5597661449578395
u,3.0,1.3535735136923046,1.430751586525552,1.5518324175814433
u,3.0250000000000004,1.3466619613236084,1.4238381115890442,1.544366513011901
u,3.0500000000000003,1.3401620443432622,1.4172830006350692,1.5374740951982298
u,3.075,1.3337796996712892,1.4110751008091162,1.5308140902445284
u,3.1,1.327526219516983,1.40477937056038,1.5241462046697796
u,3.125,1.3213689405310276,1.3985947334449336,1.5176646940881138
u,3.1500000000000004,1.3152806191763513,1.392750490497852,1.511364560438546
u,3.1750000000000003,1.3092366395725117,1.386719932102519,1.504936030503944
u,3.2,1.303163167818298,1.3804011002656793,1.498221770237758
u,3.225,1.297011519317232,1.3738724517145824,1.4913207743089212
u,3.25,1.290616449693479,1.3672058104323428,1.4842731787356904
u,3.2750000000000004,1.2839158665847497,1.3605028534014163,1.4770899382233436
u,3.3000000000000003,1.2770586056684292,1.3535258177774454,1.469764694645432
u,3.325,1.2700037994399258,1.3463041226878,1.4621445705431664
u,3.35,1.2627255566057252,1.3388816128941223,1.4541826928163337
u,3.375,1.2551889510320626,1.331249358106366,1.4458775475653118
u,3.4000000000000004,1.2473754848516583,1.3232789468984947,1.4371950837575473
u,3.4250000000000003,1.239256296340696,1.3149512284886222,1.4281261012591868
u,3.45,1.230806036585625,1.3061640075745897,1.4186742038264102
u,3.475,1.2220803277885384,1.2969982789570684,1.4088715886761694
u,3.5,1.2130233675815956,1.287375267853681,1.3986399796717985
u,3.5250000000000004,1.2036886294408522,1.2773471918246195,1.3879811232879058
u,3.5500000000000003,1.194022495348969,1.2670891081164057,1.376892907656417
u,3.575,1.1839885846518743,1.2563567769349109,1.3653819529669844
u,3.6,1.1736585355163245,1.2452222355883653,1.3534722077807773
u,3.625,1.1629971180293053,1.2337517245006047,1.3411707872783751
u,3.6500000000000004,1.1520141740697092,1.2219667030484822,1.3284893787553305
u,3.6750000000000003,1.140714454181757,1.209813166201609,1.3154431439110978
u,3.7,1.12896892381369,1.1972945167853781,1.3020319538965588
u,3.725,1.1168959392273576,1.184510959224479,1.2882069179081808
u,3.75,1.1045917900758884,1.1714641813395883,1.2740372495263956
u,3.7750000000000004,1.0919854562116318,1.1582243360367768,1.2595788338680376
u,3.8000000000000003,1.0791456290930213,1.1446514285277267,1.2448457652055804
u,3.825,1.066102569546086,1.130857818362009,1.2298454311075973
u,3.85,1.0528701586320968,1.1168633232757765,1.2146207374544715
u,3.875,1.0394770585680981,1.1027247854166684,1.1992071749739532
u,3.9000000000000004,1.0259387495754495,1.0884833855194331,1.183622778748598
u,3.9250000000000003,1.0122817259763053,1.074121865972843,1.1679160231327175
u,3.95,0.998522022225114,1.0596168215398725,1.1521893128856
u,3.975,0.9846424565710323,1.0449965935218954,1.1362770809873914
u,4.0,0.9707602497852441,1.0303069994176284,1.1202496846673635
u,4.025,0.9568361278174999,1.0155726680043393,1.1041690560839252
u,4.05,0.9428635276456897,1.0008210904148624,1.0880562653015344
u,4.075,0.9288809437684018,0.9860301693119804,1.0719583206912084
u,4.1000000000000005,0.9148649807170334,0.9712403640397502,1.055868310963701
u,4.125,0.9008577250557296,0.9564695206533347,1.0397891187207788
u,4.15,0.8868346367814471,0.9416744999820696,1.0236947047068379
u,4.175,0.8728514959584353,0.9269000798356903,1.007644860915191
u,4.2,0.8589654178198006,0.9122032097928322,0.9916603600105812
u,4.2250000000000005,0.8451978944178611,0.897592247588076,0.975770791092305
u,4.25,0.8315046337790792,0.8830194194472213,0.9599987449321111
u,4.275,0.8179048868437876,0.8685072345441145,0.9443204169782987
u,4.3,0.8043993695590677,0.8540945211638384,0.9287468561384722
u,4.325,0.7909500182035629,0.8398123727579349,0.9132698797929375
u,4.3500000000000005,0.7776505939693926,0.8256457173370086,0.8979110986612133
u,4.375,0.7644724655063126,0.811595284691024,0.8826775664671338
u,4.4,0.7513872122462061,0.7976699418858096,0.8675781339546004
u,4.425,0.7384174816809608,0.7838711780108228,0.852615321611927
u,4.45,0.7255719924437077,0.7702068516174553,0.8377317888742102
u,4.4750000000000005,0.7128545757827809,0.7567295194375409,0.8230271640798961
u,4.5,0.7002681511330118,0.7433907198278183,0.8085675332920563
u,4.525,0.6878156108358937,0.730135922414742,0.7942603980852575
u,4.55,0.6754808347121518,0.7169871589120448,0.7801080347308939
u,4.575,0.6632109988815812,0.7040012895236397,0.7661087756998655
u,4.6000000000000005,0.6510930268819674,0.6911752371958187,0.7522666418800732
u,4.625,0.6391196103010917,0.678528171351331,0.73857003326091
u,4.65,0.6272935981441906,0.6660422938863396,0.7249874074292694
u,4.675,0.6156528942194005,0.6537858855218182,0.711561601587565
u,4.7,0.6041865878402766,0.6416726977878909,0.698292136580568
u,4.7250000000000005,0.592867028040989,0.62971329889494,0.6851895818570627
u,4.75,0.5817023912580737,0.6178781477605844,0.6722660875161671
u,4.775,0.5706957708518781,0.6062098711150883,0.6595177874722848
u,4.800000000000001,0.5598372657416378,0.5946828658699975,0.6469427157787053
u,4.825,0.5491316875808407,0.583274207567351,0.6345984751541427
u,4.8500000000000005,0.53857203158393,0.5720253222138897,0.6224424987675321
u,4.875,0.5281304880111407,0.560967976163497,0.6104546680505664
u,4.9,0.5178707460675502,0.5500572706459925,0.5986338356076616
u,4.925000000000001,0.5077479845767056,0.5393084422552169,0.5869803493227075
u,4.95,0.49776093404236016,0.5286991301742975,0.5754930672515691
u,4.9750000000000005,0.4879271864985213,0.5182445267400075,0.5641673597735796
u,5.0,0.4782404397062526,0.507943577405473,0.5529751499821931
u,5.025,0.46869839810261477,0.49779598928029106,0.5419485454850085
u,5.050000000000001,0.4592984288071256,0.48780037357817685,0.5310831107849806
u,5.075,0.450032137638395,0.4779753144218812,0.520378155469717
u,5.1000000000000005,0.44090097645200876,0.4683242265326562,0.5098376632360759
u,5.125,0.43191130187029014,0.458821872298646,0.499459045447019
u,5.15,0.4230612309620454,0.4494657328133567,0.48924229389246565
u,5.175000000000001,0.41436524080978254,0.44025626166703496,0.4791851547408464
u,5.2,0.40581233106319026,0.43119111566972546,0.46928785387177263
u,5.2250000000000005,0.397383537566114,0.42226103899654177,0.45954799889177844
u,5.25,0.38907796783488435,0.41345758271025135,0.44996584853049276
u,5.275,0.38088684448297744,0.40477549638500293,0.44055315181300675
u,5.300000000000001,0.37283005240862427,0.3962270153578195,0.43129408748491216
u,5.325,0.3649164985642692,0.38781153785780953,0.4221940179154501
u,5.3500000000000005,0.3571363879597802,0.37953773180056694,0.41321998086808265
u,5.375,0.3494874184251989,0.3714142171494887,0.4044190412348166
u,5.4,0.34196732194944546,0.36345068008602843,0.3957798409381208
u,5.425000000000001,0.3345847028953879,0.3556223798215162,0.38728652285987775
u,5.45,0.32732937887458896,0.3478987097902778,0.37893758850498704
u,5.4750000000000005,0.3201994025234709,0.3403099805005435,0.37073168352773267
u,5.5,0.3131931173118705,0.33289012722428657,0.3626672007794452
u,5.525,0.30629396928829694,0.3256053211946103,0.35474268242817153
u,5.550000000000001,0.29950388404809014,0.3184277313352006,0.3469541717949496
u,5.575,0.2928310686712504,0.3113616227464728,0.33929454563013783
u,5.6000000000000005,0.2862779043615195,0.30442149062412666,0.3317735240817622
u,5.625,0.27984379854002467,0.2976067355314177,0.32438693687833803
u,5.65,0.2735395207671018,0.29090830498938497,0.3171330984800548
u,5.675000000000001,0.26735644330211294,0.28432385313213054,0.3100107247646863
u,5.7,0.261262359778988,0.27787868482501654,0.30301536508416477
u,5.7250000000000005,0.25530601545907977,0.2715684403911787,0.2961456417012673
u,5.75,0.2494700223205734,0.2653704182195942,0.2894029081421243
u,5.775,0.2437471753736203,0.2592587626526828,0.2827855325328665
u,5.800000000000001,0.2381374880320069,0.253262686802004,0.27629201390191765
u,5.825,0.23263367405601657,0.24740229947417858,0.26992070002019136
u,5.8500000000000005,0.22722589991924794,0.2416505616157895,0.26366354147477405
u,5.875,0.22188599166021414,0.23600430609315604,0.2575145495475992
u,5.9,0.21667110192282613,0.23046698110052347,0.2514840205065661
u,5.925000000000001,0.21156665186915144,0.22504605307512293,0.24557912548875357
u,5.95,0.2065618468332458,0.2197307576229106,0.2397911973584863
u,5.9750000000000005,0.2016571587780203,0.2145149965595928,0.2341226141969755
u,6.0,0.19685122267413685,0.20940243840559172,0.22856539302123402
u,6.025,0.19213341587152938,0.2044004768607247,0.22311786348090507
u,6.050000000000001,0.18750053211546366,0.1994765704562197,0.21777836192518316
u,6.075,0.18296123776359308,0.19465292376255325,0.2125456463704611
u,6.1000000000000005,0.1785138754549857,0.1899307772193244,0.20741730682297022
u,6.125,0.17415742957748281,0.18531479447638444,0.20239045014229612
u,6.15,0.16989010297575835,0.180793034842276,0.1974657554801958
u,6.175000000000001,0.16571103827407735,0.17636397929466513,0.192641691375941
u,6.2,0.16161928647515708,0.17202089183258656,0.18791681024200754
u,6.2250000000000005,0.15762769068903376,0.16777272239356816,0.1832912390502549
u,6.25,0.15372754327137578,0.16362718869029222,0.17877011810222693
u,6.275,0.14990902098016087,0.15956017514746035,0.17435183811602692
u,6.300000000000001,0.14616926160545257,0.15556964894981484,0.17002587363902694
u,6.325,0.14250487509556753,0.15167459934961794,0.16579077305396528
u,6.3500000000000005,0.13892055044728804,0.14786610078343482,0.16164345044054765
u,6.375,0.13541199270200555,0.14414102678700708,0.15758232719054394
u,6.4,0.13196893097410933,0.1404833359507075,0.1535780558425092
u,6.425000000000001,0.1286009972318491,0.13690089207844527,0.14965681297957234
u,6.45,0.1252941620222192,0.13339499694169152,0.14582091543223305
u,6.4750000000000005,0.12205453459786961,0.12997046196176112,0.14207119047230093
u,6.5,0.11888823183246346,0.1266113044444378,0.13842420197827518
u,6.525,0.11580612181111428,0.12333073510701893,0.13485740750614955
u,6.550000000000001,0.11279562375359198,0.12011931804945519,0.13136947228023163
u,6.575,0.10985625211585096,0.11699060522069706,0.12795898325492935
u,6.6000000000000005,0.10698334774988247,0.11393254199289299,0.12462028130899076
u,6.625,0.10417506106820687,0.11094333279399712,0.12135686004489685
u,6.65,0.1014304709576135,0.10801345974015705,0.1181661277645482
u,6.675000000000001,0.0987481776014677,0.10514822272420467,0.1150455248181722
u,6.7,0.0961234254090858,0.10234916047408837,0.11199579503398174
u,6.7250000000000005,0.09355575866964351,0.09962136658070064,0.10901641250434246
u,6.75,0.09104749802521445,0.09696511297023917,0.10610415685307055
u,6.775,0.08859768726620841,0.09436985173776734,0.10325537224853294
u,6.800000000000001,0.0862051113694287,0.0918310819745068,0.10047234885215732
u,6.825,0.08386880790232545,0.08934670834964936,0.09775524939180773
u,6.8500000000000005,0.08158880065172237,0.0869194654161043,0.09509961651546185
u,6.875,0.07936459644823833,0.08454698175982062,0.09251070383393742
u,6.9,0.0771955761586246,0.08223361667745285,0.08998768181023417
u,6.925000000000001,0.07508136827537282,0.07997836895245422,0.08752801612147243
u,6.95,0.07301788765201755,0.07777764731505835,0.08512685482007337
u,6.9750000000000005,0.07100190275576727,0.07562952873068915,0.08278399331784074
u,7.0,0.06902728552848754,0.07353380332425002,0.08049487156697265
u,7.025,0.06710132335958277,0.07148928841008467,0.07826340128496795
u,7.050000000000001,0.0652235183633284,0.06949240179395619,0.07608328838035393
u,7.075,0.06339348534214047,0.06754429012364642,0.07395602433692214
u,7.1000000000000005,0.06160984468136966,0.06564450048386276,0.07188077187993984
u,7.125,0.05987461598107802,0.0637903221329509,0.06985691224945036
u,7.15,0.05818293084835622,0.06197787511289646,0.06788312234430677
u,7.175000000000001,0.05653290899030228,0.06021104574590005,0.0659586707186457
u,7.2,0.05492469395659803,0.05848864960864069,0.06408230732664792
u,7.2250000000000005,0.05335643155177811,0.056809967838890814,0.062253220932124334
u,7.25,0.051827592367131685,0.05517381207707873,0.06047009599350191
u,7.275,0.05033458556358561,0.05357957786133801,0.05873154704508226
u,7.300000000000001,0.04887973661398634,0.05202611367497711,0.05703697566320571
u,7.325,0.047462141657308964,0.05051271759609891,0.05538607350275503
u,7.3500000000000005,0.04608104698384314,0.049038345624403186,0.053777264137659285
u,7.375,0.044735633380095896,0.0476023937911956,0.05221032431164193
u,7.4,0.043424535345939846,0.04620375905402481,0.05068364849799154
u,7.425000000000001,0.04214741407031334,0.044841843046565015,0.04919705886197371
u,7.45,0.04090332143450201,0.043518624341908244,0.04774896233617452
u,7.4750000000000005,0.039693767222851596,0.042231692111740514,0.04633992809245338
u,7.5,0.03851604635622022,0.04097857015094271,0.04496781409134329
u,7.525,0.03736984640333888,0.03975895339010295,0.043632308194622375
u,7.550000000000001,0.03625382129745405,0.03857146573512633,0.04233193018920893
u,7.575,0.03516790787756784,0.037415992596516075,0.04106648455627736
u,7.6000000000000005,0.03410805646491817,0.036291240908571616,0.03983458290790938
u,7.625,0.03307588190014538,0.035197025622103785,0.03863518736095701
u,7.65,0.03207740043949289,0.03413213599043418,0.03746765558635798
u,7.675000000000001,0.031099236301697215,0.03309696778266558,0.036330927503288736
u,7.7,0.03014848896250897,0.032089937446961155,0.035222228878721375
u,7.7250000000000005,0.02922320089960437,0.03111037233476444,0.03414505908223358
u,7.75,0.028324167108561518,0.03015797091677819,0.033100928024183615
u,7.775,0.027449886481914362,0.02922945977542253,0.032087543677295285
u,7.800000000000001,0.0266029296070647,0.028327198228796386,0.031102755266975948
u,7.825,0.025781943947131274,0.02745156839615184,0.03014531289900447
u,7.8500000000000005,0.024984421861954292,0.026601551942699652,0.02921454706723185
u,7.875,0.024207242736437727,0.025774715902210303,0.028309030830738127
u,7.9,0.023449346904663635,0.024971765724462098,0.02742795419243048
u,7.925000000000001,0.022712734133455058,0.024189675289624946,0.026571796788185213
u,7.95,0.02199723173120844,0.023429346897692608,0.025739656474046416
u,7.9750000000000005,0.02130196498198238,0.02269080340005381,0.024931222259322275
u,8.0,0.020626774461198937,0.02197316219896232,0.024145430239343332
d,0.0,3.893475069973773,3.893475069973773,3.893475069973773
d,0.025,3.8934708042290826,3.89347390658886,3.8934744838145914
d,0.05,3.893458175845911,3.8934699929226366,3.893472072853353
d,0.07500000000000001,3.8934374463891954,3.893462837634688,3.893467810462914
d,0.1,3.8934218227992448,3.8934651496418105,3.8934741095818
d,0.125,3.893823984076004,3.893889906049705,3.8939043498029067
d,0.15000000000000002,3.9013039790560065,3.901395666135014,3.9014172367824367
d,0.17500000000000002,3.9489783739957844,3.9491000756646537,3.949131024948844
d,0.2,3.99078877065307,3.990943329929879,3.990985540062023
d,0.225,4.025358315350909,4.02554915794364,4.025603942082816
d,0.25,4.050148670102481,4.0503784780366665,4.050450044587109
d,0.275,4.06830394624905,4.068574892554755,4.068663799249078
d,0.30000000000000004,4.081581553633739,4.081896502592484,4.082006270862199
d,0.325,4.090520774059739,4.090879027553796,4.0910147255668905
d,0.35000000000000003,4.095857147360094,4.096263159837904,4.096426293145006
d,0.375,4.098144813564401,4.098600226286612,4.098798473966327
d,0.4,4.097834997689971,4.098346565377057,4.0985762638011884
d,0.42500000000000004,4.095287998898127,4.095854914349313,4.096127104352519
d,0.45,4.090805742184446,4.091443189382537,4.0917643784419795
d,0.47500000000000003,4.08463168211851,4.085356686721795,4.085733420257478
d,0.5,4.076974412139807,4.077827226998603,4.0782650453553
d,0.525,4.068002484064947,4.069018957838177,4.069530298502511
d,0.55,4.057862030710813,4.059104266424479,4.059707516998639
d,0.5750000000000001,4.04669496300788,4.048207628311867,4.0489177767020115
d,0.6000000000000001,4.0346228686216214,4.036471587608978,4.037290375798592
d,0.625,4.02174094426792,4.0239829620079215,4.024933946018534
d,0.65,4.008136578768051,4.010834542935009,4.011921891600726
d,0.675,3.99390401113748,3.9971258680286517,3.998380772192081
d,0.7000000000000001,3.9791053196028057,3.9829303817667503,3.9843673672872635
d,0.7250000000000001,3.9637958093967227,3.9682951580948207,3.969954537901803
d,0.75,3.948126396961548,3.9534061492773054,3.9552895129130614
d,0.775,3.93145384360016,3.937590457388208,3.939723326262214
d,0.8,3.9031127574735787,3.9091899363176017,3.911600869933295
d,0.8250000000000001,3.8624067469968075,3.868126223589886,3.8708050308433037
d,0.8500000000000001,3.8132987791741084,3.818561354535074,3.821573692406307
d,0.875,3.7590658888617847,3.7639613276368946,3.767319001472515
d,0.9,3.702316570067195,3.707105862275636,3.7107920935669996
d,0.925,3.6451150485549215,3.650058468382269,3.654095882663882
d,0.9500000000000001,3.5889404859252987,3.5943243548519574,3.5987988912374367
d,0.9750000000000001,3.5348700595037603,3.540892284773548,3.5457900462467697
d,1.0,3.4836179158442797,3.4903431990929827,3.4957344197272593
d,1.0250000000000001,3.4354212959800186,3.442937424505102,3.4487763976316255
d,1.05,3.3902443108154463,3.3987860470987075,3.404969683294549
d,1.075,3.3478845565935593,3.3576011256735203,3.364134772474813
d,1.1,3.3082014656333656,3.3188133824868418,3.325903432426565
d,1.125,3.2705355299225554,3.2822382652344304,3.2899758622523865
d,1.1500000000000001,3.2351272212530384,3.247494314934855,3.2559280927433214
d,1.175,3.2017576252157505,3.21417526011838,3.2234135027513857
d,1.2000000000000002,3.1686209169195068,3.1819947188642552,3.1920530212296367
d,1.225,3.137023806400001,3.1503971850087393,3.16152890778307
d,1.25,3.1055270184064128,3.1192088871714,3.1315035396569693
d,1.2750000000000001,3.074381398262645,3.0880758966583794,3.1014309743297366
d,1.3,3.042739797199904,3.0567328391258224,3.071307322752423
d,1.3250000000000002,3.0100957579924112,3.024943757731972,3.0408420415199373
d,1.35,2.9772470656828287,2.9925817800359176,3.0096726438785253
d,1.375,2.9434586835524565,2.95932562978483,2.9776395843019676
d,1.4000000000000001,2.908491183691197,2.9249640031948143,2.944658992731258
d,1.425,2.8723181272770226,2.8897146678605647,2.9106718448206084
d,1.4500000000000002,2.8345900455326936,2.853364854535663,2.8755572888504384
d,1.475,2.795641914525191,2.81578606414859,2.839236027158667
d,1.5,2.755058925261509,2.776855518072614,2.8016150189782882
d,1.5250000000000001,2.713578084080025,2.73657204486294,2.7630027652024394
d,1.55,2.670688539078527,2.6950479270952292,2.7229181364606743
d,1.5750000000000002,2.6264709993480464,2.6523095211476284,2.68121655984847
d,1.6,2.581075264256124,2.6082591352411035,2.6380159615780157
d,1.625,2.534737509713821,2.563290210985873,2.5927808633388185
d,1.6500000000000001,2.4874147085537173,2.51729844428517,2.5462828538519546
d,1.675,2.4396063826362395,2.470085182804888,2.499593912946311
d,1.7000000000000002,2.391154917191921,2.421982106307906,2.4510745956592235
d,1.725,2.3420468754061314,2.3730740452652914,2.401233350958443
d,1.75,2.291947862026734,2.323261519537733,2.3518339206853143
d,1.7750000000000001,2.242188131885296,2.273293149229571,2.302144080473539
d,1.8,2.19292708893315,2.2224204419611207,2.2523193928758856
d,1.8250000000000002,2.144309847968997,2.1709544229996793,2.202199826453621
d,1.85,2.0942267442261158,2.11938904544072,2.151857987557669
d,1.875,2.0442808198371534,2.0689318521076476,2.102294335623055
d,1.9000000000000001,1.992976481091322,2.0188939894364095,2.053877578458393
d,1.925,1.9414641677233246,1.9698047064035795,2.0063185542998316
d,1.9500000000000002,1.8906638185439761,1.9214837834425,1.959406315876712
d,1.975,1.8398249294477693,1.8739124968392646,1.9132870777053457
d,2.0,1.7903205153492143,1.8274734571693254,1.8678558284522113
d,2.025,1.7425135055158694,1.7821969953705221,1.8232876434508123
d,2.0500000000000003,1.6958170160505026,1.7375977452914273,1.7803131554643417
d,2.075,1.6504379607672877,1.6939902268791012,1.7380433346594613
d,2.1,1.6069598821832378,1.6514303693638104,1.6972341169348935
d,2.125,1.5640824986646218,1.6101975907244939,1.659981151566128
d,2.15,1.5237779770293418,1.5703898849527458,1.6229562520594116
d,2.1750000000000003,1.4842337255292326,1.53218822500218,1.58680373906126
d,2.2,1.4468529553769105,1.4953363624760168,1.5526581559240487
d,2.225,1.4113276971797002,1.459932943950397,1.5201201258264119
d,2.25,1.3772051260734026,1.4261132751326202,1.4881708621027383
d,2.275,1.3443710006881033,1.3948538930793946,1.4571778306743184
d,2.3000000000000003,1.3135409123249804,1.364197616516806,1.4272758148359532
d,2.325,1.2842599472794047,1.334802256685665,1.4003214862276598
d,2.35,1.25579218250178,1.3071095286977137,1.3750090593711173
d,2.375,1.2292408968891024,1.2812692242838124,1.3508343545065429
d,2.4000000000000004,1.2044174996268806,1.2563999319340573,1.3281476847454332
d,2.4250000000000003,1.1810633299657105,1.233073429974968,1.3073621102136903
d,2.45,1.1590467302533114,1.2109923894228323,1.2878441605349034
d,2.475,1.1384578856317895,1.1899107909666513,1.2685396692871134
d,2.5,1.1191250169350095,1.170408963323821,1.2498891472190121
d,2.5250000000000004,1.1010088667654119,1.1520466848688757,1.2331954061771047
d,2.5500000000000003,1.0840204330686747,1.1347467680122532,1.2170793908624196
d,2.575,1.0679253831455713,1.1188954069648447,1.2013279154635703
d,2.6,1.0528458517334482,1.1041435532050092,1.1870252699990305
d,2.625,1.0389250625455764,1.090225894999736,1.1729060359174541
d,2.6500000000000004,1.0256975311226322,1.07693025365185,1.1598025694068759
d,2.6750000000000003,1.0136753864286656,1.0649071750978079,1.1478892533232314
d,2.7,1.0024307189781663,1.0538197077614677,1.1365188103760182
d,2.725,0.9917803448090668,1.0435699640881222,1.1267652513613644
d,2.75,0.9820015822326773,1.0338184612043841,1.1174469000093823
d,2.7750000000000004,0.9730540332605238,1.0248390933027889,1.1085498251643529
d,2.8000000000000003,0.9647849606950608,1.0166713572046917,1.1001389889466409
d,2.825,0.9571308493351979,1.0090361092769211,1.0920844306048525
d,2.85,0.950068016187762,1.0022725357402211,1.084469145281237
d,2.875,0.9433779238423117,0.9955518416815959,1.0779792324265138
d,2.9000000000000004,0.9372399419281678,0.9896042212684925,1.071982505549494
d,2.9250000000000003,0.9315575608173619,0.9837720076852127,1.066217372552347
d,2.95,0.9261246548380474,0.9783748652139335,1.0609874454481618
d,2.975,0.9210320557483913,0.9732056382723492,1.0557221948008635
d,3.0,0.9162491387943372,0.9684918445298932,1.0504528212018125
d,3.0250000000000004,0.9116560926567222,0.9639023947117098,1.045497074483702
d,3.0500000000000003,0.907339129412208,0.9595528610550377,1.040926664741203
d,3.075,0.9030992860876507,0.9554358313226949,1.0365108363648528
d,3.1,0.8989442978199859,0.9512568462262656,1.0320869897623468
d,3.125,0.8948521319983803,0.9471506712742483,1.0277867486560075
d,3.1500000000000004,0.8908044162662816,0.9432726899522337,1.0236068299022734
d,3.1750000000000003,0.8867845493166807,0.9392662661957855,1.0193375125803303
d,3.2,0.8827425825541554,0.935062363870482,1.0148722641637318
d,3.225,0.8786455864501278,0.9307141440655021,1.0102781639269527
d,3.25,0.8743816513558724,0.9262702908777406,1.0055824357378795
d,3.2750000000000004,0.869908722072925,0.9217997295470544,1.000792539439988
d,3.3000000000000003,0.8653276542303262,0.9171414026253687,0.9959042050559549
d,3.325,0.8606107821102233,0.9123152580295664,0.9908138723429806
d,3.35,0.8557405805889493,0.9073510255369218,0.9854897885951358
d,3.375,0.8506933958524352,0.9022426752902089,0.9799309338357193
d,3.4000000000000004,0.8454567021092234,0.8969031923442169,0.9741142346931301
d,3.4250000000000003,0.8400109450714284,0.8913195982357909,0.9680334564708145
d,3.45,0.8343389464738595,0.8854226170559111,0.9616910426388079
d,3.475,0.8284784159890487,0.879267144112646,0.9551088218812865
d,3.5,0.8223915309310739,0.8727997709753711,0.9482337313887934
d,3.5250000000000004,0.8161145492580512,0.8660558903727785,0.9410669512903751
d,3.5500000000000003,0.809611124403319,0.8591541964554893,0.9336070463436846
d,3.575,0.8028565894531295,0.8519290896397175,0.9258585025819668
d,3.6,0.7958995231743257,0.8444294090315188,0.9178375585438233
d,3.625,0.7887160408052841,0.8367000746602786,0.9095490409970659
d,3.6500000000000004,0.7813128204241033,0.82875564616567,0.9010008789666021
d,3.6750000000000003,0.7736930885663658,0.8205595026129425,0.8922033600214758
d,3.7,0.7657693273788846,0.8121139541166598,0.8831564027405626
d,3.725,0.7576218120357829,0.8034869747352659,0.8738268491671503
d,3.75,0.7493158663519788,0.7946797231586143,0.8642616521058661
d,3.7750000000000004,0.7408033250136585,0.7857398048362778,0.8544987325045745
d,3.8000000000000003,0.7321307977485696,0.7765722632045305,0.8445476667684575
d,3.825,0.7233188297458825,0.7672533367355612,0.8344134827250436
d,3.85,0.7143768563121001,0.7577964892163211,0.8241253082540907
d,3.875,0.7053243438194879,0.7482403091790252,0.8137072452154687
d,3.9000000000000004,0.6961718170943948,0.7386127648338662,0.8031715548094026
d,3.9250000000000003,0.6869372766783008,0.7289021726835666,0.7925511561971235
d,3.95,0.6776316275279217,0.7190926743267655,0.7819155731498998
d,3.975,0.6682432333054061,0.7092035264049477,0.7711524782042206
d,4.0,0.6588516734695156,0.6992658495275544,0.7603096435088587
d,4.025,0.6494303238590808,0.6892963878662047,0.7494291309039389
d,4.05,0.6399747575795274,0.6793138306219623,0.7385252734910142
d,4.075,0.6305111306250147,0.6693032094738299,0.7276300125395012
d,4.1000000000000005,0.6210235909055388,0.65929201709703,0.7167386923960278
d,4.125,0.6115407348972924,0.6492923991199793,0.7058533041511923
d,4.15,0.6020459322419809,0.6392751012384303,0.6949562040823763
d,4.175,0.5925770782289341,0.6292705502166599,0.6840880153592113
d,4.2,0.5831729799310056,0.6193174406342804,0.6732628755819667
d,4.2250000000000005,0.5738482632413305,0.6094214807906825,0.6625009095362288
d,4.25,0.5645728894802281,0.5995502668923482,0.6518174924178648
d,4.275,0.5553599602884557,0.589719111653599,0.6411964981605602
d,4.3,0.5462099926353691,0.5799544104199509,0.6306454637446933
d,4.325,0.5370971692519945,0.5702773092230973,0.6201588670722487
d,4.3500000000000005,0.5280851876780153,0.5606776063397755,0.6097514162939643
d,4.375,0.5191546367808644,0.5511558286900152,0.5994279350667838
d,4.4,0.5102862449578689,0.5417180286364749,0.5891944672039278
d,4.425,0.5014954199577595,0.5323652477923954,0.5790527572570852
d,4.45,0.49278811080009277,0.5231028530408715,0.5689638931708523
d,4.4750000000000005,0.48416694706029706,0.5139665699335052,0.5589955692473271
d,4.5,0.4756339385926136,0.5049235145319962,0.5491927054737148
d,4.525,0.46719107637611246,0.4959366756437219,0.5394925099961203
d,4.55,0.45882743647383,0.4870210422009326,0.5298965586503182
d,4.575,0.45050716072179486,0.47821526274838944,0.5204037477162262
d,4.6000000000000005,0.4422893166865001,0.46951727441152075,0.5110168367131082
d,4.625,0.4341689646246281,0.46094012587951166,0.5017279730981816
d,4.65,0.42614806390627963,0.45247175303408527,0.4925157548975976
d,4.675,0.4182523884634946,0.4441585684575255,0.4834093077402936
d,4.7,0.41047455083191253,0.4359420048483702,0.47440833159993834
d,4.7250000000000005,0.4027957886261633,0.4278292649785104,0.46552003219761695
d,4.75,0.39522167864646623,0.4198003006808477,0.45675268934446567
d,4.775,0.3877543440939662,0.41188409475445004,0.4481037010628095
d,4.800000000000001,0.3803870786339797,0.4040632732126228,0.43957175550397076
d,4.825,0.373123171638378,0.3963222796724013,0.43119601567617416
d,4.8500000000000005,0.3659578830783461,0.3886892814856116,0.4229475832917701
d,4.875,0.35887233464399737,0.38118588461809416,0.4148128102633073
d,4.9,0.35190982205295007,0.37378160033529595,0.4067909380154258
d,4.925000000000001,0.3450399068417206,0.366486801183121,0.3988822234657853
d,4.95,0.338261743233257,0.3592863103303424,0.3910859105921786
d,4.9750000000000005,0.3315873029189112,0.35219046945794125,0.3833988726159477
d,5.0,0.32501231979135886,0.34519857943647686,0.3758020471733383
d,5.025,0.3185352499026316,0.3383104582559499,0.3683172719797521
d,5.050000000000001,0.31215431949453787,0.3315251786489778,0.36094155051365145
d,5.075,0.30586383858423016,0.32485538740579956,0.3536744308586232
d,5.1000000000000005,0.2996648082827098,0.3183034219778657,0.3465186374464138
d,5.125,0.29356156310580345,0.311852145187838,0.3394724274494496
d,5.15,0.2875528372214997,0.30549985970214405,0.3325358113708948
d,5.175000000000001,0.28164848441178664,0.2992468881052726,0.3257072729402562
d,5.2,0.27584104132337767,0.2930916516117533,0.3189869808866059
d,5.2250000000000005,0.27011763029016034,0.2870278721564561,0.31237332383096056
d,5.25,0.2644776565294382,0.2810498192895347,0.30586649200380384
d,5.275,0.258915165002013,0.2751539360136094,0.299474486047573
d,5.300000000000001,0.2534436840354887,0.2693485512713165,0.29318656510848373
d,5.325,0.24806928002577006,0.2636332677765458,0.287006387673719
d,5.3500000000000005,0.2427853057917286,0.2580139895604169,0.28091155871131196
d,5.375,0.23759020714301193,0.2524965882492667,0.27493408550306286
d,5.4,0.2324824527252859,0.24708766050916559,0.2690662594191393
d,5.425000000000001,0.22746790241008202,0.24177039801300743,0.2632973122329946
d,5.45,0.2225396438288965,0.2365240029216069,0.2576262365120301
d,5.4750000000000005,0.2176963626487349,0.23136909171028136,0.2520521224792524
d,5.5,0.21293694194254872,0.22632874662893793,0.2465738881481877
d,5.525,0.2082501356795053,0.22137997843804533,0.2411905527184699
d,5.550000000000001,0.20363726131741777,0.21650387387365913,0.23589943606752017
d,5.575,0.19910390717034487,0.211703341155098,0.2306957046022614
d,5.6000000000000005,0.19465170051656847,0.20698824436322744,0.22558597665063232
d,5.625,0.19028024652815456,0.2023581844614582,0.22056742597744197
d,5.65,0.1859968759995257,0.19780701442557447,0.2156389154588087
d,5.675000000000001,0.18179573036235866,0.19333314694490913,0.21079958063728058
d,5.7,0.17765491731181748,0.18895379654790673,0.20604640359895782
d,5.7250000000000005,0.17360758984822988,0.18466600691087826,0.20137845560499495
d,5.75,0.16964193177401937,0.18045434863753898,0.19679666495223733
d,5.775,0.16575305060759393,0.17630124632444494,0.19229992968397874
d,5.800000000000001,0.1619409621300509,0.1722265717644835,0.18788723661228954
d,5.825,0.15820071789854231,0.16824400657121016,0.1835574694512588
d,5.8500000000000005,0.15452563672019742,0.16433517002570383,0.17930516125481694
d,5.875,0.15089656418676678,0.16049791452032805,0.17512624597924623
d,5.9,0.1473523729861426,0.1567345910864035,0.1710277321750878
d,5.925000000000001,0.1438831546107211,0.15305028350671668,0.16701450332407594
d,5.95,0.14048157340932033,0.1494376770469517,0.16308067153281894
d,5.9750000000000005,0.13714795565238153,0.14589262991308438,0.1592278603134133
d,6.0,0.13388137814623396,0.14241764242090157,0.15545064642485892
d,6.025,0.13067462119465956,0.1390177484984844,0.15174789955134188
d,6.050000000000001,0.12752550872004675,0.1356708209739619,0.1481184937417945
d,6.075,0.124439939503015,0.13239196647978244,0.14456158965291196
d,6.1000000000000005,0.12141679084638055,0.12918203357667984,0.1410755533498825
d,6.125,0.11845537638416406,0.12604419910485568,0.13765842207437906
d,6.15,0.11555447803243589,0.12297034616595766,0.1343106626231815
d,6.175000000000001,0.11271351676810622,0.119959445940113,0.13103123809547182
d,6.2,0.10993185112681958,0.11700692091936338,0.12781916848102517
d,6.2250000000000005,0.10721822090247315,0.11411886282398193,0.12467454463155095
d,6.25,0.10456670726403468,0.11130052543681446,0.12160086741354437
d,6.275,0.10197063213646061,0.10853550918556233,0.1185970465993369
d,6.300000000000001,0.09942805209231347,0.10582243482570965,0.11565592680391329
d,6.325,0.09693666447488992,0.10317422289347761,0.11277652452091257
d,6.3500000000000005,0.09449966215290528,0.10058480565266731,0.10995674438864014
d,6.375,0.09211412674057887,0.09805205982895851,0.10719551621139495
d,6.4,0.08977307446154167,0.09556507646017745,0.10447287964705311
d,6.425000000000001,0.08748306039944799,0.09312920792398693,0.10180664451207204
d,6.45,0.08523454360793967,0.09074534280289369,0.09919839021034547
d,6.4750000000000005,0.08303168265777895,0.08841675721470689,0.09664868282833024
d,6.5,0.08087864144498265,0.08613258130942326,0.09416879388773726
d,6.525,0.07878281624800104,0.08390180492802458,0.09174339136032716
d,6.550000000000001,0.07673565119859146,0.08171801161534104,0.08937157016889909
d,6.575,0.07473681854815536,0.07959042353818414,0.0870523718854436
d,6.6000000000000005,0.07278315108452836,0.07751084249765601,0.08478194927975288
d,6.625,0.07087339283155926,0.07547804941533222,0.08256268176445024
d,6.65,0.0690069193854389,0.07348557133236781,0.08039280874625161
d,6.675000000000001,0.06718278058575212,0.07153701615407881,0.07827059130574869
d,6.7,0.06539774307976973,0.06963343298086294,0.0761965379248187
d,6.7250000000000005,0.06365149879671607,0.06777828949503445,0.07417029318147154
d,6.75,0.061945628549193686,0.06597177298185171,0.07218966836546645
d,6.775,0.06027948369449737,0.06420670916596857,0.07025217835678912
d,6.800000000000001,0.05865223943266106,0.0624800376887999,0.06835938342431531
d,6.825,0.05706324275190768,0.060790334752076215,0.06651139638009963
d,6.8500000000000005,0.05551251159539634,0.05913946268647939,0.06470518652514197
d,6.875,0.053999712134542466,0.05752580975891886,0.06294433034324869
d,6.9,0.052524424786532395,0.05595234376156466,0.061228265402718744
d,6.925000000000001,0.05108639840679208,0.054418385201041385,0.05955526925052509
d,6.95,0.049682854973224735,0.052921492198301,0.05792204237006028
d,6.9750000000000005,0.048311597148140636,0.05146035785983209,0.056328447270534966
d,7.0,0.046968456589912964,0.05003484090216564,0.054771382822864624
d,7.025,0.04565839317519286,0.04864413806790084,0.053253512273489984
d,7.050000000000001,0.044381069481351024,0.04728581330530581,0.05177055443664418
d,7.075,0.04313622472571315,0.04596064819574727,0.05032352564936396
d,7.1000000000000005,0.0419229214311454,0.04466833588697475,0.048911857634402506
d,7.125,0.040742535105922455,0.04340703311969802,0.047535130757482176
d,7.15,0.0395917542085487,0.04217410092718368,0.046192446058955526
d,7.175000000000001,0.038469300388211655,0.04097218499555222,0.044883307128560944
d,7.2,0.0373752724164389,0.03980048052921347,0.04360686461539592
d,7.2250000000000005,0.036308409605739986,0.03865849949095075,0.042362567719446215
d,7.25,0.03526835271438856,0.03754543431513633,0.04114952242165652
d,7.275,0.034252659167401237,0.036460874729946094,0.03996678706667966
d,7.300000000000001,0.03326291237029181,0.03540403815601639,0.03881395553201105
d,7.325,0.032298498167170855,0.034374447922646115,0.03769081906231348
d,7.3500000000000005,0.0313589045448907,0.033371394534811576,0.03659630592528666
d,7.375,0.0304435748800408,0.03239446790746089,0.035530265195706026
d,7.4,0.029551580752079108,0.03144291829163541,0.034491605251878214
d,7.425000000000001,0.028682692390724643,0.03051633934627812,0.0334802060100831
d,7.45,0.027836265346475382,0.029616078406608962,0.03249498424564296
d,7.4750000000000005,0.02701332784470785,0.028740495656316607,0.031536328180535485
d,7.5,0.026212039709257656,0.027887906720510055,0.030602780921475604
d,7.525,0.025432189019144503,0.0270581047325394,0.029694130860758866
d,7.550000000000001,0.02467286038413196,0.026250153910284017,0.02880937142542046
d,7.575,0.023934011473360238,0.025463976964731228,0.027948370314273246
d,7.6000000000000005,0.023212886842175314,0.024698694557377433,0.027110183378452717
d,7.625,0.02251058607801519,0.02395418139865201,0.0262941049721563
d,7.65,0.021831204300861815,0.023229614115318466,0.02549969862186995
d,7.675000000000001,0.021165638830017618,0.022525262667572276,0.024726243513966847
d,7.7,0.02051872194215208,0.021840049908771732,0.023971852169574814
d,7.7250000000000005,0.019889121907995026,0.021173518605815102,0.02323890681843242
d,7.75,0.01927738031010397,0.02052546408568741,0.022528435723947138
d,7.775,0.018682476002186855,0.019893658983653972,0.021838879556575277
d,7.800000000000001,0.018106159027595044,0.01927970954750001,0.02116877507019696
d,7.825,0.01754750934189464,0.01868387635427828,0.020517272118593534
d,7.8500000000000005,0.01700482068384835,0.01810546680635907,0.019883915544774842
d,7.875,0.016475969534093,0.017542825450149208,0.019267734643932343
d,7.9,0.015960235044801596,0.016996432867256963,0.018668178584631722
d,7.925000000000001,0.015458978685476346,0.01646422982427704,0.018085574276075822
d,7.95,0.014972083303566284,0.015946830846116436,0.01751930814038986
d,7.9750000000000005,0.014498953911341818,0.015444251879437746,0.016969168938033508
d,8.0,0.014039482357728877,0.014955892576231493,0.016434432950372706
s,0.0,0.8244619826240703,0.8244619826240703,0.8244619826240703
s,0.025,0.8244610793322128,0.8244617362717456,0.824461858502057
s,0.05,0.8244584051641055,0.8244609074866657,0.8244613479219507
s,0.07500000000000001,0.8244539847787157,0.8244593614962854,0.8244604145164258
s,0.1,0.8244476767992862,0.8244568514318644,0.8244587487350709
s,0.125,0.824432946039396,0.8244469035904332,0.8244499617425357
s,0.15000000000000002,0.8248409714692665,0.8248603565927344,0.8248649172098692
s,0.17500000000000002,0.8320326660314931,0.8320583080468246,0.8320648289271632
s,0.2,0.8370853424247892,0.8371177619068986,0.8371266156661302
s,0.225,0.8408089932583049,0.840848856086827,0.8408602992909591
s,0.25,0.8425836486267324,0.8426314573427675,0.8426463458839306
s,0.275,0.8429600323451656,0.8430161729161845,0.8430345945461593
s,0.30000000000000004,0.8423254002996973,0.8423903970428133,0.8424130501738395
s,0.325,0.8408879362647773,0.8409615823988315,0.840989477825475
s,0.35000000000000003,0.8387887794221475,0.838871926538475,0.838905334536514
s,0.375,0.8361415226237184,0.8362344401520865,0.8362748884828105
s,0.4,0.8330379765393223,0.8331419717736726,0.8331886665553219
s,0.42500000000000004,0.8295501470803371,0.8296649826660248,0.8297201180453324
s,0.45,0.825743614011984,0.825872284984469,0.8259371181326163
s,0.47500000000000003,0.8216631669993907,0.821809008687157,0.8218847922814035
s,0.5,0.8173550995063793,0.8175260725131505,0.8176138466883913
s,0.525,0.8128489629745809,0.8130520699430984,0.8131542436095008
s,0.55,0.8081782455904192,0.8084256536767669,0.8085457992083266
s,0.5750000000000001,0.8033666818237543,0.803666982418952,0.8038079640251782
s,0.6000000000000001,0.7984421279415952,0.7988079849672198,0.7989700211737594
s,0.625,0.7934199115094527,0.793862222822271,0.7940498355153816
s,0.65,0.7883171512526927,0.7888477847240033,0.7890616436047403
s,0.675,0.7831528863212364,0.7837846507593897,0.784030721224505
s,0.7000000000000001,0.7779313367117171,0.7786791519825378,0.7789600885190253
s,0.7250000000000001,0.7726379390143575,0.7735149689301679,0.7738384214629824
s,0.75,0.7673561375602095,0.7683823079349502,0.7687483576759786
s,0.775,0.7620261380522874,0.7632155861016996,0.7636289959738966
s,0.8,0.7547183679539002,0.7558934706946917,0.7563596565306497
s,0.8250000000000001,0.7452807901991564,0.7463844067558874,0.7469013030118735
s,0.8500000000000001,0.7344263670228389,0.7354399183670572,0.7360200828092187
s,0.875,0.7227396598289656,0.7236808850853571,0.7243264507970313
s,0.9,0.7106823673989306,0.7116017014052062,0.7123092961047266
s,0.925,0.6986183403538077,0.6995657902173785,0.7003395961541374
s,0.9500000000000001,0.6868060377471121,0.687836334487827,0.6886926146679297
s,0.9750000000000001,0.6754333275084312,0.6765840378837791,0.6775198887845235
s,1.0,0.6646241695828511,0.665907256850846,0.6669358241689772
s,1.0250000000000001,0.6544160150863922,0.6558477681246638,0.6569600385556958
s,1.05,0.6447978824839896,0.6464224537429437,0.6475985328568914
s,1.075,0.6357297926524054,0.6375748719381683,0.6388155461179482
s,1.1,0.627185315002206,0.629197175066856,0.6305413420563883
s,1.125,0.6190407783133899,0.6212558499154496,0.6227204076419893
s,1.1500000000000001,0.6113436509292385,0.6136806669677909,0.6152744022875897
s,1.175,0.6040543265568686,0.6063970791841952,0.6081399970079242
s,1.2000000000000002,0.5968342275338635,0.5993532864437707,0.6012478453954238
s,1.225,0.5899318460886243,0.5924467718328917,0.5945401438222946
s,1.25,0.5830780167635017,0.5856468551145526,0.5879552367662315
s,1.2750000000000001,0.5763216182786322,0.5788887804015242,0.581392314927248
s,1.3,0.5695052407986761,0.5721242983726625,0.5748521835552608
s,1.3250000000000002,0.562535680898165,0.5653105194132826,0.5682816381466415
s,1.35,0.5555632759793309,0.5584247798969626,0.5616139866024324
s,1.375,0.5484515149454325,0.5514079861020789,0.5548204057007271
s,1.4000000000000001,0.5411566046189228,0.5442215529058778,0.5478860211790877
s,1.425,0.5336743135184866,0.5369065762561519,0.54080040226422
s,1.4500000000000002,0.5259402759023698,0.5294238231061702,0.5335414890963027
s,1.475,0.5180171056652915,0.5217497060494054,0.5260948555134065
s,1.5,0.5098281723013423,0.5138616675465402,0.5184434537936837
s,1.5250000000000001,0.501509980915446,0.5057596101783972,0.5106444042187125
s,1.55,0.4929679005461714,0.49746426775390523,0.5026086784171592
s,1.5750000000000002,0.48421674525330466,0.48898034056086975,0.494309648289037
s,1.6,0.4752839055372738,0.4802895931079872,0.48576906936877645
s,1.625,0.4662124734726999,0.47146415157875887,0.476888346362282
s,1.6500000000000001,0.45699400869516704,0.46248432285136337,0.4678094105707687
s,1.675,0.4477196512156778,0.4533131592004511,0.4587286387059846
s,1.7000000000000002,0.4383596627396604,0.44401107249439287,0.44934446755324475
s,1.725,0.4289108340916691,0.43459299589788336,0.4397499513026284
s,1.75,0.4193112513646287,0.42504007667225563,0.4302673898577703
s,1.7750000000000001,0.40980349683630185,0.41548854382034767,0.4207616127223851
s,1.8,0.40041543003357305,0.4058007406968529,0.4112601111193837
s,1.8250000000000002,0.3911722364802955,0.3960328297451592,0.4017327216522844
s,1.85,0.3816881014817472,0.3862741144366449,0.3921918159978092
s,1.875,0.37225469185971405,0.3767435381732101,0.38281870206468177
s,1.9000000000000001,0.3625988993003744,0.36731428861264115,0.3736791458968586
s,1.925,0.35292957763634225,0.3580814699620904,0.3647191494671485
s,1.9500000000000002,0.3434130267597326,0.3490110486431691,0.3558991540365733
s,1.975,0.33391186961291575,0.3400984600738173,0.34724459648157013
s,2.0,0.3246743012418349,0.331411980512728,0.33873531623186426
s,2.025,0.31576475101946333,0.32295588454805435,0.3304020123509261
s,2.0500000000000003,0.30707552182072256,0.3146411017814588,0.3223759320989318
s,2.075,0.29864292259427244,0.306523604174808,0.3144949118941063
s,2.1,0.29057130837080053,0.29861248462368256,0.30689474170276615
s,2.125,0.28262439548502655,0.2909572360016139,0.29995295636800856
s,2.15,0.27515751348657586,0.283574498688103,0.2930667154573012
s,2.1750000000000003,0.26784210634307026,0.2764958877027965,0.28635170358474427
s,2.2,0.2609304659227141,0.26967413123913525,0.2800117417173363
s,2.225,0.2543658802253975,0.2631260826951055,0.27397371611629623
s,2.25,0.24806573462729414,0.2568751964103963,0.2680531688195108
s,2.275,0.24200860487683326,0.2510963450553334,0.2623156656000776
s,2.3000000000000003,0.23632244931438248,0.24543622437572946,0.25678478168768565
s,2.325,0.23092450103899945,0.2400125813810862,0.25179368179031136
s,2.35,0.22568171528904193,0.23490409051557629,0.24710649371828372
s,2.375,0.2207917163890571,0.23013685267227185,0.24263188480273196
s,2.4000000000000004,0.21621981742794152,0.2255518240007454,0.2384321466617385
s,2.4250000000000003,0.21191886491298056,0.2212510667334303,0.23458072687327267
s,2.45,0.20786460758096653,0.21718059439751816,0.2309632684063751
s,2.475,0.20407263422205923,0.2132957509157755,0.22739025764043813
s,2.5,0.20051159213647268,0.20970004345858204,0.22394036332898473
s,2.5250000000000004,0.19717394346908138,0.2063140404885378,0.22084654233370787
s,2.5500000000000003,0.1940432804656839,0.20312346395501987,0.21786127861222582
s,2.575,0.19107724092436087,0.2001969899957322,0.2149461255954648
s,2.6,0.18829730673003875,0.19747169727603664,0.21229476375227438
s,2.625,0.1857287078344602,0.19489976132622755,0.20968049603927158
s,2.6500000000000004,0.1832878737322654,0.19244294771164575,0.2072518851275159
s,2.6750000000000003,0.18106600995523175,0.1902171994596679,0.20503972943645518
s,2.7,0.17898634180085682,0.18816196554924347,0.20292808311423646
s,2.725,0.17701590812347948,0.18625947353192296,0.20110841604761873
s,2.75,0.17520396892039053,0.18444888564676648,0.19936946689464885
s,2.7750000000000004,0.17354305502965395,0.18277886025468879,0.19770857191452879
s,2.8000000000000003,0.1720056902726712,0.18125620288531696,0.19613714340376773
s,2.825,0.17058034839390723,0.17983093030805747,0.1946318445148113
s,2.85,0.16926262362348896,0.17856329872663507,0.19320731741457528
s,2.875,0.16801342022820984,0.17730547398666624,0.1919856011017201
s,2.9000000000000004,0.1668645440053884,0.17618738781880722,0.19085387206425686
s,2.9250000000000003,0.16579866294817824,0.1750917929075041,0.1897654232189278
s,2.95,0.16477896987050786,0.1740754892928975,0.18877417569351096
s,2.975,0.16382152769655256,0.17310150437177466,0.1877785053147831
s,3.0,0.16292078645428254,0.17221020605050322,0.18678391336718478
s,3.0250000000000004,0.16205535290971623,0.17134261922203248,0.18584683274346225
s,3.0500000000000003,0.16124047427392108,0.17051921755831473,0.18497990846704926
s,3.075,0.1604407197557412,0.16973860440297195,0.18414203973234244
s,3.1,0.15965741233173011,0.16894840636915767,0.18330428090628867
s,3.125,0.158886589746776,0.16817252231277846,0.18248996190710914
s,3.1500000000000004,0.15812494543905953,0.16743848583286106,0.18169844151397055
s,3.1750000000000003,0.15736949213636459,0.16668293939711495,0.18089244652933908
s,3.2,0.15661133071276487,0.16589361836546013,0.18005305163173976
s,3.225,0.15584459098752565,0.1650799450256228,0.17919214489761856
s,3.25,0.1550494044266367,0.1642505383272607,0.17831453521614174
s,3.2750000000000004,0.15421830658981106,0.16341759738532122,0.1774215233896841
s,3.3000000000000003,0.15336916960483216,0.16255254832457222,0.17651233054749557
s,3.325,0.15249707507317814,0.16165891862637866,0.1755685852595815
s,3.35,0.1515989060055829,0.16074196544444835,0.1745846547652026
s,3.375,0.15067046301514314,0.15980060771692903,0.17356035469858147
s,3.4000000000000004,0.1497095211271999,0.15881942515604158,0.17249159564916097
s,3.4250000000000003,0.14871261307336184,0.15779611838971025,0.17137727275919257
s,3.45,0.14767669512515993,0.15671842532162522,0.1702178179606506
s,3.475,0.1466084390799517,0.15559606749531293,0.16901709305285995
s,3.5,0.14550114755124902,0.15441959636379982,0.1677657063268514
s,3.5250000000000004,0.14436123263465694,0.15319527874902203,0.16646386858747328
s,3.5500000000000003,0.14318226084751812,0.15194410817389878,0.16511132766015435
s,3.575,0.14195986895614474,0.15063679306357913,0.16370887830415135
s,3.6,0.1407026456759268,0.14928197401529333,0.16225939208103196
s,3.625,0.13940636503854376,0.14788759198656093,0.16076372112355403
s,3.6500000000000004,0.13807220521905766,0.14645621659161634,0.1592232650114469
s,3.6750000000000003,0.1367007336101786,0.1449813726342609,0.15763983890614805
s,3.7,0.13527648675190987,0.1434634669047633,0.15601342485749242
s,3.725,0.13381364818126867,0.1419145035787046,0.15433816279866677
s,3.75,0.13232375101036672,0.140334679328454,0.15262234365573274
s,3.7750000000000004,0.1307982825144758,0.13873239158848222,0.15087265789517634
s,3.8000000000000003,0.12924546676011786,0.13709086537471338,0.14909078777771034
s,3.825,0.12766892192434828,0.13542355364687733,0.14727761174981846
s,3.85,0.1260703033748582,0.13373282245605955,0.14543826092974718
s,3.875,0.1244530355977036,0.13202546977128887,0.14357697652475673
s,3.9000000000000004,0.12281896370210008,0.13030641592567968,0.14169590841583862
s,3.9250000000000003,0.12117125061066937,0.12857358427829776,0.13980084940755258
s,3.95,0.11951180621214323,0.12682416353001627,0.1379040449948556
s,3.975,0.11783856465001791,0.12506153662478695,0.13598566604019574
s,4.0,0.11616554435278165,0.1232911766466616,0.13405412351732074
s,4.025,0.11448803340951355,0.12151601947710558,0.1321168171931723
s,4.05,0.11280523566772005,0.11973934260388318,0.13017625544765127
s,4.075,0.1111217457879254,0.11795849031954078,0.12823804902687247
s,4.1000000000000005,0.10943475379857265,0.1161782911775926,0.12630135712863888
s,4.125,0.10774928321228595,0.11440086752702269,0.12436651106829053
s,4.15,0.10606238768229197,0.1126210476511196,0.12243038345116368
s,4.175,0.10438072737145487,0.11084417564945798,0.12050011256375812
s,4.2,0.10271112002950415,0.10907704946974497,0.1185781687510449
s,4.2250000000000005,0.10105612208277871,0.10732065514111563,0.1166680760099983
s,4.25,0.09941042465514345,0.10556926792702509,0.11477252083174985
s,4.275,0.09777631725472577,0.10382556733522574,0.11288864287984096
s,4.3,0.09615387337785923,0.10209418299982961,0.11101774937264659
s,4.325,0.09453853167705376,0.1003788188602384,0.10915884881904511
s,4.3500000000000005,0.09294148773641843,0.09867766051693422,0.10731451118508342
s,4.375,0.09135930721045932,0.09699078291268451,0.1054855663234945
s,4.4,0.08978858235590166,0.09531923368210468,0.10367305892509278
s,4.425,0.08823200880311759,0.09366317888536027,0.10187727732404812
s,4.45,0.08669061744848408,0.09202354587157023,0.10009135797694499
s,4.4750000000000005,0.08516485527837496,0.09040660212779561,0.09832719281077358
s,4.5,0.0836550605119708,0.08880654582193238,0.09659266356198166
s,4.525,0.0821615683187388,0.08721685220046138,0.09487670668137893
s,4.55,0.08068244311042223,0.08564014356451086,0.09317958245104054
s,4.575,0.0792113663599204,0.08408320150955526,0.09150108035881288
s,4.6000000000000005,0.07775871127254078,0.08254564783963296,0.08984166960909672
s,4.625,0.07632359528675085,0.08102976141896309,0.08819995412591321
s,4.65,0.07490634925355254,0.0795334064162081,0.08657215713022716
s,4.675,0.0735114898726119,0.07806472600657717,0.08496338433552914
s,4.7,0.0721377046434801,0.07661341129115713,0.08337356855864267
s,4.7250000000000005,0.07078168305843964,0.07518071512147667,0.08180396197475555
s,4.75,0.06944439280819419,0.07376310196677385,0.08025600539845228
s,4.775,0.06812619477747878,0.07236565235794563,0.07872922762592234
s,4.800000000000001,0.0668258988789579,0.07098530142867847,0.07722338463452298
s,4.825,0.06554407162985983,0.0696193049959735,0.07574534278825358
s,4.8500000000000005,0.06427986929465203,0.06827260011441927,0.07429001158218965
s,4.875,0.06302996555730912,0.06694897003483116,0.07285498106050282
s,4.9,0.06180195440989512,0.06564304823439623,0.07144010604456803
s,4.925000000000001,0.060590479549047366,0.06435664568582211,0.07004542003446852
s,4.95,0.059395382878434225,0.06308708682534968,0.0686707789534615
s,4.9750000000000005,0.05821875703470957,0.06183617765462631,0.06731562281100964
s,5.0,0.05705984348694749,0.06060378550328929,0.06597659438740837
s,5.025,0.055918362053267674,0.059389868772595195,0.06465751772003644
s,5.050000000000001,0.05479399252842347,0.05819425530068377,0.06335785663343567
s,5.075,0.053685727643946544,0.05701915575460799,0.062077522003226436
s,5.1000000000000005,0.05259373499024735,0.055864970991852905,0.060816982452756796
s,5.125,0.05151876730795058,0.05472868427474261,0.05957592272027109
s,5.15,0.05046059455080844,0.05360998940130143,0.058354335548723414
s,5.175000000000001,0.049420938096244385,0.05250893489958203,0.05715194600494483
s,5.2,0.048398480596156035,0.0514252358727032,0.05596877509887203
s,5.2250000000000005,0.04739095534634246,0.05035778322914529,0.05480453173367293
s,5.25,0.046398251277626534,0.04930556443990531,0.05365924116095986
s,5.275,0.04541931720975376,0.04826794869747104,0.05253429893887036
s,5.300000000000001,0.04445651997749357,0.04724639044003763,0.05142781300106464
s,5.325,0.04351091712805613,0.04624081331324977,0.050340417596232236
s,5.3500000000000005,0.04258133629575291,0.04525224631142109,0.049268177544120675
s,5.375,0.04166749876088255,0.04428171263671056,0.048216699689679066
s,5.4,0.04076913002712878,0.04333036253407343,0.04718462485052297
s,5.425000000000001,0.039887251885592674,0.04239524197413706,0.04617005785239751
s,5.45,0.03902064649547673,0.04147269828828904,0.04517281563830143
s,5.4750000000000005,0.03816907796575423,0.040566341085840785,0.044192732470536414
s,5.5,0.03733234520092542,0.03968021152630234,0.0432296126069384
s,5.525,0.03650847153803083,0.03881027311470156,0.04228327823380509
s,5.550000000000001,0.03569768328400776,0.03795320497487748,0.04135325382562533
s,5.575,0.03490095544062994,0.0371095122204967,0.04043868661894078
s,5.6000000000000005,0.034118568601585596,0.03628091918173311,0.03954073146797479
s,5.625,0.03335044898999373,0.035467351087287116,0.03865888773602399
s,5.65,0.032597876947042914,0.034667725900532124,0.03779295105546806
s,5.675000000000001,0.0318598211895088,0.033881761025918944,0.03694276500631048
s,5.7,0.031132440995744286,0.033112468886096355,0.03610779594223573
s,5.7250000000000005,0.030421542250431317,0.03235932678040691,0.035287876531605596
s,5.75,0.029725050075891345,0.03161962666641066,0.03448316497754926
s,5.775,0.02904210325839755,0.030890285165612104,0.03369346382460386
s,5.800000000000001,0.028372700801486198,0.0301747805278267,0.032918591310686675
s,5.825,0.027715972087263674,0.02947550587581773,0.03215834774518884
s,5.8500000000000005,0.027070743204064576,0.028789237058556315,0.03141177139610583
s,5.875,0.026433655529101492,0.028115594337313535,0.030678146220681546
s,5.9,0.02581151570438433,0.027454986148254396,0.02995869632406711
s,5.925000000000001,0.02520258458025867,0.02680829959244709,0.029254273424453255
s,5.95,0.024605574063630314,0.02617425005457467,0.028563842533679367
s,5.9750000000000005,0.024020538313703342,0.02555210896031561,0.02788768451614126
s,6.0,0.023447312720821255,0.024942311208938743,0.02722484612756439
s,6.025,0.022884630084372415,0.02434573538813634,0.026575126184141446
s,6.050000000000001,0.0223321067321321,0.023758503571844385,0.0259383243748191
s,6.075,0.02179077311337837,0.023183258647638892,0.025314290682048973
s,6.1000000000000005,0.021260430065194038,0.022620146450843395,0.02470273604660288
s,6.125,0.0207409549158164,0.022069720521216394,0.024103313949782188
s,6.15,0.020232131972218896,0.021530556968988555,0.023516103380308725
s,6.175000000000001,0.01973385751808022,0.02100247319050811,0.02294092010555879
s,6.2,0.019246016973817812,0.020484665390291385,0.022377589942765296
s,6.2250000000000005,0.018770138156683092,0.019978197767692094,0.021826126265277215
s,6.25,0.01830518257314574,0.019483987704265102,0.021287139447140425
s,6.275,0.017849979047145106,0.018999162055216793,0.020760436142226456
s,6.300000000000001,0.01740418540855794,0.018523477402350427,0.020244761426333174
s,6.325,0.0169673967070911,0.01805919338428385,0.019739940931111595
s,6.3500000000000005,0.016540169973467616,0.01760524582142303,0.019245605756499792
s,6.375,0.0161219925847172,0.017161261116122938,0.01876156653302689
s,6.4,0.01571164053260278,0.016725328143420506,0.01828432790417082
s,6.425000000000001,0.015310259448019684,0.016298381983831548,0.01781700518814917
s,6.45,0.014916177988277445,0.015880576437193795,0.017359872909441854
s,6.4750000000000005,0.014530122445007908,0.015472483122078072,0.01691302826455253
s,6.5,0.014152819962418644,0.01507219822677023,0.01647844180070526
s,6.525,0.013785563215869122,0.014681293343459901,0.0160534286722468
s,6.550000000000001,0.013426853489061254,0.014298644140479126,0.01563782883186364
s,6.575,0.013076631984133757,0.013925862757986759,0.015231472955440572
s,6.6000000000000005,0.012734343141129532,0.01356151321858633,0.014833686343812538
s,6.625,0.012399765891451595,0.0132053808249008,0.014444883818144696
s,6.65,0.012072789718586649,0.01285633177001491,0.01406475587555134
s,6.675000000000001,0.011753247158150706,0.012514996022564449,0.013692996878223318
s,6.7,0.01144057137616403,0.01218155585603585,0.013329694415939885
s,6.7250000000000005,0.011134707366559415,0.011856616632758584,0.012974784969402969
s,6.75,0.01083593056886576,0.01154020983044209,0.012627884364373303
s,6.775,0.010544126429984155,0.011231079259575604,0.012288556656025249
s,6.800000000000001,0.010259149621327493,0.010928688506966648,0.01195707358074404
s,6.825,0.009980884901803376,0.010632787501062347,0.011633453689517202
s,6.8500000000000005,0.009709334418016097,0.010343700978797579,0.01131716574331349
s,6.875,0.009444438811880947,0.010061146048674512,0.011008834176754086
s,6.9,0.009186123754357787,0.009785640799095262,0.010708359502077854
s,6.925000000000001,0.008934344402114994,0.009517065409888456,0.010415439393631978
s,6.95,0.008688614031348376,0.009254991886473845,0.010129495785459205
s,6.9750000000000005,0.008448547543475597,0.008999190787460695,0.009850503665942012
s,7.0,0.008213415231832078,0.00874963654812536,0.009577919791437961
s,7.025,0.007984083704311425,0.008506187867102085,0.009312208993178698
s,7.050000000000001,0.007760493191441142,0.008268417965046565,0.009052621757831508
s,7.075,0.007542597346605304,0.008036462748740746,0.008799334977695857
s,7.1000000000000005,0.007330231522910406,0.007810267810949801,0.00855224847019941
s,7.125,0.00712363552086188,0.00758951013192501,0.008311288069641766
s,7.15,0.006922229642469983,0.007373727621284229,0.00807629582875254
s,7.175000000000001,0.00672578974222954,0.007163382197724101,0.007847184212768228
s,7.2,0.006534332474843727,0.006958332491565672,0.007623804006232966
s,7.2250000000000005,0.006347636836747283,0.006758492538966549,0.007406058218332081
s,7.25,0.0061656394514941,0.006563720537547036,0.007193789880342163
s,7.275,0.005987912760419324,0.006373944165458469,0.0069868337258117245
s,7.300000000000001,0.005814733048230207,0.0061890260364109466,0.006785118135539325
s,7.325,0.005645992431546114,0.006008882264597134,0.006588606010817378
s,7.3500000000000005,0.00548160090298886,0.0058333882854280095,0.006397109418121961
s,7.375,0.005321460676309602,0.005662471893619332,0.006210601409421202
s,7.4,0.005165408996995647,0.005496001530272988,0.006028890622926808
s,7.425000000000001,0.005013405252048854,0.005333905683185087,0.005851955540439683
s,7.45,0.004865336361656922,0.005176419371199947,0.005679606314063749
s,7.4750000000000005,0.004721381615147617,0.00502325550491355,0.005511910303565646
s,7.5,0.004581218965937202,0.004874119244644869,0.005348612390449326
s,7.525,0.004444810978953913,0.0047289740137721565,0.005189675130247006
s,7.550000000000001,0.004311997287002376,0.004587655856770324,0.005034922157082004
s,7.575,0.004182770123598122,0.00445015087398197,0.004884329920369436
s,7.6000000000000005,0.004056647590243742,0.004316305009349801,0.004737733002404974
s,7.625,0.003933821524052747,0.004186096001699029,0.0045950076882356776
s,7.65,0.0038150072198647514,0.004059379608348664,0.004456077319700077
s,7.675000000000001,0.0036986136473379293,0.003936202662307502,0.0043208155653897936
s,7.7,0.0035854849532469635,0.0038163766021506217,0.00418889224669011
s,7.7250000000000005,0.0034753881250889768,0.0036998212122889215,0.004060723302438189
s,7.75,0.0033684175085880487,0.003586500421008282,0.003936488055582421
s,7.775,0.003264394390122395,0.0034760247398496033,0.0038159136884585404
s,7.800000000000001,0.003163624277107279,0.003368674553619534,0.003698744202270147
s,7.825,0.003065946130351225,0.0032644951082371216,0.003584830749010045
s,7.8500000000000005,0.002971061562944629,0.0031633651132020957,0.0034740935111435833
s,7.875,0.002878599317252834,0.003064995068058986,0.0033663626092693987
s,7.9,0.0027884332342653813,0.002969468691280725,0.003261541540113043
s,7.925000000000001,0.0027008009661469165,0.002876425973602547,0.003159687161224797
s,7.95,0.0026156818276835696,0.0027859740563556034,0.0030606920230995035
s,7.9750000000000005,0.0025329716612591878,0.002698115503999445,0.0029645189782647355
s,8.0,0.002452651370324761,0.0026127452200066697,0.0028710413581631874
ubar,0.0,1.013556137900759,1.013556137900759,1.013556137900759
ubar,0.025,1.013555027434752,1.0135558350463942,1.013555985310791
ubar,0.05,1.0135517399957277,1.0135548162374992,1.0135553576886467
ubar,0.07500000000000001,1.0135463458983625,1.0135529557911478,1.0135542503263615
ubar,0.1,1.0135424958110428,1.0135537747317838,1.0135561071993024
ubar,0.125,1.0136544270022094,1.013671588050257,1.013675348100643
ubar,0.15000000000000002,1.0157634372178812,1.0157873093342356,1.0157929255782108
ubar,0.17500000000000002,1.0294803057459345,1.0295120328052931,1.0295201011398174
ubar,0.2,1.0415756005623005,1.0416159397485658,1.0416269563786769
ubar,0.225,1.0522951179491922,1.052345007353537,1.0523593288319446
ubar,0.25,1.0599688973291406,1.0600290406182977,1.060047770379533
ubar,0.275,1.0656702189146625,1.0657411918342696,1.065764480462075
ubar,0.30000000000000004,1.0700155931240836,1.0700981592304977,1.070126935762017
ubar,0.325,1.0731421103262482,1.0732360976036341,1.0732716977778376
ubar,0.35000000000000003,1.075255547220776,1.0753621347196314,1.0754049609186629
ubar,0.375,1.076507382965918,1.0766270115247072,1.0766790875494887
ubar,0.4,1.0770209071299326,1.0771553608340751,1.0772157317385316
ubar,0.42500000000000004,1.0768967610665545,1.0770458371299096,1.077117412201779
ubar,0.45,1.0762199483237367,1.0763876496114109,1.0764721488750622
ubar,0.47500000000000003,1.0750572730658248,1.0752480911205295,1.0753472457467146
ubar,0.5,1.0734680114509152,1.0736925577389376,1.0738078353819223
ubar,0.525,1.0714983683511878,1.0717661041733153,1.0719007896091408
ubar,0.55,1.0691904218378643,1.0695177337367572,1.0696766819047774
ubar,0.5750000000000001,1.0665827915426531,1.0669814830173863,1.0671686560213545
ubar,0.6000000000000001,1.0637102911445795,1.064197697644845,1.0644135674923922
ubar,0.625,1.060598749945689,1.0611900066291386,1.0614407966394477
ubar,0.65,1.0572724081017981,1.057984081223638,1.0582709037207403
ubar,0.675,1.0537570918388883,1.0546071509636181,1.0549382465928832
ubar,0.7000000000000001,1.0500681854783296,1.0510776023605737,1.0514568164443656
ubar,0.7250000000000001,1.046217359599485,1.0474049325576285,1.047842914745338
ubar,0.75,1.0422509987917394,1.043644780695152,1.0441419627590207
ubar,0.775,1.038007523610683,1.0396277515301473,1.0401908851764186
ubar,0.8,1.0306818713147219,1.0322866515125984,1.0329232986517003
ubar,0.8250000000000001,1.0200809633144174,1.0215915057235663,1.02229899213362
ubar,0.8500000000000001,1.0072442252740867,1.0086342812202276,1.0094299597392946
ubar,0.875,0.9930319611259993,0.9943251885689722,0.9952121848420856
ubar,0.9,0.9781298253038937,0.9793951275714108,0.9803690077625867
ubar,0.925,0.963081463807004,0.9643875723769988,0.9654543038256734
ubar,0.9500000000000001,0.9482774682475641,0.9497000055159224,0.9508822770113244
ubar,0.9750000000000001,0.934003440357985,0.9355946669167858,0.9368887812658391
ubar,1.0,0.9204499616260543,0.9222269322519194,0.9236514136232453
ubar,1.0250000000000001,0.9076821931439464,0.9096680503171501,0.911210781608766
ubar,1.05,0.8956934521000828,0.8979501559116857,0.8995838560061347
ubar,1.075,0.8844331682877338,0.8870000596577936,0.8887260970534258
ubar,1.1,0.8738670483047689,0.876670204205018,0.8785430529651442
ubar,1.125,0.863823550819515,0.8669145120027572,0.8689581890916342
ubar,1.1500000000000001,0.8543686176119998,0.8576346581755357,0.8598619446451773
ubar,1.175,0.8454465453395466,0.8487255088835182,0.8511649316110761
ubar,1.2000000000000002,0.8365823609525992,0.8401133250846946,0.8427689278092347
ubar,1.225,0.8281227087527829,0.8316530608323721,0.8345916526269759
ubar,1.25,0.8196889656128293,0.8233002292692563,0.8265453438403854
ubar,1.2750000000000001,0.8113485084488198,0.8149625723556639,0.8184870610072661
ubar,1.3,0.802878728068971,0.806571030550319,0.8104167563291567
ubar,1.3250000000000002,0.7941468385241134,0.7980641531212553,0.8022585618122907
ubar,1.35,0.7853640120917313,0.7894091358328679,0.7939175118935108
ubar,1.375,0.776336873931323,0.7805217790926248,0.7853520823948595
ubar,1.4000000000000001,0.7670027418946572,0.7713468147929549,0.7765406111712089
ubar,1.425,0.7573550284967433,0.76194204041728,0.7674678988530348
ubar,1.4500000000000002,0.7473019063674141,0.7522516346647089,0.758102374349801
ubar,1.475,0.7369319455398793,0.7422419486901716,0.7484233651205333
ubar,1.5,0.7261359926750242,0.7318808028541105,0.7384065307082156
ubar,1.5250000000000001,0.7151084418324989,0.7211680336177864,0.7281333136476397
ubar,1.55,0.7037147397267903,0.7101333318416133,0.7174770100140229
ubar,1.5750000000000002,0.6919762242690053,0.698783701968171,0.7063996183441642
ubar,1.6,0.6799323959496241,0.6870934403352591,0.6949322780891611
ubar,1.625,0.6676454657044267,0.6751661977190213,0.682933984422242
ubar,1.6500000000000001,0.6551040651760686,0.6629744684075847,0.6706080184017347
ubar,1.675,0.6424396918611454,0.650465900977505,0.6582366543392763
ubar,1.7000000000000002,0.6296107458352762,0.6377277981399064,0.6453880897366544
ubar,1.725,0.6166135983673574,0.6247824249843286,0.6321962009395897
ubar,1.75,0.6033601250702728,0.6116035116783506,0.6191252567475068
ubar,1.7750000000000001,0.5902004125203913,0.5983880368356663,0.6059823288933404
ubar,1.8,0.5771762380036025,0.5849388593113077,0.5928082335811261
ubar,1.8250000000000002,0.5643256056091556,0.5713377526431442,0.5795607159631834
ubar,1.85,0.5510931674303573,0.5577145957520155,0.566258757554779
ubar,1.875,0.5379006894923064,0.5443869839027056,0.5531654759337284
ubar,1.9000000000000001,0.5243545303819854,0.5311734582749618,0.5403776829944897
ubar,1.925,0.5107573037982124,0.5182130876159948,0.5278190926161579
ubar,1.9500000000000002,0.49735088565063384,0.5054582692519168,0.5154340274524387
ubar,1.975,0.4839376915889478,0.49290390267310474,0.5032607814535944
ubar,2.0,0.4708787215984795,0.48065045218967156,0.49127156678997613
ubar,2.025,0.45826922195529707,0.4687057103742369,0.4795122718532647
ubar,2.0500000000000003,0.4459546431362625,0.4569418605201306,0.4681748740586112
ubar,2.075,0.43398922290605746,0.44544146441707827,0.45702540423588073
ubar,2.1,0.422526219706627,0.4342190734270267,0.446262488153294
ubar,2.125,0.4112235678828135,0.4233480003895999,0.4364369349750112
ubar,2.15,0.40059962701432217,0.41285384856761215,0.4266734911755738
ubar,2.1750000000000003,0.39017768136851666,0.40278403513457917,0.4171414468250614
ubar,2.2,0.3803264690930797,0.3930710420388508,0.40813891415616177
ubar,2.225,0.3709648601442146,0.3837406588524792,0.3995607476608599
ubar,2.25,0.36197367999956215,0.37482831026615654,0.3911390345745333
ubar,2.275,0.35332277503710047,0.3665905081423674,0.3829702623701859
ubar,2.3000000000000003,0.34520008542669006,0.3585127264341948,0.3750897506014818
ubar,2.325,0.3374859214013369,0.3507677479473236,0.3679853039400398
ubar,2.35,0.3299867848958603,0.3434715368449034,0.3613136194243772
ubar,2.375,0.3229924892336922,0.336663331961437,0.3549421043577745
ubar,2.4000000000000004,0.31645335960504334,0.33011142696884693,0.3489627118665721
ubar,2.4250000000000003,0.31030132748209327,0.32396596566522745,0.3434838657727835
ubar,2.45,0.3045017088253536,0.31814873579183456,0.3383390309879275
ubar,2.475,0.29907810972308013,0.31259502401699024,0.3332511910957396
ubar,2.5,0.29398531963544117,0.3074572080689361,0.3283360258180959
ubar,2.5250000000000004,0.28921295100875505,0.3026195623743072,0.32393570420438056
ubar,2.5500000000000003,0.2847375551535651,0.2980617436588018,0.31968789481295795
ubar,2.575,0.280497518582057,0.29388512545891843,0.31553655771187294
ubar,2.6,0.27652486567900353,0.2899979586163125,0.3117664402662876
ubar,2.625,0.27285715642547537,0.28633050476438665,0.3080451297714973
ubar,2.6500000000000004,0.26937208605595553,0.2828269934953021,0.30459119580042604
ubar,2.6750000000000003,0.26620410570453223,0.2796582278711578,0.30145038167034344
ubar,2.7,0.2632407906887186,0.27673566647803943,0.2984526557415896
ubar,2.725,0.2604339989649675,0.2740335603238026,0.295880011983198
ubar,2.75,0.25785651722519093,0.2714627274257338,0.2934220993467125
ubar,2.7750000000000004,0.25549769912238285,0.26909505675870926,0.29107523324573686
ubar,2.8000000000000003,0.2533174052752028,0.2669408839449272,0.28885644519300474
ubar,2.825,0.2512989290485666,0.26492688414415505,0.2867315874650084
ubar,2.85,0.2494360251056944,0.26314208364871183,0.2847224286468997
ubar,2.875,0.2476712936342901,0.2613688600057761,0.2830090722481237
ubar,2.9000000000000004,0.2460518051408814,0.2597988990068145,0.2814255120489875
ubar,2.9250000000000003,0.24455220112497045,0.2582595214765458,0.2799030530186208
ubar,2.95,0.2431183517025362,0.2568346316399465,0.27852138215621625
ubar,2.975,0.24177408673479164,0.25546983183691235,0.2771307121186204
ubar,3.0,0.24051135195512346,0.25422483146003855,0.275739225823197
ubar,3.0250000000000004,0.23929868424163972,0.25301270583262747,0.27443032116787414
ubar,3.0500000000000003,0.238158701716478,0.2518637808172599,0.2732228061380166
ubar,3.075,0.23703916961530794,0.25077609911371623,0.27205609807706915
ubar,3.1,0.23594211056268938,0.24967236404983276,0.27088751020431356
ubar,3.125,0.23486173442742225,0.24858794147675994,0.26975158216565315
ubar,3.1500000000000004,0.23379321259205796,0.24756360488042675,0.2686474436185202
ubar,3.1750000000000003,0.23273218197467252,0.2465057468078248,0.267520046052062
ubar,3.2,0.23166552853589834,0.24539624690280779,0.2663414274109643
ubar,3.225,0.2305846060695047,0.2442490551164241,0.26512918979186323
ubar,3.25,0.22946004295259984,0.24307694517713424,0.26389047453019165
ubar,3.2750000000000004,0.2282808016210934,0.24189800131406,0.2626272358959267
ubar,3.3000000000000003,0.2270733472426504,0.24066995567615268,0.2613383500105886
ubar,3.325,0.225830417639062,0.23939804150968486,0.25999663871877204
ubar,3.35,0.22454741225295408,0.2380900583786232,0.25859376877797463
ubar,3.375,0.22321812283456205,0.2367444220225836,0.2571294718223861
ubar,3.4000000000000004,0.22183926158044495,0.23533829869986694,0.25559769291580703
ubar,3.4250000000000003,0.2204056968128939,0.23386828265129722,0.25399679583163226
ubar,3.45,0.21891292070473764,0.23231619712458768,0.2523274214267328
ubar,3.475,0.2173708269338206,0.2306964460665335,0.2505952966514782
ubar,3.5,0.21576949107695212,0.22899501674369738,0.24878649882510423
ubar,3.5250000000000004,0.21411842553114374,0.22722119564855042,0.2469013377017685
ubar,3.5500000000000003,0.21240809356140075,0.22540612331492263,0.24493943681357283
ubar,3.575,0.2106320233545523,0.2235063525201238,0.24290197315524503
ubar,3.6,0.20880295945138524,0.22153469693051472,0.24079320685509187
ubar,3.625,0.20691463510056804,0.21950294108407806,0.23861440390108854
ubar,3.6500000000000004,0.20496880182476082,0.2174149039406219,0.23636764401817506
ubar,3.6750000000000003,0.2029663055583101,0.21526097776667352,0.23405562550108852
ubar,3.7,0.20088418720804965,0.21304176827171648,0.2316783263562913
ubar,3.725,0.19874350561145745,0.21077510643857908,0.22922704777234068
ubar,3.75,0.1965613961136822,0.20846129497799498,0.22671410625869223
ubar,3.7750000000000004,0.19432522282939357,0.2061128203736379,0.2241494483010376
ubar,3.8000000000000003,0.19204721140382278,0.20370477250870023,0.22153558462403053
ubar,3.825,0.1897327497691426,0.20125714880052398,0.21887383268798513
ubar,3.85,0.18738431137878223,0.198773479351103,0.21617183145355448
ubar,3.875,0.1850070007250862,0.19626388431908515,0.21343590112085206
ubar,3.9000000000000004,0.18260357669604205,0.1937356976255316,0.21066925578923865
ubar,3.9250000000000003,0.18017875888922724,0.19118585245635253,0.2078805278559585
ubar,3.95,0.17773540558346984,0.18861018720426143,0.2050879502670532
ubar,3.975,0.17527046269557342,0.1860137507169006,0.2022620580759697
ubar,4.0,0.1728048006091692,0.18340470331369865,0.19941537927027198
ubar,4.025,0.1703314337231599,0.1807874342974511,0.1965589435094942
ubar,4.05,0.167849198668135,0.17816684293193924,0.19369650737549254
ubar,4.075,0.16536495321292913,0.17553900088994262,0.19083644544171974
ubar,4.1000000000000005,0.16287453746106087,0.17291111627477934,0.1879775337265814
ubar,4.125,0.16038544907780256,0.17028637190154045,0.18512029159979504
ubar,4.15,0.15789332416670918,0.16765709289930975,0.18226008903377308
ubar,4.175,0.1554080989024615,0.1650312566877515,0.17940757726686885
ubar,4.2,0.15293994815838574,0.16241900863684902,0.17656646112214217
ubar,4.2250000000000005,0.15049270483673743,0.15982184299341468,0.17374201547592122
ubar,4.25,0.14805848851480313,0.15723125916735442,0.17093826946551954
ubar,4.275,0.14564073257526047,0.15465127048455557,0.1681509910586488
ubar,4.3,0.14323957007687324,0.15208879649368948,0.16538215396221004
ubar,4.325,0.1408482282594706,0.14954937992414905,0.1626303072648384
ubar,4.3500000000000005,0.13848340881272456,0.14703034279808755,0.15989930531484628
ubar,4.375,0.13614001884147556,0.1445318207455784,0.15719041031804318
ubar,4.4,0.13381300233104906,0.14205539840621975,0.15450520446599508
ubar,4.425,0.13150639746039702,0.13960134646132225,0.15184414257024123
ubar,4.45,0.12922176197944366,0.13717106984717184,0.14919701828611495
ubar,4.4750000000000005,0.1269597832020589,0.13477393425565087,0.14658158041034905
ubar,4.5,0.12472098597276884,0.13240131425357504,0.144009605198509
ubar,4.525,0.12250589022646349,0.13004350257918035,0.1414646245391412
ubar,4.55,0.12031162944674151,0.1277044276435428,0.1389470492422849
ubar,4.575,0.11812879920751602,0.12539422161606734,0.1364565875541584
ubar,4.6000000000000005,0.11597288600863583,0.12311234137949659,0.13399396077800824
ubar,4.625,0.1138425925899326,0.1208622062708277,0.1315571076844974
ubar,4.65,0.11173843078023436,0.11864065084085301,0.12914041444267402
ubar,4.675,0.10966715669921291,0.1164598425971235,0.12675151598432519
ubar,4.7,0.1076268313283056,0.11430442284338369,0.12439033158661739
ubar,4.7250000000000005,0.10561253328190037,0.11217627830873256,0.12205874858213125
ubar,4.75,0.10362572304313925,0.1100701506070309,0.11975893591494369
ubar,4.775,0.10166695557853157,0.10799363721572287,0.11749020936690817
ubar,4.800000000000001,0.09973447084811521,0.10594218102186202,0.11525222305763508
ubar,4.825,0.09782912968822428,0.10391170166719314,0.11305524326833631
ubar,4.8500000000000005,0.0959496877391161,0.10190958279781505,0.11089169115717944
ubar,4.875,0.09409119386748216,0.09994148756194376,0.10875798656343368
ubar,4.9,0.09226499814815321,0.09799942059463389,0.10665392890634191
ubar,4.925000000000001,0.09046311859344544,0.0960860999002344,0.10457958389942221
ubar,4.95,0.08868533209999462,0.09419754491318845,0.102534751725025
ubar,4.9750000000000005,0.08693477606004779,0.09233646561037553,0.10051861105397371
ubar,5.0,0.08521033065076869,0.09050267729186517,0.09852616269879413
ubar,5.025,0.08351158979595225,0.08869613087464484,0.09656313058520033
ubar,5.050000000000001,0.08183808721468958,0.08691658192676503,0.0946287276696114
ubar,5.075,0.08018832995476695,0.08516734476836901,0.09272283408699072
ubar,5.1000000000000005,0.0785625793287122,0.08344903087901057,0.0908461627485402
ubar,5.125,0.07696197057766434,0.08175714616248214,0.0889982554149179
ubar,5.15,0.07538617072741657,0.08009124445872692,0.08717911355427219
ubar,5.175000000000001,0.0738377619904329,0.07845140919696762,0.08538833840395829
ubar,5.2,0.07231478665901331,0.07683722536775937,0.08362597298483546
ubar,5.2250000000000005,0.07081386769178802,0.07524704604030852,0.08189159367512593
ubar,5.25,0.06933484821286406,0.07367936791486118,0.08018524919939476
ubar,5.275,0.06787616615049812,0.07213325753892427,0.0785090358559803
ubar,5.300000000000001,0.06644136714464048,0.07061089745834294,0.07686013675338281
ubar,5.325,0.06503204060295198,0.06911218258283416,0.07523950992466677
ubar,5.3500000000000005,0.06364644303817193,0.06763865974531325,0.07364128344579875
ubar,5.375,0.06228416615310268,0.06619186726893442,0.07207384710227845
ubar,5.4,0.06094480766795553,0.0647735335305086,0.07053517905548203
ubar,5.425000000000001,0.05962990291650117,0.06337925135304932,0.06902245547736355
ubar,5.45,0.05833763903867206,0.06200356785432599,0.06753541137185388
ubar,5.4750000000000005,0.05706767072402274,0.060651886787577824,0.06607380737061945
ubar,5.5,0.05581970443682995,0.05933025818410638,0.06463735898858407
ubar,5.525,0.054590791417630395,0.05803265475682574,0.06322580829248782
ubar,5.550000000000001,0.053381276370040184,0.05675411784496235,0.0618384519158716
ubar,5.575,0.05219262355781112,0.055495409145263706,0.06047402202111676
ubar,5.6000000000000005,0.05102525889764188,0.054259113736861764,0.05913425277934392
ubar,5.625,0.04987907824822516,0.053045126339104215,0.05781840259341154
ubar,5.65,0.048756002629695205,0.05185183494979808,0.056526172671852344
ubar,5.675000000000001,0.04765449568198593,0.0506788228629298,0.055257335720815655
ubar,5.7,0.04656881815600278,0.0495306019358941,0.05401109998017458
ubar,5.7250000000000005,0.045507659927321885,0.04840639657507696,0.052787221355776674
ubar,5.75,0.044467923018304004,0.047302161674400454,0.051585942554653756
ubar,5.775,0.04344832441854304,0.046213289695839904,0.05040697410965017
ubar,5.800000000000001,0.04244886773672377,0.045144989071441835,0.04925004984204421
ubar,5.825,0.04146825534985831,0.04410084554769563,0.04811487656750231
ubar,5.8500000000000005,0.040504735477656297,0.04307604053830622,0.04700002071213331
ubar,5.875,0.03955328688141219,0.042070010613585784,0.04590441594885132
ubar,5.9,0.03862409852510337,0.04108337155169091,0.0448298988620754
ubar,5.925000000000001,0.037714572695142175,0.040117455437664436,0.04377774899223388
ubar,5.95,0.036822786128897625,0.03917034446550479,0.04274642249423712
ubar,5.9750000000000005,0.03594882392897087,0.038240952556181304,0.041736344430113044
ubar,6.0,0.03509244370144349,0.03732993466267499,0.04074609279909634
ubar,6.025,0.03425175265931411,0.03643860983328735,0.039775370875270014
ubar,6.050000000000001,0.03342618005844921,0.03556117780724753,0.038823883092035945
ubar,6.075,0.03261727169432632,0.03470159787977542,0.0378914090211246
ubar,6.1000000000000005,0.031824732934392606,0.03386009208315466,0.03697751997589965
ubar,6.125,0.03104838352592542,0.0330374927207512,0.03608170109795393
ubar,6.15,0.03028790385865554,0.03223167189673648,0.0352040743551398
ubar,6.175000000000001,0.029543141838082515,0.03144235960197957,0.03434436759025388
ubar,6.2,0.02881392901303808,0.030668355702619336,0.03350232357016406
ubar,6.2250000000000005,0.02810255582754891,0.029911256561554946,0.03267796575331517
ubar,6.25,0.02740747059575677,0.029172438895864197,0.03187221138789295
ubar,6.275,0.02672692266202974,0.02844760397488333,0.031084774370759682
ubar,6.300000000000001,0.02606040237001818,0.02773639001569271,0.030313778914113507
ubar,6.325,0.0254073059223266,0.027042183249785013,0.02955896692836817
ubar,6.3500000000000005,0.024768469919830158,0.02636339301582847,0.02881978891592003
ubar,6.375,0.02414312919558156,0.025699462526637438,0.02809596408993218
ubar,6.4,0.023529453063609648,0.025047532287125786,0.027382260581133952
ubar,6.425000000000001,0.022929159381455868,0.024409004918297453,0.026683346095231583
ubar,6.45,0.022339747260089266,0.02378411307710654,0.025999634327840797
ubar,6.4750000000000005,0.02176230644505519,0.023173715186708053,0.02533127338741238
ubar,6.5,0.02119792806662972,0.02257496206872249,0.024681217232258166
ubar,6.525,0.020648550434366142,0.02199020970686133,0.024045447138627416
ubar,6.550000000000001,0.02011193087869196,0.021417776163761195,0.02342372565660927
ubar,6.575,0.019587983296226325,0.02086007829997479,0.022815801361550432
ubar,6.6000000000000005,0.01907587738845658,0.020314967210530152,0.022220665705124997
ubar,6.625,0.01857528378986171,0.019782123188699558,0.021638942104430965
ubar,6.65,0.01808603867200248,0.0192598495453464,0.021070168917617423
ubar,6.675000000000001,0.017607892834897106,0.018749091704555878,0.020513890193582303
ubar,6.7,0.017139998686785583,0.01825012444837057,0.019970239009257245
ubar,6.7250000000000005,0.016682275330496963,0.01776385643953807,0.019439122025211863
ubar,6.75,0.01623513692461539,0.017290336583951665,0.01891996542621536
ubar,6.775,0.015798413316496077,0.016827684428037417,0.018412117723000172
ubar,6.800000000000001,0.015371888190455383,0.016375097741840736,0.017915987674664794
ubar,6.825,0.014955390259445804,0.015932203225328564,0.017431604682715426
ubar,6.8500000000000005,0.014548924087708663,0.015499488826674204,0.016958174288647924
ubar,6.875,0.014152402048855922,0.015076531998277798,0.01649663367638255
ubar,6.9,0.013765714045602588,0.014664110412122884,0.01604683528601347
ubar,6.925000000000001,0.013388794129119155,0.014262045848175878,0.015608327542493736
ubar,6.95,0.013020914108241854,0.013869698204047123,0.015180245561189177
ubar,6.9750000000000005,0.012661497988293656,0.013486724844165339,0.014762553173571343
ubar,7.0,0.012309453224357779,0.013113088621389008,0.014354437506388892
ubar,7.025,0.011966079594884745,0.012748578902275525,0.013956596416493605
ubar,7.050000000000001,0.011631288561918314,0.01239255713903237,0.013567907774645595
ubar,7.075,0.011305011676142201,0.012045228060634296,0.013188637825126586
ubar,7.1000000000000005,0.010987003145459561,0.011706511143281913,0.012818637521768917
ubar,7.125,0.010677623359372307,0.011375923211331088,0.012457796777921361
ubar,7.15,0.010376004347454181,0.011052772561311326,0.012105879891115704
ubar,7.175000000000001,0.010081810997105025,0.010737752470023088,0.01176275666125271
ubar,7.2,0.009795069108235618,0.010430651928925169,0.01142820439519821
ubar,7.2250000000000005,0.009515448204850256,0.010131342947205765,0.011102078646130676
ubar,7.25,0.0092428540597859,0.009839613797570557,0.010784145022403912
ubar,7.275,0.00897664646604685,0.009555356875913456,0.010474156652421353
ubar,7.300000000000001,0.008717240316702532,0.009278367009839594,0.010172007016335043
ubar,7.325,0.008464474586686697,0.0090085192000774,0.009877641321064072
ubar,7.3500000000000005,0.008218215022401991,0.008745627433888669,0.00959077861565837
ubar,7.375,0.007978315681922293,0.008489584167826131,0.009311379268392258
ubar,7.4,0.007744533189758436,0.008240192845700845,0.009039157122666742
ubar,7.425000000000001,0.007516807267638358,0.00799734691064079,0.008774080634773493
ubar,7.45,0.007294968965263001,0.007761399388886199,0.008515865855140326
ubar,7.4750000000000005,0.007079287687066956,0.00753192047235393,0.008264614455027432
ubar,7.5,0.006869281125948372,0.0073084686808920565,0.00801994456429804
ubar,7.525,0.0066648936894634705,0.007090989743155418,0.007781800663678442
ubar,7.550000000000001,0.006465885432248235,0.0068792383663768275,0.0075499189032681895
ubar,7.575,0.006272245209603939,0.0066731942412692835,0.007324264551934972
ubar,7.6000000000000005,0.006083250869723565,0.006472626871820952,0.007104590124296798
ubar,7.625,0.005899190529129475,0.006277503373312306,0.006890710641033537
ubar,7.65,0.00572113731904226,0.006087607920780301,0.006682511665384927
ubar,7.675000000000001,0.005546705722692191,0.0059030112129747556,0.006479804247868592
ubar,7.7,0.005377162057021084,0.005723430924400784,0.006282093703797063
ubar,7.7250000000000005,0.005212157285193019,0.005548747187783425,0.006090004276404204
ubar,7.75,0.005051833294460493,0.005378906323593172,0.005903805383903614
ubar,7.775,0.004895922443506313,0.00521332458771159,0.0057230883395515955
ubar,7.800000000000001,0.004744883309332361,0.0050524228745194785,0.005547469640386228
ubar,7.825,0.004598474746577139,0.004896269431137498,0.00537672645546041
ubar,7.8500000000000005,0.004456249578123002,0.004744682717777323,0.0052107394664854265
ubar,7.875,0.00431765128547714,0.004597228873178267,0.005049254253685204
ubar,7.9,0.004182490935019655,0.004454033803100301,0.004892126430743353
ubar,7.925000000000001,0.004051125279865262,0.004314557837983402,0.00473944163074147
ubar,7.95,0.003923523589156528,0.004178961987349044,0.004591039026489297
ubar,7.9750000000000005,0.0037995299134962602,0.004047250399326491,0.00444686322761495
ubar,8.0,0.003679115883155206,0.003919265719486075,0.004306724547082703
dbar,0.0,1.4285639958455842,1.4285639958455842,1.4285639958455842
dbar,0.025,1.4285624306912765,1.4285635689853198,1.4285637807765557
dbar,0.05,1.4285577972255619,1.4285621330566751,1.428562896208893
dbar,0.07500000000000001,1.4285502196980913,1.4285595360592311,1.4285613606512408
dbar,0.1,1.4285472476366021,1.4285631448202398,1.428566432339084
dbar,0.125,1.4287867495429383,1.4288109387314873,1.4288162386739789
dbar,0.15000000000000002,1.4327440767774593,1.4327777486266846,1.4327856703927127
dbar,0.17500000000000002,1.4547643102166783,1.4548091438996202,1.454820545307732
dbar,0.2,1.4751534029548763,1.4752105341778614,1.4752261367125106
dbar,0.225,1.4935481204314773,1.4936189296795845,1.493639256503108
dbar,0.25,1.5073906530990422,1.507476183374648,1.5075028191250854
dbar,0.275,1.5183555668356852,1.5184566882949015,1.5184898696835192
dbar,0.30000000000000004,1.5273452694689735,1.5274631247160002,1.5275042004718773
dbar,0.325,1.5344839246987405,1.5346183169333636,1.534669221556811
dbar,0.35000000000000003,1.540078797665418,1.5402314619762487,1.5402928015538808
dbar,0.375,1.54435060065061,1.5445222190152812,1.544596926947083
dbar,0.4,1.5474796403350053,1.5476728254146548,1.5477595672270898
dbar,0.42500000000000004,1.549613949719362,1.5498284645695277,1.5499314584068489
dbar,0.45,1.550876088581961,1.5511177528602373,1.5512395196865294
dbar,0.47500000000000003,1.5513664448697382,1.551641805759396,1.5517848913082042
dbar,0.5,1.5511703864333901,1.5514948577251737,1.5516614348975797
dbar,0.525,1.5503586322432326,1.5507460211140476,1.5509408984318647
dbar,0.55,1.5489915421058396,1.5494657358066628,1.5496960122502854
dbar,0.5750000000000001,1.5471285651335973,1.54770688589231,1.547978389148651
dbar,0.6000000000000001,1.5448197794830831,1.5455276368842261,1.5458411433089183
dbar,0.625,1.5421055829467267,1.5429652673773835,1.5433299148701933
dbar,0.65,1.5390224723998895,1.5400584219991806,1.5404759362228069
dbar,0.675,1.5356089175707492,1.5368476834898657,1.5373301793181793
dbar,0.7000000000000001,1.5318924691879583,1.5333650574841906,1.533918274129742
dbar,0.7250000000000001,1.5279063002442792,1.5296406436750185,1.53028027724433
dbar,0.75,1.5236871348444805,1.5257247318892142,1.5264515720796001
dbar,0.775,1.5189597347029267,1.5213306818441836,1.5221547388134116
dbar,0.8,1.5095268890880034,1.5118772349388332,1.5128096622979268
dbar,0.8250000000000001,1.4951153487630249,1.4973293251257813,1.4983662759451317
dbar,0.8500000000000001,1.477281961099097,1.4793206966139059,1.480487684215877
dbar,0.875,1.4573192042602034,1.459217073877596,1.460518780925826
dbar,0.9,1.43626002445888,1.4381179609195407,1.4395479808933862
dbar,0.925,1.4149247979312607,1.4168436858695364,1.418410889513449
dbar,0.9500000000000001,1.3939047650365546,1.3959958001430526,1.397733660554366
dbar,0.9750000000000001,1.3736327244058417,1.3759729308533413,1.3778761763256506
dbar,1.0,1.3543981236446887,1.3570128509865116,1.3591089072382632
dbar,1.0250000000000001,1.3363028535371428,1.3392264611911366,1.341497692512847
dbar,1.05,1.3193405805256053,1.3226646652444272,1.3250710765294058
dbar,1.075,1.303438469019896,1.3072214399412698,1.3097651974812425
dbar,1.1,1.2885463863473383,1.2926797341061778,1.2954413126629127
dbar,1.125,1.2744109812759141,1.2789711195945375,1.2819861850228604
dbar,1.1500000000000001,1.2611286602480425,1.2659496441597882,1.2692373290577876
dbar,1.175,1.2486163805808912,1.2534589902229785,1.257061705490526
dbar,1.2000000000000002,1.2361715515389913,1.2413890622269177,1.2453130997078512
dbar,1.225,1.2243050566532996,1.2295243651653402,1.2338688092381174
dbar,1.25,1.2124563367463186,1.217797996433811,1.2225980607146467
dbar,1.2750000000000001,1.2007240288513905,1.206072523770114,1.211288455233997
dbar,1.3,1.1887778934631885,1.1942448804592976,1.1999390328018305
dbar,1.3250000000000002,1.1764203715511126,1.1822233395543813,1.1884367847151218
dbar,1.35,1.1639635455956738,1.1699586975247342,1.176640421290569
dbar,1.375,1.1511204604465204,1.1573256660962379,1.164487841626054
dbar,1.4000000000000001,1.137797687311728,1.1442418312856948,1.1519464836744826
dbar,1.425,1.1239850442455568,1.1307925950011022,1.1389934809854927
dbar,1.4500000000000002,1.1095459154259752,1.1168949543725342,1.1255817572088471
dbar,1.475,1.0946115292562826,1.102498812069676,1.111680460026125
dbar,1.5,1.0790196261669986,1.0875562680555275,1.097253333757593
dbar,1.5250000000000001,1.0630590123362187,1.0720670218654045,1.0824214006924908
dbar,1.55,1.0465298273915824,1.0560752407797267,1.066996396492871
dbar,1.5750000000000002,1.0294638744182536,1.0395914656871619,1.0509217838465148
dbar,1.6,1.0119200816598883,1.022577618589514,1.0342438921592099
dbar,1.625,0.9939913098302035,1.0051881839948194,1.0167528734538713
dbar,1.6500000000000001,0.9756609916608145,0.9873825574849675,0.9987513725375549
dbar,1.675,0.9571253970541522,0.969083077572117,0.9806601726536003
dbar,1.7000000000000002,0.9383230940868439,0.9504201201997655,0.9618364255284368
dbar,1.725,0.9192491750788742,0.9314272832959092,0.9424797599995339
dbar,1.75,0.8997727158242712,0.9120658290873921,0.923282780137686
dbar,1.7750000000000001,0.880416316106675,0.8926299945189564,0.9039585847656203
dbar,1.8,0.8612431451899057,0.8728262699787755,0.8845686879796577
dbar,1.8250000000000002,0.8423107846587972,0.8527770952632332,0.8650506667926451
dbar,1.85,0.8227909649145192,0.8326768639237426,0.845433434953032
dbar,1.875,0.8033137226979482,0.813000509517743,0.8261105189504714
dbar,1.9000000000000001,0.7832916954067057,0.7934779516144179,0.8072274137964484
dbar,1.925,0.7631772372807982,0.7743177230917776,0.7886710848602984
dbar,1.9500000000000002,0.7433323806253098,0.755449541621415,0.7703591442896313
dbar,1.975,0.7234625228701832,0.7368665577372185,0.7523495709056949
dbar,2.0,0.7041080023829449,0.7187197344294303,0.7346015558863737
dbar,2.025,0.685412163890761,0.701021538834436,0.7171844150056869
dbar,2.0500000000000003,0.6671447497093581,0.6835815432361906,0.7003860459383222
dbar,2.075,0.6493876691949968,0.6665239113627195,0.6838572166200613
dbar,2.1,0.6323710675270972,0.6498710995836673,0.6678957964472351
dbar,2.125,0.6155837693729901,0.6337335167293062,0.6533270816863129
dbar,2.15,0.5998024238575838,0.6181501987792224,0.6388418184766231
dbar,2.1750000000000003,0.5843140907144168,0.6031928490078311,0.6246939198212925
dbar,2.2,0.5696715945608254,0.5887610395035525,0.6113304356230911
dbar,2.225,0.5557541935874364,0.5748940218336664,0.5985945973942877
dbar,2.25,0.5423840141525492,0.5616454863249203,0.5860855951309629
dbar,2.275,0.5295164366987583,0.5494004726379456,0.5739484205923482
dbar,2.3000000000000003,0.5174336941283235,0.5373885241122236,0.5622364636541024
dbar,2.325,0.5059569918498552,0.5258690313730908,0.5516814943075716
dbar,2.35,0.494796715576312,0.5150163464226002,0.5417695506824345
dbar,2.375,0.48438785548809776,0.5048898498450508,0.5323022995370648
dbar,2.4000000000000004,0.4746564552947454,0.495142538454586,0.5234180608837781
dbar,2.4250000000000003,0.4655008946828852,0.48600000550326655,0.5152799316838043
dbar,2.45,0.45686955954639347,0.47734534348647617,0.507638543839717
dbar,2.475,0.44879825709944,0.4690818130644228,0.5000785710413979
dbar,2.5,0.44121951693880446,0.4614384180534965,0.492773798653321
dbar,2.5250000000000004,0.43411808443374394,0.45424184591973965,0.48623807093840876
dbar,2.5500000000000003,0.42745907408464556,0.44746186324361703,0.4799278810942814
dbar,2.575,0.42115026586711934,0.4412509577520825,0.47375928971819287
dbar,2.6,0.41523998914250454,0.4354716849477506,0.46816004395585986
dbar,2.625,0.4097849014279951,0.4300195721740189,0.4626312345715015
dbar,2.6500000000000004,0.40460155846034435,0.4248110634562276,0.45750127386455536
dbar,2.6750000000000003,0.3998921142044372,0.42010291201966066,0.4528391105570983
dbar,2.7,0.395487910375128,0.41576235269361145,0.44838954045204965
dbar,2.725,0.39131678771149764,0.41175089649289615,0.444576423575476
dbar,2.75,0.38748826969887246,0.4079347059747614,0.44093367424168695
dbar,2.7750000000000004,0.3839865317407489,0.4044219494276637,0.4374558740590573
dbar,2.8000000000000003,0.38075140527861695,0.40122831898553546,0.434168735115291
dbar,2.825,0.3777579139399287,0.3982437469184751,0.43102104235602434
dbar,2.85,0.3749967926504264,0.39560218832786564,0.42804561808177155
dbar,2.875,0.37238185516321737,0.3929765922511858,0.4255133560508299
dbar,2.9000000000000004,0.36998396633410846,0.39065524046344485,0.42317481522183653
dbar,2.9250000000000003,0.3677650945405186,0.38837858295650796,0.42092678897201763
dbar,2.95,0.3656439180584406,0.38627285989841104,0.41888919006515607
dbar,2.975,0.3636563417008124,0.38425633497539086,0.4168368178039986
dbar,3.0,0.3617903193304175,0.38241888463048745,0.4147820123729982
dbar,3.0250000000000004,0.3599985817856656,0.3806298206868718,0.41285027008196323
dbar,3.0500000000000003,0.35831520730531524,0.3789348118956129,0.41106995342303615
dbar,3.075,0.3566616565246447,0.3773309663202193,0.40934997690581
dbar,3.1,0.3550410068707421,0.3757020199092377,0.40762615093287496
dbar,3.125,0.353444578170919,0.37410121460540413,0.40595048146908863
dbar,3.1500000000000004,0.3518651333846796,0.3725899477006571,0.4043216975131936
dbar,3.1750000000000003,0.35029613284487715,0.37102737188369006,0.4026569802053377
dbar,3.2,0.3487178614260518,0.36938622229533025,0.40091425583638923
dbar,3.225,0.3471173229397018,0.3676875034624333,0.3991200287064392
dbar,3.25,0.3454503147392695,0.3659504554117393,0.3972850624018286
dbar,3.2750000000000004,0.34370022452823057,0.36420231913576023,0.39541231371038776
dbar,3.3000000000000003,0.3419069034372141,0.3623794703112973,0.39350010508291056
dbar,3.325,0.3400594266891203,0.3604897940559811,0.39150752510724174
dbar,3.35,0.33815087440523184,0.3585450423148439,0.3894220296313661
dbar,3.375,0.33617190342989584,0.35654283786235497,0.38724321696101727
dbar,3.4000000000000004,0.33411756655817254,0.35444879828463666,0.38496197006112126
dbar,3.4250000000000003,0.3319801379633752,0.3522577948869664,0.38257582513406085
dbar,3.45,0.3297528295483864,0.34994244791552676,0.38008574788665994
dbar,3.475,0.327450546188691,0.34752445088353673,0.3775003661637923
dbar,3.5,0.3250583404143591,0.3449826930319704,0.37479870774105745
dbar,3.5250000000000004,0.3225905446009287,0.34233116121283347,0.3719812379263288
dbar,3.5500000000000003,0.32003279350808467,0.33961677311250743,0.3690473883994675
dbar,3.575,0.31737533667135565,0.33677407048337066,0.36599893159890845
dbar,3.6,0.3146373778664149,0.3338223573640332,0.36284228639283644
dbar,3.625,0.3118094762991335,0.33077939157024877,0.3595793612262668
dbar,3.6500000000000004,0.30889427287448856,0.3276509306144672,0.356213291388963
dbar,3.6750000000000003,0.3058930443019293,0.3244224977506948,0.35274814518388853
dbar,3.7,0.30277118883328735,0.3210950067661105,0.3491838918369073
dbar,3.725,0.2995604444789673,0.3176953348769068,0.34550742227284736
dbar,3.75,0.29628664191681625,0.31422394366256606,0.3417373021694999
dbar,3.7750000000000004,0.2929307391697474,0.31069966083311,0.337888528412804
dbar,3.8000000000000003,0.28951116912913927,0.3070849423695679,0.33396489144196845
dbar,3.825,0.2860360599170423,0.30340993815292405,0.3299683834087096
dbar,3.85,0.28250914710759284,0.2996799769729675,0.3259105273182709
dbar,3.875,0.2789381336971567,0.2959103244177776,0.32180085990956014
dbar,3.9000000000000004,0.2753271872802825,0.2921120476835495,0.3176442361774322
dbar,3.9250000000000003,0.27168343248578203,0.28828053294559414,0.3134536817937854
dbar,3.95,0.2680111882887071,0.28440951441287254,0.30925670141143935
dbar,3.975,0.2643058584188091,0.2805066142053066,0.3050088763568623
dbar,4.0,0.26059892495100534,0.2765841478131476,0.3007291074862213
dbar,4.025,0.2568798649880207,0.2726487454414316,0.2964340390216622
dbar,4.05,0.25314693450997994,0.26870780723068105,0.2921293485847565
dbar,4.075,0.24941048674621333,0.2647554200830597,0.28782767945545035
dbar,4.1000000000000005,0.24566425834268713,0.26080246673919316,0.28352719908149165
dbar,4.125,0.24191956848712431,0.2568537597801329,0.2792287038477433
dbar,4.15,0.23816984561971677,0.2528977342368113,0.2749252224367448
dbar,4.175,0.2344300882436117,0.24894643420447207,0.27063283359924356
dbar,4.2,0.23071565694619306,0.2450151757563898,0.26635713927581767
dbar,4.2250000000000005,0.2270323468264272,0.24110622590166966,0.2621061104499646
dbar,4.25,0.22336828217442914,0.23720677292219566,0.257885839517842
dbar,4.275,0.2197286543731852,0.23332288268403822,0.2536899557116795
dbar,4.3,0.2161136758376163,0.22946500639684045,0.24952144991453326
dbar,4.325,0.21251313912169142,0.2256415190600483,0.24537814596792518
dbar,4.3500000000000005,0.20895225474942,0.22184839258100078,0.24126587195428023
dbar,4.375,0.20542335026427339,0.2180858434574191,0.23718654508596845
dbar,4.4,0.2019188074950206,0.21435627438842975,0.23314256532684646
dbar,4.425,0.1984447302093272,0.21066010529045692,0.22913463138013915
dbar,4.45,0.19500347956792385,0.206999467477532,0.22514735336591205
dbar,4.4750000000000005,0.191596103162676,0.2033885058718865,0.22120752646018918
dbar,4.5,0.18822340324063377,0.19981421545033087,0.21733293541891704
dbar,4.525,0.18488617445956182,0.19626195655360448,0.21349874037934338
dbar,4.55,0.18158010030629068,0.19273766707096973,0.20970557255934932
dbar,4.575,0.17829099586296576,0.18925664865276662,0.20595300257267773
dbar,4.6000000000000005,0.17504224310705538,0.18581809189109896,0.20224212973052025
dbar,4.625,0.17183189343147642,0.1824271678582499,0.19856985328174012
dbar,4.65,0.1686607284341555,0.17907910870948246,0.1949277094559216
dbar,4.675,0.16553895510913705,0.17579229038077868,0.19132723183562636
dbar,4.7,0.16246365595683518,0.17254353954289603,0.18776830819816173
dbar,4.7250000000000005,0.1594274108710933,0.1693357128758631,0.1842537969302725
dbar,4.75,0.15643243271620644,0.16616088094004433,0.18078698159606466
dbar,4.775,0.15347956737972285,0.1630305208345581,0.17736683863870825
dbar,4.800000000000001,0.15056616572677542,0.1599377612328824,0.1739928549247736
dbar,4.825,0.1476935349004649,0.15687644963888114,0.17068053830742058
dbar,4.8500000000000005,0.14485980366432208,0.1538577404831527,0.16741845635506847
dbar,4.875,0.14205750396731845,0.15089019154997838,0.16420121238414867
dbar,4.9,0.13930377876839609,0.14796173933721726,0.16102851151952993
dbar,4.925000000000001,0.13658658383614986,0.14507649463748365,0.15790046071729244
dbar,4.95,0.1339055886938492,0.1422284543163656,0.15481676581913567
dbar,4.9750000000000005,0.1312655367864875,0.139421716747059,0.15177619400455108
dbar,5.0,0.12866474359051114,0.13665600965377267,0.14877120372355895
dbar,5.025,0.12610260202204554,0.1339312653478275,0.1458104444657397
dbar,5.050000000000001,0.12357841387522654,0.1312471209864475,0.14289273454991389
dbar,5.075,0.12108993038690925,0.1286085874971715,0.14001789950238494
dbar,5.1000000000000005,0.11863755157070924,0.12601659452919858,0.13718702224612475
dbar,5.125,0.11622299708933688,0.12346436154315817,0.13439941704203145
dbar,5.15,0.11384576936846237,0.12095122032462245,0.13165509216980473
dbar,5.175000000000001,0.11150977317359467,0.11847730224862722,0.12895345132927027
dbar,5.2,0.10921205713901039,0.11604198580900926,0.12629456521789872
dbar,5.2250000000000005,0.10694752595862941,0.11364278879289785,0.12367779964346874
dbar,5.25,0.10471594718375403,0.11127744558433321,0.12110323360485985
dbar,5.275,0.10251496593632331,0.10894455092061194,0.11857403847212343
dbar,5.300000000000001,0.10034994149429366,0.10664740557458352,0.11608596508338916
dbar,5.325,0.09822327879425931,0.10438585526417156,0.11364046539450773
dbar,5.3500000000000005,0.09613234880800552,0.10216224067137145,0.11122867530295312
dbar,5.375,0.09407653892608729,0.09997888969741163,0.10886327137788285
dbar,5.4,0.09205524548242078,0.09783841738251908,0.10654120460064982
dbar,5.425000000000001,0.09007079142959515,0.09573417111844174,0.10425821420446665
dbar,5.45,0.08812044226815471,0.09365791813934742,0.10201390417778891
dbar,5.4750000000000005,0.08620368001768629,0.09161782450154186,0.09980791708972732
dbar,5.5,0.08432006478359046,0.08962303301645907,0.09763982723207561
dbar,5.525,0.08246514556092563,0.08766444298631323,0.09550924887971711
dbar,5.550000000000001,0.08063944616396036,0.08573456728191862,0.09341512330213368
dbar,5.575,0.07884518164179605,0.0838345596767623,0.09135553888345083
dbar,5.6000000000000005,0.07708299850833779,0.08196832850240642,0.08933311887600232
dbar,5.625,0.075352742484888,0.08013571793001403,0.08734674646205891
dbar,5.65,0.07365731868982633,0.07833429579034848,0.08539597362871028
dbar,5.675000000000001,0.07199440909672791,0.07656343548534487,0.08348046027026705
dbar,5.7,0.0703553458083023,0.07482995629434948,0.08159901339695372
dbar,5.7250000000000005,0.06875325992200411,0.07313268955004547,0.07975126728621625
dbar,5.75,0.06718347386274233,0.07146552676173316,0.07793759159560788
dbar,5.775,0.0656440518462909,0.06982150923837867,0.0761575518998916
dbar,5.800000000000001,0.06413500183114922,0.06820850852187182,0.0744107488660069
dbar,5.825,0.06265436568844958,0.06663194486489524,0.0726967422690283
dbar,5.8500000000000005,0.06119949891982867,0.06508454049400711,0.071013368755138
dbar,5.875,0.059762816848318384,0.06356544644809481,0.06935901967149685
dbar,5.9,0.05835971641163472,0.06207559540663961,0.06773647241637426
dbar,5.925000000000001,0.0569862748770525,0.06061700238308988,0.06614766280757521
dbar,5.95,0.05563958833621059,0.05918677183793799,0.06459026055496059
dbar,5.9750000000000005,0.054319787370670836,0.05778326478240219,0.06306491026110529
dbar,6.0,0.053026507660397244,0.05640747287915549,0.06156946550444034
dbar,6.025,0.05175689095767863,0.0550613912972422,0.060103480066231486
dbar,6.050000000000001,0.050510076547522015,0.05373625732953248,0.05866650940734986
dbar,6.075,0.04928840196211366,0.05243805555090368,0.057258222460982645
dbar,6.1000000000000005,0.04809142368839913,0.05116712331431472,0.05587797339174033
dbar,6.125,0.04691887099769032,0.04992472016321685,0.05452498606822924
dbar,6.15,0.045770262517399046,0.048707632293500926,0.05319944663177192
dbar,6.175000000000001,0.04464536996346414,0.04751545332071449,0.05190094559447206
dbar,6.2,0.043543940287813936,0.0463463711886021,0.05062909596196128
dbar,6.2250000000000005,0.042469436353818155,0.04520279986628105,0.04938393487229352
dbar,6.25,0.04141951474891118,0.04408682147034859,0.04816685016769224
dbar,6.275,0.04039153121517625,0.04299194106551172,0.04697741113671104
dbar,6.300000000000001,0.039384716840083614,0.04191761322115833,0.04581278454314307
dbar,6.325,0.03839816037017076,0.0408689568409662,0.044672581814141424
dbar,6.3500000000000005,0.037433127387006465,0.03984356935690724,0.04355597391555259
dbar,6.375,0.0364884626907147,0.038840610592691754,0.04246253785705494
dbar,6.4,0.03556140062239749,0.03785576009169973,0.04138436774710156
dbar,6.425000000000001,0.03465453854905564,0.036891138825147766,0.040328519266295194
dbar,6.45,0.03376409775663727,0.03594709956387981,0.03929561891912518
dbar,6.4750000000000005,0.03289172625305411,0.035024940858722056,0.038285891801204695
dbar,6.5,0.032039074191966624,0.03412035753339677,0.03730380382303508
dbar,6.525,0.031209072240187496,0.03323691149651276,0.03634328226489228
dbar,6.550000000000001,0.030398331796896345,0.03237206164364138,0.035403969351519175
dbar,6.575,0.029606723686683073,0.03152946196502573,0.03448548614659112
dbar,6.6000000000000005,0.028832993865226118,0.030705865477408462,0.033586309290539386
dbar,6.625,0.028076645379214088,0.029900789882962017,0.032707382063204324
dbar,6.65,0.027337431449341525,0.029111671506353316,0.031848007673624966
dbar,6.675000000000001,0.026614976226492008,0.02833994019977741,0.03100749788373249
dbar,6.7,0.02590799932911534,0.02758601214649971,0.030186054754659977
dbar,6.7250000000000005,0.025216379218425296,0.026851261682642073,0.029383538093564324
dbar,6.75,0.02454074265314926,0.026135763588771944,0.02859908140517467
dbar,6.775,0.023880833158852963,0.02543667621710999,0.027831700730668495
dbar,6.800000000000001,0.02323632445583431,0.024752787647887457,0.02708201473998016
dbar,6.825,0.022606958304087578,0.02408353428154535,0.02635006866414521
dbar,6.8500000000000005,0.021992742264000078,0.023429654380888308,0.025634662339967182
dbar,6.875,0.021393544522591616,0.022790509868076233,0.024937213188986843
dbar,6.9,0.02080919928046391,0.022167276962582954,0.024257498897712795
dbar,6.925000000000001,0.020239607457973034,0.021559686909136493,0.023594837555122337
dbar,6.95,0.01968366885030033,0.02096677270371238,0.022947922412264114
dbar,6.9750000000000005,0.0191405132780312,0.020388016978367732,0.022316699437746695
dbar,7.0,0.018608489638561997,0.019823364148929823,0.02169994042273633
dbar,7.025,0.0180895633240651,0.019272496352367337,0.021098700928958086
dbar,7.050000000000001,0.017583600998836293,0.018734448804018568,0.020511285179484008
dbar,7.075,0.017090499681805142,0.018209531509992168,0.019938096218816672
dbar,7.1000000000000005,0.016609888276077032,0.017697623238864583,0.019378909268456833
dbar,7.125,0.016142312081308906,0.017197994020750635,0.01883355843023038
dbar,7.15,0.015686459369951177,0.016709598599085104,0.018301687883938506
dbar,7.175000000000001,0.015241823943720555,0.016233485506357732,0.017783101287568437
dbar,7.2,0.014808445216507553,0.015769336178759266,0.01727746244965775
dbar,7.2250000000000005,0.014385823963879359,0.015316957542988008,0.01678455345434707
dbar,7.25,0.013973818110640314,0.014876029914225727,0.01630402038667806
dbar,7.275,0.013571460123021512,0.014446391009515565,0.015835490443817928
dbar,7.300000000000001,0.013179377609015051,0.01402773102209942,0.015378802997201433
dbar,7.325,0.012797327466729855,0.01361986134083728,0.014933875610351317
dbar,7.3500000000000005,0.012425107055862429,0.01322250109549869,0.014500283908828874
dbar,7.375,0.012062496051816583,0.012835488038910702,0.014077968350694092
dbar,7.4,0.011709126805249997,0.012458525332116829,0.013666496658810872
dbar,7.425000000000001,0.011364908480557505,0.012091452193805885,0.013265821493725986
dbar,7.45,0.011029585927752304,0.011734802695797113,0.012875513884396051
dbar,7.4750000000000005,0.010703566756621727,0.011387927309224444,0.012495727882161762
dbar,7.5,0.010386122021036342,0.011050158832477211,0.01212588643840759
dbar,7.525,0.010077167931345603,0.010721415489971412,0.011765905916866482
dbar,7.550000000000001,0.009776341951169797,0.010401326676449003,0.011415387679748324
dbar,7.575,0.00948362747541909,0.010089861945831996,0.011074279499725535
dbar,7.6000000000000005,0.009197932844542737,0.009786673042056741,0.010742207456299266
dbar,7.625,0.008919693910087664,0.009491710486887989,0.010418892123844153
dbar,7.65,0.008650533497794002,0.009204648185050337,0.010104160726645285
dbar,7.675000000000001,0.008386844857148818,0.00892559326352719,0.009797727813328163
dbar,7.7,0.008130542894140584,0.008654119057418024,0.009498845633086382
dbar,7.7250000000000005,0.0078811000494436,0.008390044533042243,0.009208458298108228
dbar,7.75,0.0076387310581270225,0.008133288728636674,0.008926973421037685
dbar,7.775,0.007403031417071313,0.00788296917599436,0.00865377327138216
dbar,7.800000000000001,0.007174694717247176,0.00763972248502235,0.008388278178450823
dbar,7.825,0.006953356513652822,0.007403652040699102,0.00813015140488343
dbar,7.8500000000000005,0.006738340805803531,0.007174483521916253,0.007879212723587832
dbar,7.875,0.006528806235598456,0.006951561056965412,0.007635077609779455
dbar,7.9,0.006324467256766311,0.006735075194635372,0.00739752791049432
dbar,7.925000000000001,0.006125863467404973,0.006524210043335753,0.007166693285432794
dbar,7.95,0.005932948543337635,0.006319209218985716,0.006942330710052279
dbar,7.9750000000000005,0.005745486806563158,0.006120079141787946,0.006724356587929177
dbar,8.0,0.005563435492568708,0.005926582010756638,0.006512484238851585
sbar,0.0,0.613020582190141,0.613020582190141,0.613020582190141
sbar,0.025,0.6130199105563822,0.6130203990172977,0.6130204899004412
sbar,0.05,0.6130179221994807,0.6130197827767603,0.6130201102580759
sbar,0.07500000000000001,0.6130146318599996,0.613018629665338,0.6130194126280815
sbar,0.1,0.6130095907582125,0.6130164124619062,0.6130178231821919
sbar,0.125,0.6129869561313983,0.6129973339271504,0.6129996077413614
sbar,0.15000000000000002,0.613162205266266,0.6131766155895477,0.6131800058164599
sbar,0.17500000000000002,0.6183037697940532,0.6183228250011283,0.618327670826371
sbar,0.2,0.6217317186393354,0.6217557976899503,0.6217623736776836
sbar,0.225,0.6243280743431563,0.624357673792221,0.6243661707441533
sbar,0.25,0.6253998388674924,0.6254353244401754,0.6254463753207136
sbar,0.275,0.6253927975811335,0.6254344483206942,0.6254481153443535
sbar,0.30000000000000004,0.624629622400289,0.6246778209837525,0.624694619499711
sbar,0.325,0.6232753618966844,0.6233299492190555,0.6233506256152632
sbar,0.35000000000000003,0.6214345916698104,0.6214961929877478,0.6215209440170048
sbar,0.375,0.6191914443527499,0.6192602529659322,0.6192902063406243
sbar,0.4,0.616613808188673,0.6166907853485288,0.6167253487753428
sbar,0.42500000000000004,0.6137553351287176,0.6138402979891626,0.6138810907409009
sbar,0.45,0.6106655347438346,0.6107606913116665,0.6108086376335159
sbar,0.47500000000000003,0.6073768963228576,0.6074847031167212,0.6075407226708577
sbar,0.5,0.603924565714879,0.6040508936706543,0.6041157479557691
sbar,0.525,0.6003297798390026,0.6004797845351366,0.6005552449188618
sbar,0.55,0.5966181914098253,0.5968008344911285,0.5968895290459947
sbar,0.5750000000000001,0.5928065565823885,0.5930281492446265,0.593132179972337
sbar,0.6000000000000001,0.5889162790873717,0.5891861285237538,0.589305643459769
sbar,0.625,0.5849581344138582,0.58528423361634,0.5854225532745213
sbar,0.65,0.580944917955635,0.5813359646529765,0.581493566488388
sbar,0.675,0.5768908834720812,0.5773562576681524,0.5775375196037159
sbar,0.7000000000000001,0.5727978354051813,0.5733484585105824,0.5735553146075054
sbar,0.7250000000000001,0.56865163483732,0.569297117631063,0.5695351745556452
sbar,0.75,0.5645218688434097,0.5652767929123593,0.5655460851924107
sbar,0.775,0.5603747660253264,0.5612494560642959,0.5615534672377145
sbar,0.8,0.5548136165885504,0.5556774659781567,0.5560201716292084
sbar,0.8250000000000001,0.5477225029825418,0.548533573965096,0.5489134518780038
sbar,0.8500000000000001,0.5396167032382015,0.5403614058516805,0.5407876792504479
sbar,0.875,0.5309182213379813,0.5316096371641448,0.53208386407938
sbar,0.9,0.5219600363219652,0.5226352403699619,0.5231549326713407
sbar,0.925,0.5130045279176648,0.5137002526673767,0.5142684684246182
sbar,0.9500000000000001,0.504237881046521,0.5049943022438234,0.5056229643112297
sbar,0.9750000000000001,0.4957955230913937,0.49664019129066195,0.4973271439001545
sbar,1.0,0.4877668586395357,0.4887085148035946,0.4894633790902472
sbar,1.0250000000000001,0.48017850685664204,0.4812290573020096,0.48204518701534377
sbar,1.05,0.4730220867588954,0.47421386810290145,0.47507663674992295
sbar,1.075,0.46626832565752874,0.4676215767387604,0.4685315342068208
sbar,1.1,0.4598981325355281,0.46137337544144996,0.46235901696320597
sbar,1.125,0.45382125389713973,0.4554451316886118,0.45651880477631024
sbar,1.1500000000000001,0.4480729807243477,0.4497858532483416,0.4509539519668651
sbar,1.175,0.4426247401177057,0.44434140735646416,0.4456185417380221
sbar,1.2000000000000002,0.4372289058676513,0.4390743184130175,0.4404622346874506
sbar,1.225,0.4320679871139504,0.43390992684185486,0.4354431192398224
sbar,1.25,0.42694519282097537,0.4288261644123983,0.43051642269867524
sbar,1.2750000000000001,0.42189666518155977,0.4237759581046043,0.4256086723982733
sbar,1.3,0.41680745792864277,0.4187242844148242,0.4207207592618079
sbar,1.3250000000000002,0.41160964495504904,0.41364000557891484,0.4158139852365333
sbar,1.35,0.4064134583116497,0.40850674588737557,0.41083975921363597
sbar,1.375,0.40111918335572316,0.4032814479564267,0.40577717807180985
sbar,1.4000000000000001,0.39569494500524,0.3979360421913393,0.4006155097603665
sbar,1.425,0.39013777697324686,0.39250069339459814,0.3953472396574167
sbar,1.4500000000000002,0.38440072951632587,0.3869467944362409,0.3899563259040407
sbar,1.475,0.3785296526162875,0.3812571685830421,0.3844322913718191
sbar,1.5,0.372468601913929,0.37541537970383376,0.37876272614418177
sbar,1.5250000000000001,0.3663173392417036,0.36942139089293186,0.3729893851975032
sbar,1.55,0.360006734255819,0.36329036078135507,0.3670472432893175
sbar,1.5750000000000002,0.35354760817260117,0.35702571532978106,0.36091687361577474
sbar,1.6,0.34695994316498946,0.350614123445033,0.3546141721524856
sbar,1.625,0.34027515752664644,0.3441082072550405,0.34806717197486076
sbar,1.6500000000000001,0.33348703472935687,0.33749353930675896,0.34137947146216885
sbar,1.675,0.3266620130689589,0.3307431084005175,0.3346943118650246
sbar,1.7000000000000002,0.3197783025999479,0.3239009406350502,0.3277915906286092
sbar,1.725,0.3128334764433731,0.3169778586558585,0.32073917256751644
sbar,1.75,0.30578229825817005,0.3099600382143116,0.3137720509718514
sbar,1.7750000000000001,0.2988015786457324,0.3029467385250943,0.30679151126227255
sbar,1.8,0.2919114811646154,0.2958374887415906,0.2998174874797353
sbar,1.8250000000000002,0.28513021207389233,0.2886731577616683,0.2928278784619415
sbar,1.85,0.2781764322849604,0.28151874428592033,0.2858315984231629
sbar,1.875,0.2712626501237054,0.2745336803447451,0.2789606629810244
sbar,1.9000000000000001,0.2641897594239208,0.2676253946958467,0.2722628332482787
sbar,1.925,0.2571098759432605,0.26086303940895056,0.265698601691733
sbar,1.9500000000000002,0.25014403832564724,0.2542216698988312,0.2592390057750392
sbar,1.975,0.24319205424374887,0.24769782292066217,0.25290244051907845
sbar,2.0,0.23643456848058822,0.24134108644299282,0.2466740915929839
sbar,2.025,0.2299183350946519,0.23515442760655825,0.24057618954107113
sbar,2.0500000000000003,0.2235647765038987,0.229072858629806,0.23470416261967914
sbar,2.075,0.21740018945797687,0.22313701273101322,0.228939808234584
sbar,2.1,0.21150039349086583,0.2173533868615797,0.22338185760440793
sbar,2.125,0.20569326441131003,0.21175788301839868,0.21830494377272436
sbar,2.15,0.20023728707331281,0.20636248518523811,0.21327014949028267
sbar,2.1750000000000003,0.19489321728450978,0.201190073719448,0.2083615811886143
sbar,2.2,0.1898445227275971,0.1962061293074032,0.203727438559038
sbar,2.225,0.18504980261892703,0.19142280255305674,0.19931439721856403
sbar,2.25,0.1804488363931884,0.18685704561402022,0.19498816504286998
sbar,2.275,0.17602593889410628,0.18263594351836462,0.19079636175492948
sbar,2.3000000000000003,0.17187407903060403,0.178502402745535,0.18675605296783657
sbar,2.325,0.1679329521698638,0.17454198739365664,0.18310944109661664
sbar,2.35,0.16410572021729283,0.1708118218911754,0.17968486755815566
sbar,2.375,0.1605360096682219,0.16733078853605524,0.17641583317317236
sbar,2.4000000000000004,0.15719850354023507,0.16398316132842,0.1733475548031221
sbar,2.4250000000000003,0.15405883459995776,0.1608430731683384,0.17053334735700426
sbar,2.45,0.15109929836828054,0.15787120190669704,0.16788999441116817
sbar,2.475,0.1483311570805605,0.15503502296773924,0.16527968168407664
sbar,2.5,0.14573155534871404,0.15240970940529128,0.16275955472478043
sbar,2.5250000000000004,0.14329495482499735,0.14993746430903815,0.16049887094705256
sbar,2.5500000000000003,0.1410093756229137,0.14760785716424796,0.1583176845691003
sbar,2.575,0.13884398415454685,0.1454707403785399,0.15618802276966037
sbar,2.6,0.1368143459073795,0.14348033738355664,0.15425058247896642
sbar,2.625,0.13493874693031455,0.14160185507681058,0.15234060324419274
sbar,2.6500000000000004,0.13315642793640417,0.13980747867841084,0.15056599296349366
sbar,2.6750000000000003,0.13153361185096646,0.1381814029441084,0.14894908322324035
sbar,2.7,0.1300144861068784,0.13667959806097302,0.14740560747426293
sbar,2.725,0.12857507785574412,0.1352891192922134,0.14607461286886564
sbar,2.75,0.12725113886099926,0.13396574806395053,0.14480260848418347
sbar,2.7750000000000004,0.12603721321018724,0.1327448002819751,0.14358763839679534
sbar,2.8000000000000003,0.12491331810392092,0.1316311901858037,0.14243797020406976
sbar,2.825,0.12387105893310552,0.13058859344538792,0.1413366364247287
sbar,2.85,0.12290721436415265,0.12966074354952375,0.14029425203179186
sbar,2.875,0.12199337649194428,0.12874027213277495,0.13939941038294476
sbar,2.9000000000000004,0.12115262268520299,0.1279215081042872,0.138570163530152
sbar,2.9250000000000003,0.12037235119751143,0.12711930490206408,0.13777258370287815
sbar,2.95,0.1196258250611127,0.12637488901614272,0.1370458046637508
sbar,2.975,0.1189246938996289,0.12566140549678068,0.1363160359904296
sbar,3.0,0.11826491652044537,0.12500814712336608,0.13558726545879346
sbar,3.0250000000000004,0.11763095284466171,0.12437229131959948,0.1349004499157474
sbar,3.0500000000000003,0.11703386107114677,0.12376869087954681,0.13426475583114536
sbar,3.075,0.11644791552799377,0.12319632258848386,0.1336503396428884
sbar,3.1,0.115874070296201,0.12261716653264494,0.13303618554958013
sbar,3.125,0.11530944381512032,0.12204856334180263,0.13243921996744998
sbar,3.1500000000000004,0.1147516310719666,0.12151048843173254,0.1318589705695614
sbar,3.1750000000000003,0.11419845934794687,0.12095695690651068,0.13126838258733797
sbar,3.2,0.1136434665744723,0.12037906700512321,0.13065372001896652
sbar,3.225,0.11308238973359883,0.11978365474412114,0.13002360773710764
sbar,3.25,0.11250080967868174,0.11917697214193035,0.12938153270227884
sbar,3.2750000000000004,0.11189330945925945,0.11856786784697125,0.1287284360745715
sbar,3.3000000000000003,0.11127285525079623,0.11793560744295967,0.1280637500848368
sbar,3.325,0.11063587681046304,0.11728274917980008,0.12737414380731782
sbar,3.35,0.1099801113464559,0.11661310575010057,0.12665552988721726
sbar,3.375,0.1093025112180212,0.11592589130008021,0.1259077740707467
sbar,3.4000000000000004,0.1086014615158595,0.11520991824160662,0.12512790933841342
sbar,3.4250000000000003,0.10787444642386171,0.11446351837504787,0.12431513404588666
sbar,3.45,0.10711925770076652,0.11367779712470949,0.12346976137254174
sbar,3.475,0.10634073444600416,0.11285980669460835,0.12259459224832281
sbar,3.5,0.10553401823664037,0.11200269395134403,0.12168281425233889
sbar,3.5250000000000004,0.10470375947348395,0.11111100484438621,0.12073458046536624
sbar,3.5500000000000003,0.10384529147385832,0.11019996546819073,0.11974970813433457
sbar,3.575,0.10295544958927144,0.1092483310148585,0.11872877378300561
sbar,3.6,0.10204046257732016,0.10826236855603236,0.11767385997558429
sbar,3.625,0.10109726522155692,0.10724783696862775,0.11658558450999501
sbar,3.6500000000000004,0.10012671163420113,0.10620659923870632,0.11546496208968086
sbar,3.6750000000000003,0.0991292129058237,0.10513395923846085,0.1143133086463828
sbar,3.7,0.09809355556054628,0.10403021175098862,0.11313061069893195
sbar,3.725,0.09703002482786587,0.10290406092973928,0.11191261856903854
sbar,3.75,0.09594698294038233,0.10175564840522341,0.11066534383468711
sbar,3.7750000000000004,0.09483825651411186,0.10059106195701426,0.10939363694508003
sbar,3.8000000000000003,0.09370980791550383,0.09939813738363776,0.10809871661147956
sbar,3.825,0.09256425945225198,0.09818662809061321,0.1067812186398536
sbar,3.85,0.09140281011040126,0.09695824828892197,0.1054448620387769
sbar,3.875,0.09022794138147007,0.09571792516087659,0.1040927202730561
sbar,3.9000000000000004,0.08904098952076815,0.09446922417510112,0.10272635036225009
sbar,3.9250000000000003,0.08784424604545105,0.09321063796376981,0.10134995018066403
sbar,3.95,0.08663909390773208,0.09194012677159423,0.09997239505657655
sbar,3.975,0.08542403385314484,0.09066014144089025,0.09857930783407896
sbar,4.0,0.08420922642428008,0.08937464777701128,0.0971767842459059
sbar,4.025,0.08299125381560869,0.08808577206505594,0.09577018647678005
sbar,4.05,0.08176953702497833,0.0867958880670692,0.09436133062967164
sbar,4.075,0.08054740472311027,0.08550306866513928,0.09295428147414815
sbar,4.1000000000000005,0.0793228181510966,0.08421081187012755,0.09154842713122092
sbar,4.125,0.07809941668969819,0.08292065391333525,0.09014400542257044
sbar,4.15,0.07687506282245822,0.08162884414072423,0.08873874730577318
sbar,4.175,0.07565458201288415,0.08033925407973108,0.08733782450159165
sbar,4.2,0.07444291358703556,0.07905680870457378,0.08594302512821668
sbar,4.2250000000000005,0.07324190806630071,0.07778222036881687,0.08455690087134918
sbar,4.25,0.07204771550807339,0.07651133780372951,0.08318139629436239
sbar,4.275,0.07086199316055222,0.07524610098815748,0.08181443589059574
sbar,4.3,0.06968479220703643,0.07398986310132848,0.08045696470202837
sbar,4.325,0.06851280497698106,0.07274530626183243,0.07910826186933718
sbar,4.3500000000000005,0.06735414305977849,0.07151111333735968,0.07777018761792469
sbar,4.375,0.06620631546385927,0.07028733652512553,0.07644334106878582
sbar,4.4,0.0650668507182807,0.06907473295424808,0.07512847704676058
sbar,4.425,0.06393770042035858,0.067873420918634,0.07382580228590037
sbar,4.45,0.06281960974237387,0.06668407042084772,0.07253034101911192
sbar,4.4750000000000005,0.06171290073688591,0.06551122108803104,0.07125070863836379
sbar,4.5,0.06061781666978114,0.0643506666633764,0.06999261414207196
sbar,4.525,0.059534598629566386,0.06319767740247033,0.06874803837310317
sbar,4.55,0.058461842363890903,0.062054151808929016,0.06751716793367933
sbar,4.575,0.05739496796992809,0.060925002044804805,0.06629984833925492
sbar,4.6000000000000005,0.05634149018365194,0.05980995224006761,0.06509641766852843
sbar,4.625,0.055300767855904834,0.05871065178224509,0.06390586252774809
sbar,4.65,0.05427303909508267,0.057625551355878483,0.06272544470923637
sbar,4.675,0.053261574827250246,0.056560549279755304,0.06155886188955051
sbar,4.7,0.05226542243113378,0.05550817460594693,0.06040606367841224
sbar,4.7250000000000005,0.05128218180733459,0.05446933351502573,0.05926795562470734
sbar,4.75,0.050312552601429236,0.053441462984611034,0.058145579936783084
sbar,4.775,0.049356794830735275,0.05242824243875405,0.05703859356606078
sbar,4.800000000000001,0.04841404488662473,0.05142744994546969,0.055946818115605194
sbar,4.825,0.047484711853709706,0.05043709606351784,0.05487522650213456
sbar,4.8500000000000005,0.04656818315699657,0.04946075624639106,0.05382012913306643
sbar,4.875,0.04566204778455417,0.04850116990905836,0.05277977858805438
sbar,4.9,0.04477180599590492,0.04755444789072335,0.05175406827655537
sbar,4.925000000000001,0.0438935761984491,0.04662190087141565,0.05074302109040919
sbar,4.95,0.04302724272779557,0.045701589353832166,0.04974653131515052
sbar,4.9750000000000005,0.0421743204107196,0.04479482047041266,0.04876419198345443
sbar,5.0,0.04133425863281127,0.04390149693791927,0.04779356986398057
sbar,5.025,0.04050685334894237,0.04302158747948993,0.04683743393086581
sbar,5.050000000000001,0.039691871559308534,0.042154966270912995,0.04589539458112869
sbar,5.075,0.03888858261079287,0.04130323358317685,0.044967386093871665
sbar,5.1000000000000005,0.03809710693895508,0.04046667867214414,0.04405374679392651
sbar,5.125,0.03731798885530073,0.03964311524811913,0.04315424720529431
sbar,5.15,0.03655106078866884,0.038832320525154555,0.042268880993388866
sbar,5.175000000000001,0.035797568693490746,0.03803432869746889,0.041397447962125175
sbar,5.2,0.03505655744374617,0.037248932471090825,0.04053996231165884
sbar,5.2250000000000005,0.034326384338916854,0.036475327600943006,0.039696212200322586
sbar,5.25,0.033606968133400895,0.03571277984199075,0.03886621495643358
sbar,5.275,0.03289754667524447,0.034960831486307756,0.038050980454228264
sbar,5.300000000000001,0.03219983353110045,0.0342205352079913,0.03724913732206636
sbar,5.325,0.03151459390529535,0.03349183491418503,0.036461144059528106
sbar,5.3500000000000005,0.0308409778981053,0.0327754751198204,0.03568414960405334
sbar,5.375,0.03017878291092417,0.03207219613195977,0.03492221409704865
sbar,5.4,0.029527809429974298,0.03138283025873843,0.034174352253382966
sbar,5.425000000000001,0.028888796817504423,0.030705237225484593,0.033439190651088836
sbar,5.45,0.0282608623596426,0.030036770870625795,0.03271659595131345
sbar,5.4750000000000005,0.02764383456821666,0.029380044836843464,0.032006447382068044
sbar,5.5,0.027037567177440516,0.028737985223892506,0.03130860246320268
sbar,5.525,0.0264406280180349,0.028107667932227916,0.03062293172143612
sbar,5.550000000000001,0.02585318043747668,0.02748668726173664,0.02994909009430361
sbar,5.575,0.025275930008835705,0.026875408472495903,0.029286459345456227
sbar,5.6000000000000005,0.024709079392687988,0.02627507979509663,0.028635875217864228
sbar,5.625,0.024152574617853997,0.02568564650779798,0.02799697452252308
sbar,5.65,0.023607342378380664,0.02510632444386715,0.027369608655963457
sbar,5.675000000000001,0.02307263528668209,0.024536908426810916,0.026753663757312036
sbar,5.7,0.02254567143895227,0.02397957950488073,0.026148752801287325
sbar,5.7250000000000005,0.022030654914786178,0.023433958597672215,0.02555475406682784
sbar,5.75,0.021526082620964154,0.022898084084885674,0.024971781593098104
sbar,5.775,0.02103133042319741,0.022369722619760005,0.024399691871228188
sbar,5.800000000000001,0.02054639715476709,0.021851392615756353,0.02383835277357187
sbar,5.825,0.020070651918675714,0.02134482661108874,0.023287619205317855
sbar,5.8500000000000005,0.01960324421888526,0.020847689355256573,0.022746794256213877
sbar,5.875,0.019141741553567307,0.02035970544585853,0.022215358963588432
sbar,5.9,0.018691072551940396,0.01988117024535587,0.02169419932435715
sbar,5.925000000000001,0.018249977418600637,0.019412725731966122,0.021183931659613974
sbar,5.95,0.017817523028946784,0.018953441277443167,0.02068380606861375
sbar,5.9750000000000005,0.017393748247551015,0.01850278893192715,0.020194025518743764
sbar,6.0,0.016978533531992735,0.018061083257967996,0.019713899344624107
sbar,6.025,0.016570960955408536,0.01762896009505582,0.019243281484509944
sbar,6.050000000000001,0.01617075239179243,0.017203611064021268,0.018782026521469555
sbar,6.075,0.015778653692615142,0.016786949584768857,0.018330025468486902
sbar,6.1000000000000005,0.015394520340780591,0.016379080930212894,0.017887068670588115
sbar,6.125,0.015018263216336576,0.015980405590962456,0.01745290488085406
sbar,6.15,0.014649725853284617,0.01558989223168934,0.01702759096925958
sbar,6.175000000000001,0.014288832876057065,0.015207408340112218,0.016610993218684006
sbar,6.2,0.013935501051421332,0.014832371626439056,0.016202985199478458
sbar,6.2250000000000005,0.013590836359512302,0.014465552376448683,0.01580357629535184
sbar,6.25,0.013254086587752031,0.014107614555337739,0.015413208161707243
sbar,6.275,0.012924403480240609,0.013756477558855876,0.015031740509007407
sbar,6.300000000000001,0.01260153905291978,0.013411964903960235,0.014658264419864021
sbar,6.325,0.01228519987749284,0.013075712449129116,0.014292653380778056
sbar,6.3500000000000005,0.011975789053447549,0.01274694942855231,0.013934640037882112
sbar,6.375,0.011672935204457073,0.012425405109363883,0.013584087036594725
sbar,6.4,0.011375751901646015,0.012109695549510548,0.013238463386084974
sbar,6.425000000000001,0.011085068429849583,0.011800497581376327,0.012900024483331976
sbar,6.45,0.010799674499828412,0.011497922358269177,0.012568968869083064
sbar,6.4750000000000005,0.01052009579106558,0.011202383543975576,0.012245366694843114
sbar,6.5,0.010246858590973521,0.01091250254683823,0.011930644449642097
sbar,6.525,0.00998089862861443,0.010629417043283771,0.011622858037090796
sbar,6.550000000000001,0.009721130628408505,0.010352312819378475,0.011321891383047155
sbar,6.575,0.009467511848839094,0.010082356896371774,0.011027621703805135
sbar,6.6000000000000005,0.00921963989813702,0.009818509440456369,0.010739560331946077
sbar,6.625,0.008977354567008237,0.009560614845094309,0.010458007421263005
sbar,6.65,0.00874057569162396,0.009307852084878393,0.010182738719055654
sbar,6.675000000000001,0.008509181883619746,0.009060677104448337,0.009913532779563587
sbar,6.7,0.008282762624121654,0.008819221718089945,0.009650452854945505
sbar,6.7250000000000005,0.008061277958156383,0.008583924046986503,0.009393452799647832
sbar,6.75,0.007844927168164022,0.008354806728392044,0.009142254326651273
sbar,6.775,0.00763362719202608,0.008130960170194516,0.008896541677784907
sbar,6.800000000000001,0.007427272691610976,0.007911995896245931,0.00865651144157422
sbar,6.825,0.007225780115740632,0.007697732741732141,0.008422176908573963
sbar,6.8500000000000005,0.007029150901186433,0.007488405685337827,0.008193153346935872
sbar,6.875,0.006837341960445092,0.007283809807971864,0.00796989269045958
sbar,6.9,0.006650299370957701,0.007084320066967232,0.007752322782160898
sbar,6.925000000000001,0.006467990559574273,0.006889849602332031,0.0075402246253101785
sbar,6.95,0.0062900630595947565,0.006700088457367473,0.007333179609838169
sbar,6.9750000000000005,0.006116237983985315,0.006514870424313758,0.007131169514403425
sbar,7.0,0.005945986978977296,0.006334176894443037,0.006933800953452562
sbar,7.025,0.00577993732688572,0.006157905475867747,0.006741410329449497
sbar,7.050000000000001,0.005618045668090336,0.0059857471148510675,0.006553454941180248
sbar,7.075,0.005460278362718652,0.005817800108273474,0.006370062748563732
sbar,7.1000000000000005,0.005306516133076035,0.005654024980372525,0.006191161130360753
sbar,7.125,0.0051569324923888184,0.00549418780424955,0.006016696302670114
sbar,7.15,0.005011107704783013,0.005337953983682643,0.005846553833647142
sbar,7.175000000000001,0.004868879432418287,0.005185657831386289,0.005680670267768351
sbar,7.2,0.004730259659227259,0.005037196929764517,0.005518937501171675
sbar,7.2250000000000005,0.004595088328219003,0.004892508973162106,0.005361285239280784
sbar,7.25,0.0044633194932317145,0.004751491236851326,0.00520759977221236
sbar,7.275,0.004334643579091452,0.004614091296206055,0.005057761386899123
sbar,7.300000000000001,0.004209260526524632,0.004480209628991798,0.004911718164675645
sbar,7.325,0.004087092177492019,0.004349785444607869,0.004769443178303109
sbar,7.3500000000000005,0.003968073316718123,0.004222728507805416,0.0046308003146188804
sbar,7.375,0.003852133100144175,0.004098986488268853,0.004495769999304901
sbar,7.4,0.0037391536565454277,0.0039784640926308484,0.004364213643245065
sbar,7.425000000000001,0.003629105533551774,0.0038611094968593264,0.004236115607296943
sbar,7.45,0.003521906823189088,0.003747092769739896,0.004111338403685779
sbar,7.4750000000000005,0.003417687258325473,0.0036362060375243707,0.00398993073406548
sbar,7.5,0.0033162136678953234,0.003528235820689761,0.003871707867570516
sbar,7.525,0.0032174589068393305,0.003423155592637571,0.003756642644755518
sbar,7.550000000000001,0.003121306845050466,0.003320846622894729,0.0036446073471724004
sbar,7.575,0.0030277518170746575,0.0032212988036178906,0.003535584876672403
sbar,7.6000000000000005,0.002936444953142404,0.0031244005743587284,0.0034294554443691254
sbar,7.625,0.002847525078035242,0.0030301357778989087,0.0033261294509710935
sbar,7.65,0.002761509922298945,0.002938399961201189,0.003225551361687673
sbar,7.675000000000001,0.0026772477719350703,0.002849226984043736,0.003127629687331135
sbar,7.7,0.0025953496315157466,0.0027624803164066443,0.0030321253862915093
sbar,7.7250000000000005,0.0025156467993193194,0.0026781018567559444,0.0029393394956249586
sbar,7.75,0.0024382075329331247,0.002596065458356952,0.002849401775745294
sbar,7.775,0.0023629024380132243,0.0025160891579883377,0.0027621147080113227
sbar,7.800000000000001,0.00228995262046192,0.002438375877112051,0.0026772929515357993
sbar,7.825,0.002219241480463929,0.0023629583329115677,0.0025948287283620013
sbar,7.8500000000000005,0.0021505530036265456,0.0022897486981123794,0.002514664229261063
sbar,7.875,0.0020836184331017578,0.0022185373917438323,0.0024366764568930013
sbar,7.9,0.002018346425584751,0.0021493849826787256,0.0023607955279293705
sbar,7.925000000000001,0.0019549089753431556,0.002082030857952495,0.002287062567060295
sbar,7.95,0.0018932910841434113,0.002016552543098914,0.002215399769694072
sbar,7.9750000000000005,0.0018334173353556308,0.0019529518681489098,0.0021457802188909565
sbar,8.0,0.0017752738825598472,0.0018911527365777837,0.0020781122015810054
