endpoint,row_id,profile,qT,W_lambda1_fiducial,FO_DYTurbo,FO_DYTurbo_unc,profile_value,matched_lambda1,CS,error
exactbaseline_matched_reference_distance_b0p1_2p0_lam1e00_s303,LHCb_7:10,early_0p18_0p28,21.75,0.7782902121543884,0.5641114168982498,0.0001644137353501,0.6655444093888124,0.6357447123620343,1.003090909,0.028490973
exactbaseline_matched_reference_distance_b0p1_2p0_lam1e00_s304,LHCb_7:10,early_0p18_0p28,21.75,0.7824416160583496,0.5641114168982498,0.0001644137353501,0.6655444093888124,0.6371331726065992,1.003090909,0.028490973
exactbaseline_matched_reference_distance_b0p1_2p0_lam1e00_s305,LHCb_7:10,early_0p18_0p28,21.75,0.7783990502357483,0.5641114168982498,0.0001644137353501,0.6655444093888124,0.6357811138668166,1.003090909,0.028490973
exactbaseline_matched_reference_distance_b0p1_2p0_lam1e00_s306,LHCb_7:10,early_0p18_0p28,21.75,0.7742655277252197,0.5641114168982498,0.0001644137353501,0.6655444093888124,0.634398634154253,1.003090909,0.028490973
exactbaseline_matched_reference_distance_b0p1_2p0_lam1e00_s307,LHCb_7:10,early_0p18_0p28,21.75,0.7843670845031738,0.5641114168982498,0.0001644137353501,0.6655444093888124,0.6377771562925161,1.003090909,0.028490973
exactbaseline_matched_reference_distance_b0p1_2p0_lam1e00_s308,LHCb_7:10,early_0p18_0p28,21.75,0.7760269045829773,0.5641114168982498,0.0001644137353501,0.6655444093888124,0.6349877364915032,1.003090909,0.028490973
exactbaseline_matched_reference_distance_b0p1_2p0_lam1e00_s309,LHCb_7:10,early_0p18_0p28,21.75,0.7764087319374084,0.5641114168982498,0.0001644137353501,0.6655444093888124,0.635115440784841,1.003090909,0.028490973
exactbaseline_matched_reference_distance_b0p1_2p0_lam1e00_s310,LHCb_7:10,early_0p18_0p28,21.75,0.7809591293334961,0.5641114168982498,0.0001644137353501,0.6655444093888124,0.6366373466334652,1.003090909,0.028490973
exactbaseline_matched_reference_distance_b0p1_2p0_lam1e00_s311,LHCb_7:10,early_0p18_0p28,21.75,0.77447509765625,0.5641114168982498,0.0001644137353501,0.6655444093888124,0.63446872598931,1.003090909,0.028490973
exactbaseline_matched_reference_distance_b0p1_2p0_lam1e00_s312,LHCb_7:10,early_0p18_0p28,21.75,0.7781038284301758,0.5641114168982498,0.0001644137353501,0.6655444093888124,0.6356823752834724,1.003090909,0.028490973
exactbaseline_matched_reference_distance_b0p1_2p0_lam1e00_s313,LHCb_7:10,early_0p18_0p28,21.75,0.7816910147666931,0.5641114168982498,0.0001644137353501,0.6655444093888124,0.6368821298082847,1.003090909,0.028490973
exactbaseline_matched_reference_distance_b0p1_2p0_lam1e00_s314,LHCb_7:10,early_0p18_0p28,21.75,0.7786951661109924,0.5641114168982498,0.0001644137353501,0.6655444093888124,0.6358801514767607,1.003090909,0.028490973
exactbaseline_matched_reference_distance_b0p1_2p0_lam1e00_s315,LHCb_7:10,early_0p18_0p28,21.75,0.7802796363830566,0.5641114168982498,0.0001644137353501,0.6655444093888124,0.6364100864174098,1.003090909,0.028490973
exactbaseline_matched_reference_distance_b0p1_2p0_lam1e00_s316,LHCb_7:10,early_0p18_0p28,21.75,0.778334379196167,0.5641114168982498,0.0001644137353501,0.6655444093888124,0.6357594842760779,1.003090909,0.028490973
exactbaseline_matched_reference_distance_b0p1_2p0_lam1e00_s317,LHCb_7:10,early_0p18_0p28,21.75,0.7799738049507141,0.5641114168982498,0.0001644137353501,0.6655444093888124,0.6363077993850781,1.003090909,0.028490973
exactbaseline_matched_reference_distance_b0p1_2p0_lam1e00_s318,LHCb_7:10,early_0p18_0p28,21.75,0.7792174816131592,0.5641114168982498,0.0001644137353501,0.6655444093888124,0.6360548428165231,1.003090909,0.028490973
exactbaseline_matched_reference_distance_b0p1_2p0_lam1e00_s319,LHCb_7:10,early_0p18_0p28,21.75,0.7826938033103943,0.5641114168982498,0.0001644137353501,0.6655444093888124,0.6372175180429265,1.003090909,0.028490973
exactbaseline_matched_reference_distance_b0p1_2p0_lam1e00_s320,LHCb_7:10,early_0p18_0p28,21.75,0.7779152393341064,0.5641114168982498,0.0001644137353501,0.6655444093888124,0.6356193006059637,1.003090909,0.028490973
exactbaseline_matched_reference_distance_b0p1_2p0_lam1e00_s321,LHCb_7:10,early_0p18_0p28,21.75,0.7780917882919312,0.5641114168982498,0.0001644137353501,0.6655444093888124,0.6356783483919248,1.003090909,0.028490973
exactbaseline_matched_reference_distance_b0p1_2p0_lam1e00_s322,LHCb_7:10,early_0p18_0p28,21.75,0.7781652212142944,0.5641114168982498,0.0001644137353501,0.6655444093888124,0.6357029084433441,1.003090909,0.028490973
exactbaseline_matched_reference_distance_b0p1_2p0_lam1e00_s323,LHCb_7:10,early_0p18_0p28,21.75,0.7785296440124512,0.5641114168982498,0.0001644137353501,0.6655444093888124,0.6358247916855337,1.003090909,0.028490973
exactbaseline_matched_reference_distance_b0p1_2p0_lam1e00_s324,LHCb_7:10,early_0p18_0p28,21.75,0.7793025970458984,0.5641114168982498,0.0001644137353501,0.6655444093888124,0.6360833101488501,1.003090909,0.028490973
exactbaseline_matched_reference_distance_b0p1_2p0_lam1e00_s325,LHCb_7:10,early_0p18_0p28,21.75,0.7740185856819153,0.5641114168982498,0.0001644137353501,0.6655444093888124,0.6343160430073129,1.003090909,0.028490973
exactbaseline_matched_reference_distance_b0p1_2p0_lam1e00_s326,LHCb_7:10,early_0p18_0p28,21.75,0.783790647983551,0.5641114168982498,0.0001644137353501,0.6655444093888124,0.6375843638758958,1.003090909,0.028490973
lambda1_start_expansion48_s327_cont320000,LHCb_7:10,early_0p18_0p28,21.75,0.78255295753479,0.5641114168982498,0.0001644137353501,0.6655444093888124,0.6371704113858616,1.003090909,0.028490973
lambda1_start_expansion48_s328_cont240000,LHCb_7:10,early_0p18_0p28,21.75,0.7837511301040649,0.5641114168982498,0.0001644137353501,0.6655444093888124,0.6375711469001726,1.003090909,0.028490973
lambda1_start_expansion48_s329_cont200000,LHCb_7:10,early_0p18_0p28,21.75,0.781377911567688,0.5641114168982498,0.0001644137353501,0.6655444093888124,0.6367774106929391,1.003090909,0.028490973
lambda1_start_expansion48_s330_cont120000,LHCb_7:10,early_0p18_0p28,21.75,0.7799620032310486,0.5641114168982498,0.0001644137353501,0.6655444093888124,0.6363038522339572,1.003090909,0.028490973
lambda1_start_expansion48_s331_cont120000,LHCb_7:10,early_0p18_0p28,21.75,0.7836982011795044,0.5641114168982498,0.0001644137353501,0.6655444093888124,0.6375534445254483,1.003090909,0.028490973
lambda1_start_expansion48_s332_cont120000,LHCb_7:10,early_0p18_0p28,21.75,0.7805873155593872,0.5641114168982498,0.0001644137353501,0.6655444093888124,0.6365129914380481,1.003090909,0.028490973
lambda1_start_expansion48_s333_cont120000,LHCb_7:10,early_0p18_0p28,21.75,0.7759089469909668,0.5641114168982498,0.0001644137353501,0.6655444093888124,0.6349482849154002,1.003090909,0.028490973
lambda1_start_expansion48_s334_cont120000,LHCb_7:10,early_0p18_0p28,21.75,0.7831994295120239,0.5641114168982498,0.0001644137353501,0.6655444093888124,0.637386627552821,1.003090909,0.028490973
lambda1_start_expansion48_s335_cont120000,LHCb_7:10,early_0p18_0p28,21.75,0.7755053639411926,0.5641114168982498,0.0001644137353501,0.6655444093888124,0.6348133043081274,1.003090909,0.028490973
lambda1_start_expansion48_s336_cont120000,LHCb_7:10,early_0p18_0p28,21.75,0.7834780216217041,0.5641114168982498,0.0001644137353501,0.6655444093888124,0.6374798042414036,1.003090909,0.028490973
lambda1_start_expansion48_s337_cont120000,LHCb_7:10,early_0p18_0p28,21.75,0.7885406017303467,0.5641114168982498,0.0001644137353501,0.6655444093888124,0.6391730124616561,1.003090909,0.028490973
lambda1_start_expansion48_s338_cont120000,LHCb_7:10,early_0p18_0p28,21.75,0.7841213941574097,0.5641114168982498,0.0001644137353501,0.6655444093888124,0.6376949837828161,1.003090909,0.028490973
lambda1_start_expansion48_s339_cont120000,LHCb_7:10,early_0p18_0p28,21.75,0.7834593057632446,0.5641114168982498,0.0001644137353501,0.6655444093888124,0.6374735446179088,1.003090909,0.028490973
lambda1_start_expansion48_s340_cont120000,LHCb_7:10,early_0p18_0p28,21.75,0.7830824255943298,0.5641114168982498,0.0001644137353501,0.6655444093888124,0.6373474949384248,1.003090909,0.028490973
lambda1_start_expansion48_s341_cont120000,LHCb_7:10,early_0p18_0p28,21.75,0.7826427221298218,0.5641114168982498,0.0001644137353501,0.6655444093888124,0.6372004336565089,1.003090909,0.028490973
lambda1_start_expansion48_s342_cont120000,LHCb_7:10,early_0p18_0p28,21.75,0.7796461582183838,0.5641114168982498,0.0001644137353501,0.6655444093888124,0.6361982161037048,1.003090909,0.028490973
lambda1_start_expansion48_s343_cont120000,LHCb_7:10,early_0p18_0p28,21.75,0.7831855416297913,0.5641114168982498,0.0001644137353501,0.6655444093888124,0.6373819826729665,1.003090909,0.028490973
lambda1_start_expansion48_s344_cont120000,LHCb_7:10,early_0p18_0p28,21.75,0.7823072075843811,0.5641114168982498,0.0001644137353501,0.6655444093888124,0.6370882189410549,1.003090909,0.028490973
lambda1_start_expansion48_s345_cont120000,LHCb_7:10,early_0p18_0p28,21.75,0.7814782857894897,0.5641114168982498,0.0001644137353501,0.6655444093888124,0.6368109814125741,1.003090909,0.028490973
lambda1_start_expansion48_s346_cont120000,LHCb_7:10,early_0p18_0p28,21.75,0.7842811942100525,0.5641114168982498,0.0001644137353501,0.6655444093888124,0.6377484298038025,1.003090909,0.028490973
lambda1_start_expansion48_s347_cont120000,LHCb_7:10,early_0p18_0p28,21.75,0.7820255160331726,0.5641114168982498,0.0001644137353501,0.6655444093888124,0.6369940056269253,1.003090909,0.028490973
lambda1_start_expansion48_s348_cont120000,LHCb_7:10,early_0p18_0p28,21.75,0.7851479649543762,0.5641114168982498,0.0001644137353501,0.6655444093888124,0.6380383261250198,1.003090909,0.028490973
lambda1_start_expansion48_s349_cont160000,LHCb_7:10,early_0p18_0p28,21.75,0.7819802165031433,0.5641114168982498,0.0001644137353501,0.6655444093888124,0.636978854945855,1.003090909,0.028490973
lambda1_start_expansion48_s350_cont120000,LHCb_7:10,early_0p18_0p28,21.75,0.7843539714813232,0.5641114168982498,0.0001644137353501,0.6655444093888124,0.6377727705690484,1.003090909,0.028490973
lambda1_start_expansion96_s351_cont120000,LHCb_7:10,early_0p18_0p28,21.75,0.7815279364585876,0.5641114168982498,0.0001644137353501,0.6655444093888124,0.6368275873564315,1.003090909,0.028490973
lambda1_start_expansion96_s352_cont120000,LHCb_7:10,early_0p18_0p28,21.75,0.7836578488349915,0.5641114168982498,0.0001644137353501,0.6655444093888124,0.6375399484582316,1.003090909,0.028490973
lambda1_start_expansion96_s353_cont120000,LHCb_7:10,early_0p18_0p28,21.75,0.7819514870643616,0.5641114168982498,0.0001644137353501,0.6655444093888124,0.6369692462244393,1.003090909,0.028490973
lambda1_start_expansion96_s354_cont120000,LHCb_7:10,early_0p18_0p28,21.75,0.7799091339111328,0.5641114168982498,0.0001644137353501,0.6655444093888124,0.6362861697943396,1.003090909,0.028490973
lambda1_start_expansion96_s355_cont120000,LHCb_7:10,early_0p18_0p28,21.75,0.783725380897522,0.5641114168982498,0.0001644137353501,0.6655444093888124,0.6375625349340905,1.003090909,0.028490973
lambda1_start_expansion96_s356_cont120000,LHCb_7:10,early_0p18_0p28,21.75,0.7784995436668396,0.5641114168982498,0.0001644137353501,0.6655444093888124,0.6358147244566648,1.003090909,0.028490973
lambda1_start_expansion96_s357_cont120000,LHCb_7:10,early_0p18_0p28,21.75,0.7759111523628235,0.5641114168982498,0.0001644137353501,0.6655444093888124,0.634949022514347,1.003090909,0.028490973
lambda1_start_expansion96_s358_cont120000,LHCb_7:10,early_0p18_0p28,21.75,0.7831074595451355,0.5641114168982498,0.0001644137353501,0.6655444093888124,0.6373558676832268,1.003090909,0.028490973
lambda1_start_expansion96_s359_cont120000,LHCb_7:10,early_0p18_0p28,21.75,0.7755353450775146,0.5641114168982498,0.0001644137353501,0.6655444093888124,0.6348233316667832,1.003090909,0.028490973
lambda1_start_expansion96_s360_cont120000,LHCb_7:10,early_0p18_0p28,21.75,0.7834663987159729,0.5641114168982498,0.0001644137353501,0.6655444093888124,0.6374759168956028,1.003090909,0.028490973
lambda1_start_expansion96_s361_cont120000,LHCb_7:10,early_0p18_0p28,21.75,0.7882145643234253,0.5641114168982498,0.0001644137353501,0.6655444093888124,0.639063967428163,1.003090909,0.028490973
lambda1_start_expansion96_s362_cont120000,LHCb_7:10,early_0p18_0p28,21.75,0.7847518920898438,0.5641114168982498,0.0001644137353501,0.6655444093888124,0.6379058573411875,1.003090909,0.028490973
lambda1_start_expansion96_s363_cont120000,LHCb_7:10,early_0p18_0p28,21.75,0.7831404209136963,0.5641114168982498,0.0001644137353501,0.6655444093888124,0.6373668917972162,1.003090909,0.028490973
lambda1_start_expansion96_s364_cont120000,LHCb_7:10,early_0p18_0p28,21.75,0.7817344665527344,0.5641114168982498,0.0001644137353501,0.6655444093888124,0.6368966625010483,1.003090909,0.028490973
lambda1_start_expansion96_s365_cont120000,LHCb_7:10,early_0p18_0p28,21.75,0.7812037467956543,0.5641114168982498,0.0001644137353501,0.6655444093888124,0.636719160311245,1.003090909,0.028490973
lambda1_start_expansion96_s366_cont120000,LHCb_7:10,early_0p18_0p28,21.75,0.7802730798721313,0.5641114168982498,0.0001644137353501,0.6655444093888124,0.6364078935556758,1.003090909,0.028490973
lambda1_start_expansion96_s367_cont120000,LHCb_7:10,early_0p18_0p28,21.75,0.7837282419204712,0.5641114168982498,0.0001644137353501,0.6655444093888124,0.6375634918192108,1.003090909,0.028490973
lambda1_start_expansion96_s368_cont120000,LHCb_7:10,early_0p18_0p28,21.75,0.7824056148529053,0.5641114168982498,0.0001644137353501,0.6655444093888124,0.6371211318021697,1.003090909,0.028490973
lambda1_start_expansion96_s369_cont120000,LHCb_7:10,early_0p18_0p28,21.75,0.7811670899391174,0.5641114168982498,0.0001644137353501,0.6655444093888124,0.636706900220642,1.003090909,0.028490973
lambda1_start_expansion96_s370_cont120000,LHCb_7:10,early_0p18_0p28,21.75,0.7844277620315552,0.5641114168982498,0.0001644137353501,0.6655444093888124,0.6377974502311077,1.003090909,0.028490973
lambda1_start_expansion96_s371_cont120000,LHCb_7:10,early_0p18_0p28,21.75,0.7815902233123779,0.5641114168982498,0.0001644137353501,0.6655444093888124,0.6368484195429032,1.003090909,0.028490973
lambda1_start_expansion96_s372_cont120000,LHCb_7:10,early_0p18_0p28,21.75,0.7855234742164612,0.5641114168982498,0.0001644137353501,0.6655444093888124,0.6381639172970504,1.003090909,0.028490973
lambda1_start_expansion96_s373_cont120000,LHCb_7:10,early_0p18_0p28,21.75,0.7815151214599609,0.5641114168982498,0.0001644137353501,0.6655444093888124,0.6368233013084971,1.003090909,0.028490973
lambda1_start_expansion96_s374_cont120000,LHCb_7:10,early_0p18_0p28,21.75,0.782896876335144,0.5641114168982498,0.0001644137353501,0.6655444093888124,0.6372854369513563,1.003090909,0.028490973
lambda1_start_expansion96_s375_cont120000,LHCb_7:10,early_0p18_0p28,21.75,0.7803810834884644,0.5641114168982498,0.0001644137353501,0.6655444093888124,0.6364440159689646,1.003090909,0.028490973
lambda1_start_expansion96_s376_cont120000,LHCb_7:10,early_0p18_0p28,21.75,0.7836044430732727,0.5641114168982498,0.0001644137353501,0.6655444093888124,0.637522086602654,1.003090909,0.028490973
lambda1_start_expansion96_s377_cont120000,LHCb_7:10,early_0p18_0p28,21.75,0.7812908291816711,0.5641114168982498,0.0001644137353501,0.6655444093888124,0.6367482855020921,1.003090909,0.028490973
lambda1_start_expansion96_s378_cont120000,LHCb_7:10,early_0p18_0p28,21.75,0.7811253666877747,0.5641114168982498,0.0001644137353501,0.6655444093888124,0.636692945645972,1.003090909,0.028490973
lambda1_start_expansion96_s379_cont120000,LHCb_7:10,early_0p18_0p28,21.75,0.7836177945137024,0.5641114168982498,0.0001644137353501,0.6655444093888124,0.6375265520665484,1.003090909,0.028490973
lambda1_start_expansion96_s380_cont120000,LHCb_7:10,early_0p18_0p28,21.75,0.7784934043884277,0.5641114168982498,0.0001644137353501,0.6655444093888124,0.6358126711406775,1.003090909,0.028490973
lambda1_start_expansion96_s381_cont120000,LHCb_7:10,early_0p18_0p28,21.75,0.7754805088043213,0.5641114168982498,0.0001644137353501,0.6655444093888124,0.6348049913686453,1.003090909,0.028490973
lambda1_start_expansion96_s382_cont120000,LHCb_7:10,early_0p18_0p28,21.75,0.7834274172782898,0.5641114168982498,0.0001644137353501,0.6655444093888124,0.6374628793358396,1.003090909,0.028490973
lambda1_start_expansion96_s383_cont120000,LHCb_7:10,early_0p18_0p28,21.75,0.7755069732666016,0.5641114168982498,0.0001644137353501,0.6655444093888124,0.6348138425560075,1.003090909,0.028490973
lambda1_start_expansion96_s384_cont120000,LHCb_7:10,early_0p18_0p28,21.75,0.7835885882377625,0.5641114168982498,0.0001644137353501,0.6655444093888124,0.6375167838642793,1.003090909,0.028490973
lambda1_start_expansion96_s385_cont120000,LHCb_7:10,early_0p18_0p28,21.75,0.7879559993743896,0.5641114168982498,0.0001644137353501,0.6655444093888124,0.6389774889354218,1.003090909,0.028490973
lambda1_start_expansion96_s386_cont120000,LHCb_7:10,early_0p18_0p28,21.75,0.7852809429168701,0.5641114168982498,0.0001644137353501,0.6655444093888124,0.638082801348004,1.003090909,0.028490973
lambda1_start_expansion96_s387_cont120000,LHCb_7:10,early_0p18_0p28,21.75,0.783115029335022,0.5641114168982498,0.0001644137353501,0.6655444093888124,0.6373583994417741,1.003090909,0.028490973
lambda1_start_expansion96_s388_cont120000,LHCb_7:10,early_0p18_0p28,21.75,0.7826427817344666,0.5641114168982498,0.0001644137353501,0.6655444093888124,0.6372004535916156,1.003090909,0.028490973
lambda1_start_expansion96_s389_cont120000,LHCb_7:10,early_0p18_0p28,21.75,0.782331645488739,0.5641114168982498,0.0001644137353501,0.6655444093888124,0.6370963923347903,1.003090909,0.028490973
lambda1_start_expansion96_s390_cont120000,LHCb_7:10,early_0p18_0p28,21.75,0.7807048559188843,0.5641114168982498,0.0001644137353501,0.6655444093888124,0.6365523034684044,1.003090909,0.028490973
lambda1_start_expansion96_s391_cont120000,LHCb_7:10,early_0p18_0p28,21.75,0.7824119329452515,0.5641114168982498,0.0001644137353501,0.6655444093888124,0.6371232449234768,1.003090909,0.028490973
lambda1_start_expansion96_s392_cont120000,LHCb_7:10,early_0p18_0p28,21.75,0.7825720906257629,0.5641114168982498,0.0001644137353501,0.6655444093888124,0.6371768105551032,1.003090909,0.028490973
lambda1_start_expansion96_s393_cont120000,LHCb_7:10,early_0p18_0p28,21.75,0.7803519368171692,0.5641114168982498,0.0001644137353501,0.6655444093888124,0.6364342677018022,1.003090909,0.028490973
lambda1_start_expansion96_s394_cont120000,LHCb_7:10,early_0p18_0p28,21.75,0.7841026186943054,0.5641114168982498,0.0001644137353501,0.6655444093888124,0.6376887042242145,1.003090909,0.028490973
lambda1_start_expansion96_s395_cont120000,LHCb_7:10,early_0p18_0p28,21.75,0.7820835113525391,0.5641114168982498,0.0001644137353501,0.6655444093888124,0.6370134024857167,1.003090909,0.028490973
lambda1_start_expansion96_s396_cont120000,LHCb_7:10,early_0p18_0p28,21.75,0.7847878336906433,0.5641114168982498,0.0001644137353501,0.6655444093888124,0.6379178782105104,1.003090909,0.028490973
lambda1_start_expansion96_s397_cont120000,LHCb_7:10,early_0p18_0p28,21.75,0.7817310690879822,0.5641114168982498,0.0001644137353501,0.6655444093888124,0.636895526199968,1.003090909,0.028490973
lambda1_start_expansion96_s398_cont120000,LHCb_7:10,early_0p18_0p28,21.75,0.7814728021621704,0.5641114168982498,0.0001644137353501,0.6655444093888124,0.6368091473827603,1.003090909,0.028490973
exactbaseline_matched_reference_distance_b0p1_2p0_lam1e00_s303,LHCb_7:10,central_0p20_0p30,21.75,0.7782902121543884,0.5641114168982498,0.0001644137353501,0.38008211400701114,0.6968846828779605,1.003090909,0.028490973
exactbaseline_matched_reference_distance_b0p1_2p0_lam1e00_s304,LHCb_7:10,central_0p20_0p30,21.75,0.7824416160583496,0.5641114168982498,0.0001644137353501,0.38008211400701114,0.699458212410007,1.003090909,0.028490973
exactbaseline_matched_reference_distance_b0p1_2p0_lam1e00_s305,LHCb_7:10,central_0p20_0p30,21.75,0.7783990502357483,0.5641114168982498,0.0001644137353501,0.38008211400701114,0.6969521535512726,1.003090909,0.028490973
exactbaseline_matched_reference_distance_b0p1_2p0_lam1e00_s306,LHCb_7:10,central_0p20_0p30,21.75,0.7742655277252197,0.5641114168982498,0.0001644137353501,0.38008211400701114,0.6943897090148412,1.003090909,0.028490973
exactbaseline_matched_reference_distance_b0p1_2p0_lam1e00_s307,LHCb_7:10,central_0p20_0p30,21.75,0.7843670845031738,0.5641114168982498,0.0001644137353501,0.38008211400701114,0.7006518447378687,1.003090909,0.028490973
exactbaseline_matched_reference_distance_b0p1_2p0_lam1e00_s308,LHCb_7:10,central_0p20_0p30,21.75,0.7760269045829773,0.5641114168982498,0.0001644137353501,0.38008211400701114,0.6954816180329393,1.003090909,0.028490973
exactbaseline_matched_reference_distance_b0p1_2p0_lam1e00_s309,LHCb_7:10,central_0p20_0p30,21.75,0.7764087319374084,0.5641114168982498,0.0001644137353501,0.38008211400701114,0.6957183196393125,1.003090909,0.028490973
exactbaseline_matched_reference_distance_b0p1_2p0_lam1e00_s310,LHCb_7:10,central_0p20_0p30,21.75,0.7809591293334961,0.5641114168982498,0.0001644137353501,0.38008211400701114,0.6985391923735232,1.003090909,0.028490973
exactbaseline_matched_reference_distance_b0p1_2p0_lam1e00_s311,LHCb_7:10,central_0p20_0p30,21.75,0.77447509765625,0.5641114168982498,0.0001644137353501,0.38008211400701114,0.6945196251634532,1.003090909,0.028490973
exactbaseline_matched_reference_distance_b0p1_2p0_lam1e00_s312,LHCb_7:10,central_0p20_0p30,21.75,0.7781038284301758,0.5641114168982498,0.0001644137353501,0.38008211400701114,0.696769140273663,1.003090909,0.028490973
exactbaseline_matched_reference_distance_b0p1_2p0_lam1e00_s313,LHCb_7:10,central_0p20_0p30,21.75,0.7816910147666931,0.5641114168982498,0.0001644137353501,0.38008211400701114,0.6989929012440598,1.003090909,0.028490973
exactbaseline_matched_reference_distance_b0p1_2p0_lam1e00_s314,LHCb_7:10,central_0p20_0p30,21.75,0.7786951661109924,0.5641114168982498,0.0001644137353501,0.38008211400701114,0.6971357210786628,1.003090909,0.028490973
exactbaseline_matched_reference_distance_b0p1_2p0_lam1e00_s315,LHCb_7:10,central_0p20_0p30,21.75,0.7802796363830566,0.5641114168982498,0.0001644137353501,0.38008211400701114,0.6981179625401397,1.003090909,0.028490973
exactbaseline_matched_reference_distance_b0p1_2p0_lam1e00_s316,LHCb_7:10,central_0p20_0p30,21.75,0.778334379196167,0.5641114168982498,0.0001644137353501,0.38008211400701114,0.6969120628171304,1.003090909,0.028490973
exactbaseline_matched_reference_distance_b0p1_2p0_lam1e00_s317,LHCb_7:10,central_0p20_0p30,21.75,0.7799738049507141,0.5641114168982498,0.0001644137353501,0.38008211400701114,0.6979283721651317,1.003090909,0.028490973
exactbaseline_matched_reference_distance_b0p1_2p0_lam1e00_s318,LHCb_7:10,central_0p20_0p30,21.75,0.7792174816131592,0.5641114168982498,0.0001644137353501,0.38008211400701114,0.6974595138005875,1.003090909,0.028490973
exactbaseline_matched_reference_distance_b0p1_2p0_lam1e00_s319,LHCb_7:10,central_0p20_0p30,21.75,0.7826938033103943,0.5641114168982498,0.0001644137353501,0.38008211400701114,0.699614547798169,1.003090909,0.028490973
exactbaseline_matched_reference_distance_b0p1_2p0_lam1e00_s320,LHCb_7:10,central_0p20_0p30,21.75,0.7779152393341064,0.5641114168982498,0.0001644137353501,0.38008211400701114,0.6966522305199064,1.003090909,0.028490973
exactbaseline_matched_reference_distance_b0p1_2p0_lam1e00_s321,LHCb_7:10,central_0p20_0p30,21.75,0.7780917882919312,0.5641114168982498,0.0001644137353501,0.38008211400701114,0.6967616763766153,1.003090909,0.028490973
exactbaseline_matched_reference_distance_b0p1_2p0_lam1e00_s322,LHCb_7:10,central_0p20_0p30,21.75,0.7781652212142944,0.5641114168982498,0.0001644137353501,0.38008211400701114,0.6968071987586091,1.003090909,0.028490973
exactbaseline_matched_reference_distance_b0p1_2p0_lam1e00_s323,LHCb_7:10,central_0p20_0p30,21.75,0.7785296440124512,0.5641114168982498,0.0001644137353501,0.38008211400701114,0.69703311096925,1.003090909,0.028490973
exactbaseline_matched_reference_distance_b0p1_2p0_lam1e00_s324,LHCb_7:10,central_0p20_0p30,21.75,0.7793025970458984,0.5641114168982498,0.0001644137353501,0.38008211400701114,0.6975122783797165,1.003090909,0.028490973
exactbaseline_matched_reference_distance_b0p1_2p0_lam1e00_s325,LHCb_7:10,central_0p20_0p30,21.75,0.7740185856819153,0.5641114168982498,0.0001644137353501,0.38008211400701114,0.6942366252253932,1.003090909,0.028490973
exactbaseline_matched_reference_distance_b0p1_2p0_lam1e00_s326,LHCb_7:10,central_0p20_0p30,21.75,0.783790647983551,0.5641114168982498,0.0001644137353501,0.38008211400701114,0.700294501429215,1.003090909,0.028490973
lambda1_start_expansion48_s327_cont320000,LHCb_7:10,central_0p20_0p30,21.75,0.78255295753479,0.5641114168982498,0.0001644137353501,0.38008211400701114,0.6995272349827054,1.003090909,0.028490973
lambda1_start_expansion48_s328_cont240000,LHCb_7:10,central_0p20_0p30,21.75,0.7837511301040649,0.5641114168982498,0.0001644137353501,0.38008211400701114,0.700270003588905,1.003090909,0.028490973
lambda1_start_expansion48_s329_cont200000,LHCb_7:10,central_0p20_0p30,21.75,0.781377911567688,0.5641114168982498,0.0001644137353501,0.38008211400701114,0.6987988029708349,1.003090909,0.028490973
lambda1_start_expansion48_s330_cont120000,LHCb_7:10,central_0p20_0p30,21.75,0.7799620032310486,0.5641114168982498,0.0001644137353501,0.38008211400701114,0.6979210560680256,1.003090909,0.028490973
lambda1_start_expansion48_s331_cont120000,LHCb_7:10,central_0p20_0p30,21.75,0.7836982011795044,0.5641114168982498,0.0001644137353501,0.38008211400701114,0.7002371920018836,1.003090909,0.028490973
lambda1_start_expansion48_s332_cont120000,LHCb_7:10,central_0p20_0p30,21.75,0.7805873155593872,0.5641114168982498,0.0001644137353501,0.38008211400701114,0.6983086983646946,1.003090909,0.028490973
lambda1_start_expansion48_s333_cont120000,LHCb_7:10,central_0p20_0p30,21.75,0.7759089469909668,0.5641114168982498,0.0001644137353501,0.38008211400701114,0.6954084940118633,1.003090909,0.028490973
lambda1_start_expansion48_s334_cont120000,LHCb_7:10,central_0p20_0p30,21.75,0.7831994295120239,0.5641114168982498,0.0001644137353501,0.38008211400701114,0.6999279945241859,1.003090909,0.028490973
lambda1_start_expansion48_s335_cont120000,LHCb_7:10,central_0p20_0p30,21.75,0.7755053639411926,0.5641114168982498,0.0001644137353501,0.38008211400701114,0.6951583056608247,1.003090909,0.028490973
lambda1_start_expansion48_s336_cont120000,LHCb_7:10,central_0p20_0p30,21.75,0.7834780216217041,0.5641114168982498,0.0001644137353501,0.38008211400701114,0.7001006987558731,1.003090909,0.028490973
lambda1_start_expansion48_s337_cont120000,LHCb_7:10,central_0p20_0p30,21.75,0.7885406017303467,0.5641114168982498,0.0001644137353501,0.38008211400701114,0.703239082714493,1.003090909,0.028490973
lambda1_start_expansion48_s338_cont120000,LHCb_7:10,central_0p20_0p30,21.75,0.7841213941574097,0.5641114168982498,0.0001644137353501,0.38008211400701114,0.7004995368981137,1.003090909,0.028490973
lambda1_start_expansion48_s339_cont120000,LHCb_7:10,central_0p20_0p30,21.75,0.7834593057632446,0.5641114168982498,0.0001644137353501,0.38008211400701114,0.7000890964604625,1.003090909,0.028490973
lambda1_start_expansion48_s340_cont120000,LHCb_7:10,central_0p20_0p30,21.75,0.7830824255943298,0.5641114168982498,0.0001644137353501,0.38008211400701114,0.699855461702876,1.003090909,0.028490973
lambda1_start_expansion48_s341_cont120000,LHCb_7:10,central_0p20_0p30,21.75,0.7826427221298218,0.5641114168982498,0.0001644137353501,0.38008211400701114,0.6995828816606945,1.003090909,0.028490973
lambda1_start_expansion48_s342_cont120000,LHCb_7:10,central_0p20_0p30,21.75,0.7796461582183838,0.5641114168982498,0.0001644137353501,0.38008211400701114,0.6977252580954729,1.003090909,0.028490973
lambda1_start_expansion48_s343_cont120000,LHCb_7:10,central_0p20_0p30,21.75,0.7831855416297913,0.5641114168982498,0.0001644137353501,0.38008211400701114,0.6999193851775913,1.003090909,0.028490973
lambda1_start_expansion48_s344_cont120000,LHCb_7:10,central_0p20_0p30,21.75,0.7823072075843811,0.5641114168982498,0.0001644137353501,0.38008211400701114,0.699374890192965,1.003090909,0.028490973
lambda1_start_expansion48_s345_cont120000,LHCb_7:10,central_0p20_0p30,21.75,0.7814782857894897,0.5641114168982498,0.0001644137353501,0.38008211400701114,0.6988610267462224,1.003090909,0.028490973
lambda1_start_expansion48_s346_cont120000,LHCb_7:10,central_0p20_0p30,21.75,0.7842811942100525,0.5641114168982498,0.0001644137353501,0.38008211400701114,0.7005985998089296,1.003090909,0.028490973
lambda1_start_expansion48_s347_cont120000,LHCb_7:10,central_0p20_0p30,21.75,0.7820255160331726,0.5641114168982498,0.0001644137353501,0.38008211400701114,0.6992002645620378,1.003090909,0.028490973
lambda1_start_expansion48_s348_cont120000,LHCb_7:10,central_0p20_0p30,21.75,0.7851479649543762,0.5641114168982498,0.0001644137353501,0.38008211400701114,0.7011359264963913,1.003090909,0.028490973
lambda1_start_expansion48_s349_cont160000,LHCb_7:10,central_0p20_0p30,21.75,0.7819802165031433,0.5641114168982498,0.0001644137353501,0.38008211400701114,0.6991721825731455,1.003090909,0.028490973
lambda1_start_expansion48_s350_cont120000,LHCb_7:10,central_0p20_0p30,21.75,0.7843539714813232,0.5641114168982498,0.0001644137353501,0.38008211400701114,0.7006437157410841,1.003090909,0.028490973
lambda1_start_expansion96_s351_cont120000,LHCb_7:10,central_0p20_0p30,21.75,0.7815279364585876,0.5641114168982498,0.0001644137353501,0.38008211400701114,0.6988918060840477,1.003090909,0.028490973
lambda1_start_expansion96_s352_cont120000,LHCb_7:10,central_0p20_0p30,21.75,0.7836578488349915,0.5641114168982498,0.0001644137353501,0.38008211400701114,0.7002121768617783,1.003090909,0.028490973
lambda1_start_expansion96_s353_cont120000,LHCb_7:10,central_0p20_0p30,21.75,0.7819514870643616,0.5641114168982498,0.0001644137353501,0.38008211400701114,0.6991543726801901,1.003090909,0.028490973
lambda1_start_expansion96_s354_cont120000,LHCb_7:10,central_0p20_0p30,21.75,0.7799091339111328,0.5641114168982498,0.0001644137353501,0.38008211400701114,0.6978882814309895,1.003090909,0.028490973
lambda1_start_expansion96_s355_cont120000,LHCb_7:10,central_0p20_0p30,21.75,0.783725380897522,0.5641114168982498,0.0001644137353501,0.38008211400701114,0.700254041195219,1.003090909,0.028490973
lambda1_start_expansion96_s356_cont120000,LHCb_7:10,central_0p20_0p30,21.75,0.7784995436668396,0.5641114168982498,0.0001644137353501,0.38008211400701114,0.6970144512266309,1.003090909,0.028490973
lambda1_start_expansion96_s357_cont120000,LHCb_7:10,central_0p20_0p30,21.75,0.7759111523628235,0.5641114168982498,0.0001644137353501,0.38008211400701114,0.6954098611613225,1.003090909,0.028490973
lambda1_start_expansion96_s358_cont120000,LHCb_7:10,central_0p20_0p30,21.75,0.7831074595451355,0.5641114168982498,0.0001644137353501,0.38008211400701114,0.6998709806967376,1.003090909,0.028490973
lambda1_start_expansion96_s359_cont120000,LHCb_7:10,central_0p20_0p30,21.75,0.7755353450775146,0.5641114168982498,0.0001644137353501,0.38008211400701114,0.6951768915034732,1.003090909,0.028490973
lambda1_start_expansion96_s360_cont120000,LHCb_7:10,central_0p20_0p30,21.75,0.7834663987159729,0.5641114168982498,0.0001644137353501,0.38008211400701114,0.7000934935087232,1.003090909,0.028490973
lambda1_start_expansion96_s361_cont120000,LHCb_7:10,central_0p20_0p30,21.75,0.7882145643234253,0.5641114168982498,0.0001644137353501,0.38008211400701114,0.7030369662944397,1.003090909,0.028490973
lambda1_start_expansion96_s362_cont120000,LHCb_7:10,central_0p20_0p30,21.75,0.7847518920898438,0.5641114168982498,0.0001644137353501,0.38008211400701114,0.7008903938435112,1.003090909,0.028490973
lambda1_start_expansion96_s363_cont120000,LHCb_7:10,central_0p20_0p30,21.75,0.7831404209136963,0.5641114168982498,0.0001644137353501,0.38008211400701114,0.6998914140386552,1.003090909,0.028490973
lambda1_start_expansion96_s364_cont120000,LHCb_7:10,central_0p20_0p30,21.75,0.7817344665527344,0.5641114168982498,0.0001644137353501,0.38008211400701114,0.699019837783405,1.003090909,0.028490973
lambda1_start_expansion96_s365_cont120000,LHCb_7:10,central_0p20_0p30,21.75,0.7812037467956543,0.5641114168982498,0.0001644137353501,0.38008211400701114,0.6986908351135412,1.003090909,0.028490973
lambda1_start_expansion96_s366_cont120000,LHCb_7:10,central_0p20_0p30,21.75,0.7802730798721313,0.5641114168982498,0.0001644137353501,0.38008211400701114,0.6981138980417474,1.003090909,0.028490973
lambda1_start_expansion96_s367_cont120000,LHCb_7:10,central_0p20_0p30,21.75,0.7837282419204712,0.5641114168982498,0.0001644137353501,0.38008211400701114,0.7002558147945174,1.003090909,0.028490973
lambda1_start_expansion96_s368_cont120000,LHCb_7:10,central_0p20_0p30,21.75,0.7824056148529053,0.5641114168982498,0.0001644137353501,0.38008211400701114,0.6994358946188348,1.003090909,0.028490973
lambda1_start_expansion96_s369_cont120000,LHCb_7:10,central_0p20_0p30,21.75,0.7811670899391174,0.5641114168982498,0.0001644137353501,0.38008211400701114,0.6986681108725298,1.003090909,0.028490973
lambda1_start_expansion96_s370_cont120000,LHCb_7:10,central_0p20_0p30,21.75,0.7844277620315552,0.5641114168982498,0.0001644137353501,0.38008211400701114,0.7006894598229901,1.003090909,0.028490973
lambda1_start_expansion96_s371_cont120000,LHCb_7:10,central_0p20_0p30,21.75,0.7815902233123779,0.5641114168982498,0.0001644137353501,0.38008211400701114,0.6989304188187745,1.003090909,0.028490973
lambda1_start_expansion96_s372_cont120000,LHCb_7:10,central_0p20_0p30,21.75,0.7855234742164612,0.5641114168982498,0.0001644137353501,0.38008211400701114,0.7013687114043139,1.003090909,0.028490973
lambda1_start_expansion96_s373_cont120000,LHCb_7:10,central_0p20_0p30,21.75,0.7815151214599609,0.5641114168982498,0.0001644137353501,0.38008211400701114,0.6988838618371901,1.003090909,0.028490973
lambda1_start_expansion96_s374_cont120000,LHCb_7:10,central_0p20_0p30,21.75,0.782896876335144,0.5641114168982498,0.0001644137353501,0.38008211400701114,0.699740436398374,1.003090909,0.028490973
lambda1_start_expansion96_s375_cont120000,LHCb_7:10,central_0p20_0p30,21.75,0.7803810834884644,0.5641114168982498,0.0001644137353501,0.38008211400701114,0.6981808514152641,1.003090909,0.028490973
lambda1_start_expansion96_s376_cont120000,LHCb_7:10,central_0p20_0p30,21.75,0.7836044430732727,0.5641114168982498,0.0001644137353501,0.38008211400701114,0.7001790696748738,1.003090909,0.028490973
lambda1_start_expansion96_s377_cont120000,LHCb_7:10,central_0p20_0p30,21.75,0.7812908291816711,0.5641114168982498,0.0001644137353501,0.38008211400701114,0.6987448190421881,1.003090909,0.028490973
lambda1_start_expansion96_s378_cont120000,LHCb_7:10,central_0p20_0p30,21.75,0.7811253666877747,0.5641114168982498,0.0001644137353501,0.38008211400701114,0.6986422458827607,1.003090909,0.028490973
lambda1_start_expansion96_s379_cont120000,LHCb_7:10,central_0p20_0p30,21.75,0.7836177945137024,0.5641114168982498,0.0001644137353501,0.38008211400701114,0.7001873464715999,1.003090909,0.028490973
lambda1_start_expansion96_s380_cont120000,LHCb_7:10,central_0p20_0p30,21.75,0.7784934043884277,0.5641114168982498,0.0001644137353501,0.38008211400701114,0.6970106453781363,1.003090909,0.028490973
lambda1_start_expansion96_s381_cont120000,LHCb_7:10,central_0p20_0p30,21.75,0.7754805088043213,0.5641114168982498,0.0001644137353501,0.38008211400701114,0.6951428975169194,1.003090909,0.028490973
lambda1_start_expansion96_s382_cont120000,LHCb_7:10,central_0p20_0p30,21.75,0.7834274172782898,0.5641114168982498,0.0001644137353501,0.38008211400701114,0.7000693282182817,1.003090909,0.028490973
lambda1_start_expansion96_s383_cont120000,LHCb_7:10,central_0p20_0p30,21.75,0.7755069732666016,0.5641114168982498,0.0001644137353501,0.38008211400701114,0.6951593033104301,1.003090909,0.028490973
lambda1_start_expansion96_s384_cont120000,LHCb_7:10,central_0p20_0p30,21.75,0.7835885882377625,0.5641114168982498,0.0001644137353501,0.38008211400701114,0.7001692409787614,1.003090909,0.028490973
lambda1_start_expansion96_s385_cont120000,LHCb_7:10,central_0p20_0p30,21.75,0.7879559993743896,0.5641114168982498,0.0001644137353501,0.38008211400701114,0.7028766772578416,1.003090909,0.028490973
lambda1_start_expansion96_s386_cont120000,LHCb_7:10,central_0p20_0p30,21.75,0.7852809429168701,0.5641114168982498,0.0001644137353501,0.38008211400701114,0.7012183619137842,1.003090909,0.028490973
lambda1_start_expansion96_s387_cont120000,LHCb_7:10,central_0p20_0p30,21.75,0.783115029335022,0.5641114168982498,0.0001644137353501,0.38008211400701114,0.6998756733448814,1.003090909,0.028490973
lambda1_start_expansion96_s388_cont120000,LHCb_7:10,central_0p20_0p30,21.75,0.7826427817344666,0.5641114168982498,0.0001644137353501,0.38008211400701114,0.6995829186106799,1.003090909,0.028490973
lambda1_start_expansion96_s389_cont120000,LHCb_7:10,central_0p20_0p30,21.75,0.782331645488739,0.5641114168982498,0.0001644137353501,0.38008211400701114,0.6993900396869727,1.003090909,0.028490973
lambda1_start_expansion96_s390_cont120000,LHCb_7:10,central_0p20_0p30,21.75,0.7807048559188843,0.5641114168982498,0.0001644137353501,0.38008211400701114,0.6983815637358728,1.003090909,0.028490973
lambda1_start_expansion96_s391_cont120000,LHCb_7:10,central_0p20_0p30,21.75,0.7824119329452515,0.5641114168982498,0.0001644137353501,0.38008211400701114,0.6994398113172856,1.003090909,0.028490973
lambda1_start_expansion96_s392_cont120000,LHCb_7:10,central_0p20_0p30,21.75,0.7825720906257629,0.5641114168982498,0.0001644137353501,0.38008211400701114,0.6995390959280138,1.003090909,0.028490973
lambda1_start_expansion96_s393_cont120000,LHCb_7:10,central_0p20_0p30,21.75,0.7803519368171692,0.5641114168982498,0.0001644137353501,0.38008211400701114,0.6981627828724111,1.003090909,0.028490973
lambda1_start_expansion96_s394_cont120000,LHCb_7:10,central_0p20_0p30,21.75,0.7841026186943054,0.5641114168982498,0.0001644137353501,0.38008211400701114,0.7004878976527176,1.003090909,0.028490973
lambda1_start_expansion96_s395_cont120000,LHCb_7:10,central_0p20_0p30,21.75,0.7820835113525391,0.5641114168982498,0.0001644137353501,0.38008211400701114,0.6992362168978169,1.003090909,0.028490973
lambda1_start_expansion96_s396_cont120000,LHCb_7:10,central_0p20_0p30,21.75,0.7847878336906433,0.5641114168982498,0.0001644137353501,0.38008211400701114,0.7009126746846981,1.003090909,0.028490973
lambda1_start_expansion96_s397_cont120000,LHCb_7:10,central_0p20_0p30,21.75,0.7817310690879822,0.5641114168982498,0.0001644137353501,0.38008211400701114,0.6990177316342382,1.003090909,0.028490973
lambda1_start_expansion96_s398_cont120000,LHCb_7:10,central_0p20_0p30,21.75,0.7814728021621704,0.5641114168982498,0.0001644137353501,0.38008211400701114,0.6988576273475671,1.003090909,0.028490973
exactbaseline_matched_reference_distance_b0p1_2p0_lam1e00_s303,LHCb_7:10,late_0p22_0p32,21.75,0.7782902121543884,0.5641114168982498,0.0001644137353501,0.14677978825954124,0.7468530939370088,1.003090909,0.028490973
exactbaseline_matched_reference_distance_b0p1_2p0_lam1e00_s304,LHCb_7:10,late_0p22_0p32,21.75,0.7824416160583496,0.5641114168982498,0.0001644137353501,0.14677978825954124,0.7503951556549668,1.003090909,0.028490973
exactbaseline_matched_reference_distance_b0p1_2p0_lam1e00_s305,LHCb_7:10,late_0p22_0p32,21.75,0.7783990502357483,0.5641114168982498,0.0001644137353501,0.14677978825954124,0.746945956787832,1.003090909,0.028490973
exactbaseline_matched_reference_distance_b0p1_2p0_lam1e00_s306,LHCb_7:10,late_0p22_0p32,21.75,0.7742655277252197,0.5641114168982498,0.0001644137353501,0.14677978825954124,0.743419151836165,1.003090909,0.028490973
exactbaseline_matched_reference_distance_b0p1_2p0_lam1e00_s307,LHCb_7:10,late_0p22_0p32,21.75,0.7843670845031738,0.5641114168982498,0.0001644137353501,0.14677978825954124,0.7520380042491592,1.003090909,0.028490973
exactbaseline_matched_reference_distance_b0p1_2p0_lam1e00_s308,LHCb_7:10,late_0p22_0p32,21.75,0.7760269045829773,0.5641114168982498,0.0001644137353501,0.14677978825954124,0.7449219941716956,1.003090909,0.028490973
exactbaseline_matched_reference_distance_b0p1_2p0_lam1e00_s309,LHCb_7:10,late_0p22_0p32,21.75,0.7764087319374084,0.5641114168982498,0.0001644137353501,0.14677978825954124,0.7452477769878916,1.003090909,0.028490973
exactbaseline_matched_reference_distance_b0p1_2p0_lam1e00_s310,LHCb_7:10,late_0p22_0p32,21.75,0.7809591293334961,0.5641114168982498,0.0001644137353501,0.14677978825954124,0.7491302680176848,1.003090909,0.028490973
exactbaseline_matched_reference_distance_b0p1_2p0_lam1e00_s311,LHCb_7:10,late_0p22_0p32,21.75,0.77447509765625,0.5641114168982498,0.0001644137353501,0.14677978825954124,0.7435979611370931,1.003090909,0.028490973
exactbaseline_matched_reference_distance_b0p1_2p0_lam1e00_s312,LHCb_7:10,late_0p22_0p32,21.75,0.7781038284301758,0.5641114168982498,0.0001644137353501,0.14677978825954124,0.7466940675763711,1.003090909,0.028490973
exactbaseline_matched_reference_distance_b0p1_2p0_lam1e00_s313,LHCb_7:10,late_0p22_0p32,21.75,0.7816910147666931,0.5641114168982498,0.0001644137353501,0.14677978825954124,0.7497547274619669,1.003090909,0.028490973
exactbaseline_matched_reference_distance_b0p1_2p0_lam1e00_s314,LHCb_7:10,late_0p22_0p32,21.75,0.7786951661109924,0.5641114168982498,0.0001644137353501,0.14677978825954124,0.7471986088376077,1.003090909,0.028490973
exactbaseline_matched_reference_distance_b0p1_2p0_lam1e00_s315,LHCb_7:10,late_0p22_0p32,21.75,0.7802796363830566,0.5641114168982498,0.0001644137353501,0.14677978825954124,0.7485505108986348,1.003090909,0.028490973
exactbaseline_matched_reference_distance_b0p1_2p0_lam1e00_s316,LHCb_7:10,late_0p22_0p32,21.75,0.778334379196167,0.5641114168982498,0.0001644137353501,0.14677978825954124,0.7468907781497471,1.003090909,0.028490973
exactbaseline_matched_reference_distance_b0p1_2p0_lam1e00_s317,LHCb_7:10,late_0p22_0p32,21.75,0.7799738049507141,0.5641114168982498,0.0001644137353501,0.14677978825954124,0.7482895693391745,1.003090909,0.028490973
exactbaseline_matched_reference_distance_b0p1_2p0_lam1e00_s318,LHCb_7:10,late_0p22_0p32,21.75,0.7792174816131592,0.5641114168982498,0.0001644137353501,0.14677978825954124,0.7476442589809618,1.003090909,0.028490973
exactbaseline_matched_reference_distance_b0p1_2p0_lam1e00_s319,LHCb_7:10,late_0p22_0p32,21.75,0.7826938033103943,0.5641114168982498,0.0001644137353501,0.14677978825954124,0.7506103269155546,1.003090909,0.028490973
exactbaseline_matched_reference_distance_b0p1_2p0_lam1e00_s320,LHCb_7:10,late_0p22_0p32,21.75,0.7779152393341064,0.5641114168982498,0.0001644137353501,0.14677978825954124,0.7465331595478908,1.003090909,0.028490973
exactbaseline_matched_reference_distance_b0p1_2p0_lam1e00_s321,LHCb_7:10,late_0p22_0p32,21.75,0.7780917882919312,0.5641114168982498,0.0001644137353501,0.14677978825954124,0.7466837946870686,1.003090909,0.028490973
exactbaseline_matched_reference_distance_b0p1_2p0_lam1e00_s322,LHCb_7:10,late_0p22_0p32,21.75,0.7781652212142944,0.5641114168982498,0.0001644137353501,0.14677978825954124,0.7467464491406361,1.003090909,0.028490973
exactbaseline_matched_reference_distance_b0p1_2p0_lam1e00_s323,LHCb_7:10,late_0p22_0p32,21.75,0.7785296440124512,0.5641114168982498,0.0001644137353501,0.14677978825954124,0.7470573820376425,1.003090909,0.028490973
exactbaseline_matched_reference_distance_b0p1_2p0_lam1e00_s324,LHCb_7:10,late_0p22_0p32,21.75,0.7793025970458984,0.5641114168982498,0.0001644137353501,0.14677978825954124,0.7477168811885058,1.003090909,0.028490973
exactbaseline_matched_reference_distance_b0p1_2p0_lam1e00_s325,LHCb_7:10,late_0p22_0p32,21.75,0.7740185856819153,0.5641114168982498,0.0001644137353501,0.14677978825954124,0.7432084558936891,1.003090909,0.028490973
exactbaseline_matched_reference_distance_b0p1_2p0_lam1e00_s326,LHCb_7:10,late_0p22_0p32,21.75,0.783790647983551,0.5641114168982498,0.0001644137353501,0.14677978825954124,0.7515461769598317,1.003090909,0.028490973
lambda1_start_expansion48_s327_cont320000,LHCb_7:10,late_0p22_0p32,21.75,0.78255295753479,0.5641114168982498,0.0001644137353501,0.14677978825954124,0.7504901544530707,1.003090909,0.028490973
lambda1_start_expansion48_s328_cont240000,LHCb_7:10,late_0p22_0p32,21.75,0.7837511301040649,0.5641114168982498,0.0001644137353501,0.14677978825954124,0.7515124595063292,1.003090909,0.028490973
lambda1_start_expansion48_s329_cont200000,LHCb_7:10,late_0p22_0p32,21.75,0.781377911567688,0.5641114168982498,0.0001644137353501,0.14677978825954124,0.7494875814842152,1.003090909,0.028490973
lambda1_start_expansion48_s330_cont120000,LHCb_7:10,late_0p22_0p32,21.75,0.7799620032310486,0.5641114168982498,0.0001644137353501,0.14677978825954124,0.7482794998734226,1.003090909,0.028490973
lambda1_start_expansion48_s331_cont120000,LHCb_7:10,late_0p22_0p32,21.75,0.7836982011795044,0.5641114168982498,0.0001644137353501,0.14677978825954124,0.7514672994781084,1.003090909,0.028490973
lambda1_start_expansion48_s332_cont120000,LHCb_7:10,late_0p22_0p32,21.75,0.7805873155593872,0.5641114168982498,0.0001644137353501,0.14677978825954124,0.7488130289906116,1.003090909,0.028490973
lambda1_start_expansion48_s333_cont120000,LHCb_7:10,late_0p22_0p32,21.75,0.7759089469909668,0.5641114168982498,0.0001644137353501,0.14677978825954124,0.744821350370064,1.003090909,0.028490973
lambda1_start_expansion48_s334_cont120000,LHCb_7:10,late_0p22_0p32,21.75,0.7831994295120239,0.5641114168982498,0.0001644137353501,0.14677978825954124,0.7510417374103706,1.003090909,0.028490973
lambda1_start_expansion48_s335_cont120000,LHCb_7:10,late_0p22_0p32,21.75,0.7755053639411926,0.5641114168982498,0.0001644137353501,0.14677978825954124,0.7444770051548808,1.003090909,0.028490973
lambda1_start_expansion48_s336_cont120000,LHCb_7:10,late_0p22_0p32,21.75,0.7834780216217041,0.5641114168982498,0.0001644137353501,0.14677978825954124,0.7512794378291809,1.003090909,0.028490973
lambda1_start_expansion48_s337_cont120000,LHCb_7:10,late_0p22_0p32,21.75,0.7885406017303467,0.5641114168982498,0.0001644137353501,0.14677978825954124,0.7555989335014301,1.003090909,0.028490973
lambda1_start_expansion48_s338_cont120000,LHCb_7:10,late_0p22_0p32,21.75,0.7841213941574097,0.5641114168982498,0.0001644137353501,0.14677978825954124,0.7518283762803237,1.003090909,0.028490973
lambda1_start_expansion48_s339_cont120000,LHCb_7:10,late_0p22_0p32,21.75,0.7834593057632446,0.5641114168982498,0.0001644137353501,0.14677978825954124,0.7512634690804634,1.003090909,0.028490973
lambda1_start_expansion48_s340_cont120000,LHCb_7:10,late_0p22_0p32,21.75,0.7830824255943298,0.5641114168982498,0.0001644137353501,0.14677978825954124,0.7509419073029411,1.003090909,0.028490973
lambda1_start_expansion48_s341_cont120000,LHCb_7:10,late_0p22_0p32,21.75,0.7826427221298218,0.5641114168982498,0.0001644137353501,0.14677978825954124,0.7505667434198504,1.003090909,0.028490973
lambda1_start_expansion48_s342_cont120000,LHCb_7:10,late_0p22_0p32,21.75,0.7796461582183838,0.5641114168982498,0.0001644137353501,0.14677978825954124,0.7480100145248396,1.003090909,0.028490973
lambda1_start_expansion48_s343_cont120000,LHCb_7:10,late_0p22_0p32,21.75,0.7831855416297913,0.5641114168982498,0.0001644137353501,0.14677978825954124,0.7510298879885513,1.003090909,0.028490973
lambda1_start_expansion48_s344_cont120000,LHCb_7:10,late_0p22_0p32,21.75,0.7823072075843811,0.5641114168982498,0.0001644137353501,0.14677978825954124,0.7502804756283477,1.003090909,0.028490973
lambda1_start_expansion48_s345_cont120000,LHCb_7:10,late_0p22_0p32,21.75,0.7814782857894897,0.5641114168982498,0.0001644137353501,0.14677978825954124,0.7495732227989942,1.003090909,0.028490973
lambda1_start_expansion48_s346_cont120000,LHCb_7:10,late_0p22_0p32,21.75,0.7842811942100525,0.5641114168982498,0.0001644137353501,0.14677978825954124,0.7519647209150757,1.003090909,0.028490973
lambda1_start_expansion48_s347_cont120000,LHCb_7:10,late_0p22_0p32,21.75,0.7820255160331726,0.5641114168982498,0.0001644137353501,0.14677978825954124,0.7500401307033799,1.003090909,0.028490973
lambda1_start_expansion48_s348_cont120000,LHCb_7:10,late_0p22_0p32,21.75,0.7851479649543762,0.5641114168982498,0.0001644137353501,0.14677978825954124,0.7527042672330782,1.003090909,0.028490973
lambda1_start_expansion48_s349_cont160000,LHCb_7:10,late_0p22_0p32,21.75,0.7819802165031433,0.5641114168982498,0.0001644137353501,0.14677978825954124,0.7500014802287767,1.003090909,0.028490973
lambda1_start_expansion48_s350_cont120000,LHCb_7:10,late_0p22_0p32,21.75,0.7843539714813232,0.5641114168982498,0.0001644137353501,0.14677978825954124,0.7520268159538792,1.003090909,0.028490973
lambda1_start_expansion96_s351_cont120000,LHCb_7:10,late_0p22_0p32,21.75,0.7815279364585876,0.5641114168982498,0.0001644137353501,0.14677978825954124,0.7496155857533948,1.003090909,0.028490973
lambda1_start_expansion96_s352_cont120000,LHCb_7:10,late_0p22_0p32,21.75,0.7836578488349915,0.5641114168982498,0.0001644137353501,0.14677978825954124,0.7514328700421788,1.003090909,0.028490973
lambda1_start_expansion96_s353_cont120000,LHCb_7:10,late_0p22_0p32,21.75,0.7819514870643616,0.5641114168982498,0.0001644137353501,0.14677978825954124,0.749976967690936,1.003090909,0.028490973
lambda1_start_expansion96_s354_cont120000,LHCb_7:10,late_0p22_0p32,21.75,0.7799091339111328,0.5641114168982498,0.0001644137353501,0.14677978825954124,0.7482343907010895,1.003090909,0.028490973
lambda1_start_expansion96_s355_cont120000,LHCb_7:10,late_0p22_0p32,21.75,0.783725380897522,0.5641114168982498,0.0001644137353501,0.14677978825954124,0.7514904897628703,1.003090909,0.028490973
lambda1_start_expansion96_s356_cont120000,LHCb_7:10,late_0p22_0p32,21.75,0.7784995436668396,0.5641114168982498,0.0001644137353501,0.14677978825954124,0.7470316998143864,1.003090909,0.028490973
lambda1_start_expansion96_s357_cont120000,LHCb_7:10,late_0p22_0p32,21.75,0.7759111523628235,0.5641114168982498,0.0001644137353501,0.14677978825954124,0.7448232320379065,1.003090909,0.028490973
lambda1_start_expansion96_s358_cont120000,LHCb_7:10,late_0p22_0p32,21.75,0.7831074595451355,0.5641114168982498,0.0001644137353501,0.14677978825954124,0.7509632667757482,1.003090909,0.028490973
lambda1_start_expansion96_s359_cont120000,LHCb_7:10,late_0p22_0p32,21.75,0.7755353450775146,0.5641114168982498,0.0001644137353501,0.14677978825954124,0.7445025856663618,1.003090909,0.028490973
lambda1_start_expansion96_s360_cont120000,LHCb_7:10,late_0p22_0p32,21.75,0.7834663987159729,0.5641114168982498,0.0001644137353501,0.14677978825954124,0.751269520931092,1.003090909,0.028490973
lambda1_start_expansion96_s361_cont120000,LHCb_7:10,late_0p22_0p32,21.75,0.7882145643234253,0.5641114168982498,0.0001644137353501,0.14677978825954124,0.7553207517960614,1.003090909,0.028490973
lambda1_start_expansion96_s362_cont120000,LHCb_7:10,late_0p22_0p32,21.75,0.7847518920898438,0.5641114168982498,0.0001644137353501,0.14677978825954124,0.7523663298597372,1.003090909,0.028490973
lambda1_start_expansion96_s363_cont120000,LHCb_7:10,late_0p22_0p32,21.75,0.7831404209136963,0.5641114168982498,0.0001644137353501,0.14677978825954124,0.750991390081611,1.003090909,0.028490973
lambda1_start_expansion96_s364_cont120000,LHCb_7:10,late_0p22_0p32,21.75,0.7817344665527344,0.5641114168982498,0.0001644137353501,0.14677978825954124,0.7497918014040534,1.003090909,0.028490973
lambda1_start_expansion96_s365_cont120000,LHCb_7:10,late_0p22_0p32,21.75,0.7812037467956543,0.5641114168982498,0.0001644137353501,0.14677978825954124,0.7493389805805428,1.003090909,0.028490973
lambda1_start_expansion96_s366_cont120000,LHCb_7:10,late_0p22_0p32,21.75,0.7802730798721313,0.5641114168982498,0.0001644137353501,0.14677978825954124,0.7485449167509948,1.003090909,0.028490973
lambda1_start_expansion96_s367_cont120000,LHCb_7:10,late_0p22_0p32,21.75,0.7837282419204712,0.5641114168982498,0.0001644137353501,0.14677978825954124,0.751492930845477,1.003090909,0.028490973
lambda1_start_expansion96_s368_cont120000,LHCb_7:10,late_0p22_0p32,21.75,0.7824056148529053,0.5641114168982498,0.0001644137353501,0.14677978825954124,0.7503644386988346,1.003090909,0.028490973
lambda1_start_expansion96_s369_cont120000,LHCb_7:10,late_0p22_0p32,21.75,0.7811670899391174,0.5641114168982498,0.0001644137353501,0.14677978825954124,0.7493077042096468,1.003090909,0.028490973
lambda1_start_expansion96_s370_cont120000,LHCb_7:10,late_0p22_0p32,21.75,0.7844277620315552,0.5641114168982498,0.0001644137353501,0.14677978825954124,0.7520897755427727,1.003090909,0.028490973
lambda1_start_expansion96_s371_cont120000,LHCb_7:10,late_0p22_0p32,21.75,0.7815902233123779,0.5641114168982498,0.0001644137353501,0.14677978825954124,0.7496687301559746,1.003090909,0.028490973
lambda1_start_expansion96_s372_cont120000,LHCb_7:10,late_0p22_0p32,21.75,0.7855234742164612,0.5641114168982498,0.0001644137353501,0.14677978825954124,0.7530246593251848,1.003090909,0.028490973
lambda1_start_expansion96_s373_cont120000,LHCb_7:10,late_0p22_0p32,21.75,0.7815151214599609,0.5641114168982498,0.0001644137353501,0.14677978825954124,0.7496046517375532,1.003090909,0.028490973
lambda1_start_expansion96_s374_cont120000,LHCb_7:10,late_0p22_0p32,21.75,0.782896876335144,0.5641114168982498,0.0001644137353501,0.14677978825954124,0.7507835929247304,1.003090909,0.028490973
lambda1_start_expansion96_s375_cont120000,LHCb_7:10,late_0p22_0p32,21.75,0.7803810834884644,0.5641114168982498,0.0001644137353501,0.14677978825954124,0.7486370676193912,1.003090909,0.028490973
lambda1_start_expansion96_s376_cont120000,LHCb_7:10,late_0p22_0p32,21.75,0.7836044430732727,0.5641114168982498,0.0001644137353501,0.14677978825954124,0.751387303166857,1.003090909,0.028490973
lambda1_start_expansion96_s377_cont120000,LHCb_7:10,late_0p22_0p32,21.75,0.7812908291816711,0.5641114168982498,0.0001644137353501,0.14677978825954124,0.749413281032379,1.003090909,0.028490973
lambda1_start_expansion96_s378_cont120000,LHCb_7:10,late_0p22_0p32,21.75,0.7811253666877747,0.5641114168982498,0.0001644137353501,0.14677978825954124,0.7492721050883016,1.003090909,0.028490973
lambda1_start_expansion96_s379_cont120000,LHCb_7:10,late_0p22_0p32,21.75,0.7836177945137024,0.5641114168982498,0.0001644137353501,0.14677978825954124,0.7513986948856874,1.003090909,0.028490973
lambda1_start_expansion96_s380_cont120000,LHCb_7:10,late_0p22_0p32,21.75,0.7784934043884277,0.5641114168982498,0.0001644137353501,0.14677978825954124,0.7470264616579598,1.003090909,0.028490973
lambda1_start_expansion96_s381_cont120000,LHCb_7:10,late_0p22_0p32,21.75,0.7754805088043213,0.5641114168982498,0.0001644137353501,0.14677978825954124,0.7444557982497366,1.003090909,0.028490973
lambda1_start_expansion96_s382_cont120000,LHCb_7:10,late_0p22_0p32,21.75,0.7834274172782898,0.5641114168982498,0.0001644137353501,0.14677978825954124,0.7512362611805781,1.003090909,0.028490973
lambda1_start_expansion96_s383_cont120000,LHCb_7:10,late_0p22_0p32,21.75,0.7755069732666016,0.5641114168982498,0.0001644137353501,0.14677978825954124,0.7444783782638471,1.003090909,0.028490973
lambda1_start_expansion96_s384_cont120000,LHCb_7:10,late_0p22_0p32,21.75,0.7835885882377625,0.5641114168982498,0.0001644137353501,0.14677978825954124,0.7513737755007457,1.003090909,0.028490973
lambda1_start_expansion96_s385_cont120000,LHCb_7:10,late_0p22_0p32,21.75,0.7879559993743896,0.5641114168982498,0.0001644137353501,0.14677978825954124,0.7551001389554965,1.003090909,0.028490973
lambda1_start_expansion96_s386_cont120000,LHCb_7:10,late_0p22_0p32,21.75,0.7852809429168701,0.5641114168982498,0.0001644137353501,0.14677978825954124,0.752817726718394,1.003090909,0.028490973
lambda1_start_expansion96_s387_cont120000,LHCb_7:10,late_0p22_0p32,21.75,0.783115029335022,0.5641114168982498,0.0001644137353501,0.14677978825954124,0.750969725473478,1.003090909,0.028490973
lambda1_start_expansion96_s388_cont120000,LHCb_7:10,late_0p22_0p32,21.75,0.7826427817344666,0.5641114168982498,0.0001644137353501,0.14677978825954124,0.7505667942757381,1.003090909,0.028490973
lambda1_start_expansion96_s389_cont120000,LHCb_7:10,late_0p22_0p32,21.75,0.782331645488739,0.5641114168982498,0.0001644137353501,0.14677978825954124,0.7503013265422784,1.003090909,0.028490973
lambda1_start_expansion96_s390_cont120000,LHCb_7:10,late_0p22_0p32,21.75,0.7807048559188843,0.5641114168982498,0.0001644137353501,0.14677978825954124,0.7489133168010298,1.003090909,0.028490973
lambda1_start_expansion96_s391_cont120000,LHCb_7:10,late_0p22_0p32,21.75,0.7824119329452515,0.5641114168982498,0.0001644137353501,0.14677978825954124,0.750369829422924,1.003090909,0.028490973
lambda1_start_expansion96_s392_cont120000,LHCb_7:10,late_0p22_0p32,21.75,0.7825720906257629,0.5641114168982498,0.0001644137353501,0.14677978825954124,0.7505064791930018,1.003090909,0.028490973
lambda1_start_expansion96_s393_cont120000,LHCb_7:10,late_0p22_0p32,21.75,0.7803519368171692,0.5641114168982498,0.0001644137353501,0.14677978825954124,0.7486121990903372,1.003090909,0.028490973
lambda1_start_expansion96_s394_cont120000,LHCb_7:10,late_0p22_0p32,21.75,0.7841026186943054,0.5641114168982498,0.0001644137353501,0.14677978825954124,0.7518123566757184,1.003090909,0.028490973
lambda1_start_expansion96_s395_cont120000,LHCb_7:10,late_0p22_0p32,21.75,0.7820835113525391,0.5641114168982498,0.0001644137353501,0.14677978825954124,0.7500896134820498,1.003090909,0.028490973
lambda1_start_expansion96_s396_cont120000,LHCb_7:10,late_0p22_0p32,21.75,0.7847878336906433,0.5641114168982498,0.0001644137353501,0.14677978825954124,0.7523969959599817,1.003090909,0.028490973
lambda1_start_expansion96_s397_cont120000,LHCb_7:10,late_0p22_0p32,21.75,0.7817310690879822,0.5641114168982498,0.0001644137353501,0.14677978825954124,0.7497889026184583,1.003090909,0.028490973
lambda1_start_expansion96_s398_cont120000,LHCb_7:10,late_0p22_0p32,21.75,0.7814728021621704,0.5641114168982498,0.0001644137353501,0.14677978825954124,0.7495685440573316,1.003090909,0.028490973
exactbaseline_matched_reference_distance_b0p1_2p0_lam1e00_s303,LHCb_7:11,early_0p18_0p28,29.25,0.445834755897522,0.3145246899345256,9.455460550585812e-05,0.9999211686779653,0.3145350412806219,0.575263158,0.016701386
exactbaseline_matched_reference_distance_b0p1_2p0_lam1e00_s304,LHCb_7:11,early_0p18_0p28,29.25,0.4474233388900757,0.3145246899345256,9.455460550585812e-05,0.9999211686779653,0.31453516651071933,0.575263158,0.016701386
exactbaseline_matched_reference_distance_b0p1_2p0_lam1e00_s305,LHCb_7:11,early_0p18_0p28,29.25,0.44585931301116943,0.3145246899345256,9.455460550585812e-05,0.9999211686779653,0.3145350432164916,0.575263158,0.016701386
exactbaseline_matched_reference_distance_b0p1_2p0_lam1e00_s306,LHCb_7:11,early_0p18_0p28,29.25,0.44421327114105225,0.3145246899345256,9.455460550585812e-05,0.9999211686779653,0.3145349134568349,0.575263158,0.016701386
exactbaseline_matched_reference_distance_b0p1_2p0_lam1e00_s307,LHCb_7:11,early_0p18_0p28,29.25,0.44814205169677734,0.3145246899345256,9.455460550585812e-05,0.9999211686779653,0.3145352231678001,0.575263158,0.016701386
exactbaseline_matched_reference_distance_b0p1_2p0_lam1e00_s308,LHCb_7:11,early_0p18_0p28,29.25,0.4450463056564331,0.3145246899345256,9.455460550585812e-05,0.9999211686779653,0.31453497912604705,0.575263158,0.016701386
exactbaseline_matched_reference_distance_b0p1_2p0_lam1e00_s309,LHCb_7:11,early_0p18_0p28,29.25,0.44492578506469727,0.3145246899345256,9.455460550585812e-05,0.9999211686779653,0.31453496962524946,0.575263158,0.016701386
exactbaseline_matched_reference_distance_b0p1_2p0_lam1e00_s310,LHCb_7:11,early_0p18_0p28,29.25,0.44667792320251465,0.3145246899345256,9.455460550585812e-05,0.9999211686779653,0.31453510774861526,0.575263158,0.016701386
exactbaseline_matched_reference_distance_b0p1_2p0_lam1e00_s311,LHCb_7:11,early_0p18_0p28,29.25,0.4442540407180786,0.3145246899345256,9.455460550585812e-05,0.9999211686779653,0.31453491667075456,0.575263158,0.016701386
exactbaseline_matched_reference_distance_b0p1_2p0_lam1e00_s312,LHCb_7:11,early_0p18_0p28,29.25,0.44576966762542725,0.3145246899345256,9.455460550585812e-05,0.9999211686779653,0.31453503614962736,0.575263158,0.016701386
exactbaseline_matched_reference_distance_b0p1_2p0_lam1e00_s313,LHCb_7:11,early_0p18_0p28,29.25,0.4471818208694458,0.3145246899345256,9.455460550585812e-05,0.9999211686779653,0.3145351474715345,0.575263158,0.016701386
exactbaseline_matched_reference_distance_b0p1_2p0_lam1e00_s314,LHCb_7:11,early_0p18_0p28,29.25,0.4460228681564331,0.3145246899345256,9.455460550585812e-05,0.9999211686779653,0.31453505610975996,0.575263158,0.016701386
exactbaseline_matched_reference_distance_b0p1_2p0_lam1e00_s315,LHCb_7:11,early_0p18_0p28,29.25,0.44648849964141846,0.3145246899345256,9.455460550585812e-05,0.9999211686779653,0.3145350928161055,0.575263158,0.016701386
exactbaseline_matched_reference_distance_b0p1_2p0_lam1e00_s316,LHCb_7:11,early_0p18_0p28,29.25,0.4458503723144531,0.3145246899345256,9.455460550585812e-05,0.9999211686779653,0.3145350425116847,0.575263158,0.016701386
exactbaseline_matched_reference_distance_b0p1_2p0_lam1e00_s317,LHCb_7:11,early_0p18_0p28,29.25,0.44644641876220703,0.3145246899345256,9.455460550585812e-05,0.9999211686779653,0.31453508949881415,0.575263158,0.016701386
exactbaseline_matched_reference_distance_b0p1_2p0_lam1e00_s318,LHCb_7:11,early_0p18_0p28,29.25,0.44615745544433594,0.3145246899345256,9.455460550585812e-05,0.9999211686779653,0.3145350667194538,0.575263158,0.016701386
exactbaseline_matched_reference_distance_b0p1_2p0_lam1e00_s319,LHCb_7:11,early_0p18_0p28,29.25,0.44731760025024414,0.3145246899345256,9.455460550585812e-05,0.9999211686779653,0.3145351581752026,0.575263158,0.016701386
exactbaseline_matched_reference_distance_b0p1_2p0_lam1e00_s320,LHCb_7:11,early_0p18_0p28,29.25,0.4457848072052002,0.3145246899345256,9.455460550585812e-05,0.9999211686779653,0.31453503734310045,0.575263158,0.016701386
exactbaseline_matched_reference_distance_b0p1_2p0_lam1e00_s321,LHCb_7:11,early_0p18_0p28,29.25,0.445709228515625,0.3145246899345256,9.455460550585812e-05,0.9999211686779653,0.31453503138513245,0.575263158,0.016701386
exactbaseline_matched_reference_distance_b0p1_2p0_lam1e00_s322,LHCb_7:11,early_0p18_0p28,29.25,0.44588661193847656,0.3145246899345256,9.455460550585812e-05,0.9999211686779653,0.31453504536850213,0.575263158,0.016701386
exactbaseline_matched_reference_distance_b0p1_2p0_lam1e00_s323,LHCb_7:11,early_0p18_0p28,29.25,0.44592738151550293,0.3145246899345256,9.455460550585812e-05,0.9999211686779653,0.3145350485824218,0.575263158,0.016701386
exactbaseline_matched_reference_distance_b0p1_2p0_lam1e00_s324,LHCb_7:11,early_0p18_0p28,29.25,0.4461320638656616,0.3145246899345256,9.455460550585812e-05,0.9999211686779653,0.31453506471780207,0.575263158,0.016701386
exactbaseline_matched_reference_distance_b0p1_2p0_lam1e00_s325,LHCb_7:11,early_0p18_0p28,29.25,0.4441624879837036,0.3145246899345256,9.455460550585812e-05,0.9999211686779653,0.31453490945353146,0.575263158,0.016701386
exactbaseline_matched_reference_distance_b0p1_2p0_lam1e00_s326,LHCb_7:11,early_0p18_0p28,29.25,0.4476369619369507,0.3145246899345256,9.455460550585812e-05,0.9999211686779653,0.3145351833509066,0.575263158,0.016701386
lambda1_start_expansion48_s327_cont320000,LHCb_7:11,early_0p18_0p28,29.25,0.44747650623321533,0.3145246899345256,9.455460550585812e-05,0.9999211686779653,0.3145351707019713,0.575263158,0.016701386
lambda1_start_expansion48_s328_cont240000,LHCb_7:11,early_0p18_0p28,29.25,0.4479489326477051,0.3145246899345256,9.455460550585812e-05,0.9999211686779653,0.3145352079439701,0.575263158,0.016701386
lambda1_start_expansion48_s329_cont200000,LHCb_7:11,early_0p18_0p28,29.25,0.4470939636230469,0.3145246899345256,9.455460550585812e-05,0.9999211686779653,0.3145351405456316,0.575263158,0.016701386
lambda1_start_expansion48_s330_cont120000,LHCb_7:11,early_0p18_0p28,29.25,0.44657599925994873,0.3145246899345256,9.455460550585812e-05,0.9999211686779653,0.3145350997138161,0.575263158,0.016701386
lambda1_start_expansion48_s331_cont120000,LHCb_7:11,early_0p18_0p28,29.25,0.44798314571380615,0.3145246899345256,9.455460550585812e-05,0.9999211686779653,0.31453521064103135,0.575263158,0.016701386
lambda1_start_expansion48_s332_cont120000,LHCb_7:11,early_0p18_0p28,29.25,0.4467315673828125,0.3145246899345256,9.455460550585812e-05,0.9999211686779653,0.31453511197745687,0.575263158,0.016701386
lambda1_start_expansion48_s333_cont120000,LHCb_7:11,early_0p18_0p28,29.25,0.44478416442871094,0.3145246899345256,9.455460550585812e-05,0.9999211686779653,0.31453495846110746,0.575263158,0.016701386
lambda1_start_expansion48_s334_cont120000,LHCb_7:11,early_0p18_0p28,29.25,0.4476872682571411,0.3145246899345256,9.455460550585812e-05,0.9999211686779653,0.3145351873166203,0.575263158,0.016701386
lambda1_start_expansion48_s335_cont120000,LHCb_7:11,early_0p18_0p28,29.25,0.4446268081665039,0.3145246899345256,9.455460550585812e-05,0.9999211686779653,0.3145349460565053,0.575263158,0.016701386
lambda1_start_expansion48_s336_cont120000,LHCb_7:11,early_0p18_0p28,29.25,0.4478168487548828,0.3145246899345256,9.455460550585812e-05,0.9999211686779653,0.31453519753162223,0.575263158,0.016701386
lambda1_start_expansion48_s337_cont120000,LHCb_7:11,early_0p18_0p28,29.25,0.4495570659637451,0.3145246899345256,9.455460550585812e-05,0.9999211686779653,0.3145353347152454,0.575263158,0.016701386
lambda1_start_expansion48_s338_cont120000,LHCb_7:11,early_0p18_0p28,29.25,0.448012113571167,0.3145246899345256,9.455460550585812e-05,0.9999211686779653,0.31453521292460584,0.575263158,0.016701386
lambda1_start_expansion48_s339_cont120000,LHCb_7:11,early_0p18_0p28,29.25,0.44769883155822754,0.3145246899345256,9.455460550585812e-05,0.9999211686779653,0.3145351882281706,0.575263158,0.016701386
lambda1_start_expansion48_s340_cont120000,LHCb_7:11,early_0p18_0p28,29.25,0.44762659072875977,0.3145246899345256,9.455460550585812e-05,0.9999211686779653,0.3145351825333305,0.575263158,0.016701386
lambda1_start_expansion48_s341_cont120000,LHCb_7:11,early_0p18_0p28,29.25,0.4475499391555786,0.3145246899345256,9.455460550585812e-05,0.9999211686779653,0.31453517649078566,0.575263158,0.016701386
lambda1_start_expansion48_s342_cont120000,LHCb_7:11,early_0p18_0p28,29.25,0.4465329647064209,0.3145246899345256,9.455460550585812e-05,0.9999211686779653,0.31453509632134535,0.575263158,0.016701386
lambda1_start_expansion48_s343_cont120000,LHCb_7:11,early_0p18_0p28,29.25,0.4476814270019531,0.3145246899345256,9.455460550585812e-05,0.9999211686779653,0.3145351868561464,0.575263158,0.016701386
lambda1_start_expansion48_s344_cont120000,LHCb_7:11,early_0p18_0p28,29.25,0.44746291637420654,0.3145246899345256,9.455460550585812e-05,0.9999211686779653,0.31453516963066475,0.575263158,0.016701386
lambda1_start_expansion48_s345_cont120000,LHCb_7:11,early_0p18_0p28,29.25,0.4470505714416504,0.3145246899345256,9.455460550585812e-05,0.9999211686779653,0.3145351371249686,0.575263158,0.016701386
lambda1_start_expansion48_s346_cont120000,LHCb_7:11,early_0p18_0p28,29.25,0.4480893611907959,0.3145246899345256,9.455460550585812e-05,0.9999211686779653,0.31453521901413783,0.575263158,0.016701386
lambda1_start_expansion48_s347_cont120000,LHCb_7:11,early_0p18_0p28,29.25,0.4472759962081909,0.3145246899345256,9.455460550585812e-05,0.9999211686779653,0.31453515489550093,0.575263158,0.016701386
lambda1_start_expansion48_s348_cont120000,LHCb_7:11,early_0p18_0p28,29.25,0.4483429193496704,0.3145246899345256,9.455460550585812e-05,0.9999211686779653,0.3145352390024627,0.575263158,0.016701386
lambda1_start_expansion48_s349_cont160000,LHCb_7:11,early_0p18_0p28,29.25,0.447301983833313,0.3145246899345256,9.455460550585812e-05,0.9999211686779653,0.3145351569441398,0.575263158,0.016701386
lambda1_start_expansion48_s350_cont120000,LHCb_7:11,early_0p18_0p28,29.25,0.4481074810028076,0.3145246899345256,9.455460550585812e-05,0.9999211686779653,0.31453522044254656,0.575263158,0.016701386
lambda1_start_expansion96_s351_cont120000,LHCb_7:11,early_0p18_0p28,29.25,0.44715094566345215,0.3145246899345256,9.455460550585812e-05,0.9999211686779653,0.3145351450376012,0.575263158,0.016701386
lambda1_start_expansion96_s352_cont120000,LHCb_7:11,early_0p18_0p28,29.25,0.44790220260620117,0.3145246899345256,9.455460550585812e-05,0.9999211686779653,0.31453520426017917,0.575263158,0.016701386
lambda1_start_expansion96_s353_cont120000,LHCb_7:11,early_0p18_0p28,29.25,0.44723963737487793,0.3145246899345256,9.455460550585812e-05,0.9999211686779653,0.31453515202928606,0.575263158,0.016701386
lambda1_start_expansion96_s354_cont120000,LHCb_7:11,early_0p18_0p28,29.25,0.44655096530914307,0.3145246899345256,9.455460550585812e-05,0.9999211686779653,0.31453509774035665,0.575263158,0.016701386
lambda1_start_expansion96_s355_cont120000,LHCb_7:11,early_0p18_0p28,29.25,0.4479881525039673,0.3145246899345256,9.455460550585812e-05,0.9999211686779653,0.31453521103572324,0.575263158,0.016701386
lambda1_start_expansion96_s356_cont120000,LHCb_7:11,early_0p18_0p28,29.25,0.44600510597229004,0.3145246899345256,9.455460550585812e-05,0.9999211686779653,0.3145350547095435,0.575263158,0.016701386
lambda1_start_expansion96_s357_cont120000,LHCb_7:11,early_0p18_0p28,29.25,0.4447755813598633,0.3145246899345256,9.455460550585812e-05,0.9999211686779653,0.3145349577844928,0.575263158,0.016701386
lambda1_start_expansion96_s358_cont120000,LHCb_7:11,early_0p18_0p28,29.25,0.44765353202819824,0.3145246899345256,9.455460550585812e-05,0.9999211686779653,0.31453518465714875,0.575263158,0.016701386
lambda1_start_expansion96_s359_cont120000,LHCb_7:11,early_0p18_0p28,29.25,0.44463491439819336,0.3145246899345256,9.455460550585812e-05,0.9999211686779653,0.3145349466955303,0.575263158,0.016701386
lambda1_start_expansion96_s360_cont120000,LHCb_7:11,early_0p18_0p28,29.25,0.4478025436401367,0.3145246899345256,9.455460550585812e-05,0.9999211686779653,0.3145351964039311,0.575263158,0.016701386
lambda1_start_expansion96_s361_cont120000,LHCb_7:11,early_0p18_0p28,29.25,0.4494525194168091,0.3145246899345256,9.455460550585812e-05,0.9999211686779653,0.3145353264737029,0.575263158,0.016701386
lambda1_start_expansion96_s362_cont120000,LHCb_7:11,early_0p18_0p28,29.25,0.44823217391967773,0.3145246899345256,9.455460550585812e-05,0.9999211686779653,0.31453523027225405,0.575263158,0.016701386
lambda1_start_expansion96_s363_cont120000,LHCb_7:11,early_0p18_0p28,29.25,0.44759273529052734,0.3145246899345256,9.455460550585812e-05,0.9999211686779653,0.31453517986446156,0.575263158,0.016701386
lambda1_start_expansion96_s364_cont120000,LHCb_7:11,early_0p18_0p28,29.25,0.447177529335022,0.3145246899345256,9.455460550585812e-05,0.9999211686779653,0.31453514713322717,0.575263158,0.016701386
lambda1_start_expansion96_s365_cont120000,LHCb_7:11,early_0p18_0p28,29.25,0.4470306634902954,0.3145246899345256,9.455460550585812e-05,0.9999211686779653,0.3145351355555985,0.575263158,0.016701386
lambda1_start_expansion96_s366_cont120000,LHCb_7:11,early_0p18_0p28,29.25,0.44670891761779785,0.3145246899345256,9.455460550585812e-05,0.9999211686779653,0.31453511019194597,0.575263158,0.016701386
lambda1_start_expansion96_s367_cont120000,LHCb_7:11,early_0p18_0p28,29.25,0.4478893280029297,0.3145246899345256,9.455460550585812e-05,0.9999211686779653,0.3145352032452572,0.575263158,0.016701386
lambda1_start_expansion96_s368_cont120000,LHCb_7:11,early_0p18_0p28,29.25,0.44748759269714355,0.3145246899345256,9.455460550585812e-05,0.9999211686779653,0.3145351715759319,0.575263158,0.016701386
lambda1_start_expansion96_s369_cont120000,LHCb_7:11,early_0p18_0p28,29.25,0.44694459438323975,0.3145246899345256,9.455460550585812e-05,0.9999211686779653,0.314535128770657,0.575263158,0.016701386
lambda1_start_expansion96_s370_cont120000,LHCb_7:11,early_0p18_0p28,29.25,0.4481391906738281,0.3145246899345256,9.455460550585812e-05,0.9999211686779653,0.3145352229422618,0.575263158,0.016701386
lambda1_start_expansion96_s371_cont120000,LHCb_7:11,early_0p18_0p28,29.25,0.4471306800842285,0.3145246899345256,9.455460550585812e-05,0.9999211686779653,0.3145351434400388,0.575263158,0.016701386
lambda1_start_expansion96_s372_cont120000,LHCb_7:11,early_0p18_0p28,29.25,0.4484705924987793,0.3145246899345256,9.455460550585812e-05,0.9999211686779653,0.31453524906710584,0.575263158,0.016701386
lambda1_start_expansion96_s373_cont120000,LHCb_7:11,early_0p18_0p28,29.25,0.4469658136367798,0.3145246899345256,9.455460550585812e-05,0.9999211686779653,0.31453513044339876,0.575263158,0.016701386
lambda1_start_expansion96_s374_cont120000,LHCb_7:11,early_0p18_0p28,29.25,0.4476269483566284,0.3145246899345256,9.455460550585812e-05,0.9999211686779653,0.3145351825615228,0.575263158,0.016701386
lambda1_start_expansion96_s375_cont120000,LHCb_7:11,early_0p18_0p28,29.25,0.44676172733306885,0.3145246899345256,9.455460550585812e-05,0.9999211686779653,0.31453511435500564,0.575263158,0.016701386
lambda1_start_expansion96_s376_cont120000,LHCb_7:11,early_0p18_0p28,29.25,0.44788575172424316,0.3145246899345256,9.455460550585812e-05,0.9999211686779653,0.3145352029633344,0.575263158,0.016701386
lambda1_start_expansion96_s377_cont120000,LHCb_7:11,early_0p18_0p28,29.25,0.44704556465148926,0.3145246899345256,9.455460550585812e-05,0.9999211686779653,0.3145351367302767,0.575263158,0.016701386
lambda1_start_expansion96_s378_cont120000,LHCb_7:11,early_0p18_0p28,29.25,0.44692039489746094,0.3145246899345256,9.455460550585812e-05,0.9999211686779653,0.3145351268629795,0.575263158,0.016701386
lambda1_start_expansion96_s379_cont120000,LHCb_7:11,early_0p18_0p28,29.25,0.44795775413513184,0.3145246899345256,9.455460550585812e-05,0.9999211686779653,0.3145352086393796,0.575263158,0.016701386
lambda1_start_expansion96_s380_cont120000,LHCb_7:11,early_0p18_0p28,29.25,0.4459402561187744,0.3145246899345256,9.455460550585812e-05,0.9999211686779653,0.3145350495973438,0.575263158,0.016701386
lambda1_start_expansion96_s381_cont120000,LHCb_7:11,early_0p18_0p28,29.25,0.4446272850036621,0.3145246899345256,9.455460550585812e-05,0.9999211686779653,0.314534946094095,0.575263158,0.016701386
lambda1_start_expansion96_s382_cont120000,LHCb_7:11,early_0p18_0p28,29.25,0.44780611991882324,0.3145246899345256,9.455460550585812e-05,0.9999211686779653,0.3145351966858539,0.575263158,0.016701386
lambda1_start_expansion96_s383_cont120000,LHCb_7:11,early_0p18_0p28,29.25,0.444629430770874,0.3145246899345256,9.455460550585812e-05,0.9999211686779653,0.3145349462632487,0.575263158,0.016701386
lambda1_start_expansion96_s384_cont120000,LHCb_7:11,early_0p18_0p28,29.25,0.4478250741958618,0.3145246899345256,9.455460550585812e-05,0.9999211686779653,0.3145351981800446,0.575263158,0.016701386
lambda1_start_expansion96_s385_cont120000,LHCb_7:11,early_0p18_0p28,29.25,0.4493696689605713,0.3145246899345256,9.455460550585812e-05,0.9999211686779653,0.31453531994249195,0.575263158,0.016701386
lambda1_start_expansion96_s386_cont120000,LHCb_7:11,early_0p18_0p28,29.25,0.4484196901321411,0.3145246899345256,9.455460550585812e-05,0.9999211686779653,0.314535245054405,0.575263158,0.016701386
lambda1_start_expansion96_s387_cont120000,LHCb_7:11,early_0p18_0p28,29.25,0.44759225845336914,0.3145246899345256,9.455460550585812e-05,0.9999211686779653,0.31453517982687185,0.575263158,0.016701386
lambda1_start_expansion96_s388_cont120000,LHCb_7:11,early_0p18_0p28,29.25,0.4475001096725464,0.3145246899345256,9.455460550585812e-05,0.9999211686779653,0.3145351725626616,0.575263158,0.016701386
lambda1_start_expansion96_s389_cont120000,LHCb_7:11,early_0p18_0p28,29.25,0.447415828704834,0.3145246899345256,9.455460550585812e-05,0.9999211686779653,0.3145351659186815,0.575263158,0.016701386
lambda1_start_expansion96_s390_cont120000,LHCb_7:11,early_0p18_0p28,29.25,0.4468510150909424,0.3145246899345256,9.455460550585812e-05,0.9999211686779653,0.3145351213936776,0.575263158,0.016701386
lambda1_start_expansion96_s391_cont120000,LHCb_7:11,early_0p18_0p28,29.25,0.44739043712615967,0.3145246899345256,9.455460550585812e-05,0.9999211686779653,0.3145351639170298,0.575263158,0.016701386
lambda1_start_expansion96_s392_cont120000,LHCb_7:11,early_0p18_0p28,29.25,0.44754016399383545,0.3145246899345256,9.455460550585812e-05,0.9999211686779653,0.31453517572019674,0.575263158,0.016701386
lambda1_start_expansion96_s393_cont120000,LHCb_7:11,early_0p18_0p28,29.25,0.446663498878479,0.3145246899345256,9.455460550585812e-05,0.9999211686779653,0.3145351066115267,0.575263158,0.016701386
lambda1_start_expansion96_s394_cont120000,LHCb_7:11,early_0p18_0p28,29.25,0.44802165031433105,0.3145246899345256,9.455460550585812e-05,0.9999211686779653,0.3145352136763999,0.575263158,0.016701386
lambda1_start_expansion96_s395_cont120000,LHCb_7:11,early_0p18_0p28,29.25,0.44729626178741455,0.3145246899345256,9.455460550585812e-05,0.9999211686779653,0.31453515649306335,0.575263158,0.016701386
lambda1_start_expansion96_s396_cont120000,LHCb_7:11,early_0p18_0p28,29.25,0.44821345806121826,0.3145246899345256,9.455460550585812e-05,0.9999211686779653,0.3145352287968582,0.575263158,0.016701386
lambda1_start_expansion96_s397_cont120000,LHCb_7:11,early_0p18_0p28,29.25,0.4470170736312866,0.3145246899345256,9.455460550585812e-05,0.9999211686779653,0.31453513448429193,0.575263158,0.016701386
lambda1_start_expansion96_s398_cont120000,LHCb_7:11,early_0p18_0p28,29.25,0.44717323780059814,0.3145246899345256,9.455460550585812e-05,0.9999211686779653,0.31453514679491984,0.575263158,0.016701386
exactbaseline_matched_reference_distance_b0p1_2p0_lam1e00_s303,LHCb_7:11,central_0p20_0p30,29.25,0.445834755897522,0.3145246899345256,9.455460550585812e-05,0.9901643897773105,0.31581620456165327,0.575263158,0.016701386
exactbaseline_matched_reference_distance_b0p1_2p0_lam1e00_s304,LHCb_7:11,central_0p20_0p30,29.25,0.4474233388900757,0.3145246899345256,9.455460550585812e-05,0.9901643897773105,0.31583182924477443,0.575263158,0.016701386
exactbaseline_matched_reference_distance_b0p1_2p0_lam1e00_s305,LHCb_7:11,central_0p20_0p30,29.25,0.44585931301116943,0.3145246899345256,9.455460550585812e-05,0.9901643897773105,0.3158164460958513,0.575263158,0.016701386
exactbaseline_matched_reference_distance_b0p1_2p0_lam1e00_s306,LHCb_7:11,central_0p20_0p30,29.25,0.44421327114105225,0.3145246899345256,9.455460550585812e-05,0.9901643897773105,0.3158002562696066,0.575263158,0.016701386
exactbaseline_matched_reference_distance_b0p1_2p0_lam1e00_s307,LHCb_7:11,central_0p20_0p30,29.25,0.44814205169677734,0.3145246899345256,9.455460550585812e-05,0.9901643897773105,0.31583889822380323,0.575263158,0.016701386
exactbaseline_matched_reference_distance_b0p1_2p0_lam1e00_s308,LHCb_7:11,central_0p20_0p30,29.25,0.4450463056564331,0.3145246899345256,9.455460550585812e-05,0.9901643897773105,0.31580844967240196,0.575263158,0.016701386
exactbaseline_matched_reference_distance_b0p1_2p0_lam1e00_s309,LHCb_7:11,central_0p20_0p30,29.25,0.44492578506469727,0.3145246899345256,9.455460550585812e-05,0.9901643897773105,0.3158072642788378,0.575263158,0.016701386
exactbaseline_matched_reference_distance_b0p1_2p0_lam1e00_s310,LHCb_7:11,central_0p20_0p30,29.25,0.44667792320251465,0.3145246899345256,9.455460550585812e-05,0.9901643897773105,0.3158244976266177,0.575263158,0.016701386
exactbaseline_matched_reference_distance_b0p1_2p0_lam1e00_s311,LHCb_7:11,central_0p20_0p30,29.25,0.4442540407180786,0.3145246899345256,9.455460550585812e-05,0.9901643897773105,0.3158006572632752,0.575263158,0.016701386
exactbaseline_matched_reference_distance_b0p1_2p0_lam1e00_s312,LHCb_7:11,central_0p20_0p30,29.25,0.44576966762542725,0.3145246899345256,9.455460550585812e-05,0.9901643897773105,0.3158155643787789,0.575263158,0.016701386
exactbaseline_matched_reference_distance_b0p1_2p0_lam1e00_s313,LHCb_7:11,central_0p20_0p30,29.25,0.4471818208694458,0.3145246899345256,9.455460550585812e-05,0.9901643897773105,0.31582945376766175,0.575263158,0.016701386
exactbaseline_matched_reference_distance_b0p1_2p0_lam1e00_s314,LHCb_7:11,central_0p20_0p30,29.25,0.4460228681564331,0.3145246899345256,9.455460550585812e-05,0.9901643897773105,0.31581805476051006,0.575263158,0.016701386
exactbaseline_matched_reference_distance_b0p1_2p0_lam1e00_s315,LHCb_7:11,central_0p20_0p30,29.25,0.44648849964141846,0.3145246899345256,9.455460550585812e-05,0.9901643897773105,0.3158226345303038,0.575263158,0.016701386
exactbaseline_matched_reference_distance_b0p1_2p0_lam1e00_s316,LHCb_7:11,central_0p20_0p30,29.25,0.4458503723144531,0.3145246899345256,9.455460550585812e-05,0.9901643897773105,0.3158163581586433,0.575263158,0.016701386
exactbaseline_matched_reference_distance_b0p1_2p0_lam1e00_s317,LHCb_7:11,central_0p20_0p30,29.25,0.44644641876220703,0.3145246899345256,9.455460550585812e-05,0.9901643897773105,0.31582222063917803,0.575263158,0.016701386
exactbaseline_matched_reference_distance_b0p1_2p0_lam1e00_s318,LHCb_7:11,central_0p20_0p30,29.25,0.44615745544433594,0.3145246899345256,9.455460550585812e-05,0.9901643897773105,0.3158193785086148,0.575263158,0.016701386
exactbaseline_matched_reference_distance_b0p1_2p0_lam1e00_s319,LHCb_7:11,central_0p20_0p30,29.25,0.44731760025024414,0.3145246899345256,9.455460550585812e-05,0.9901643897773105,0.3158307892407276,0.575263158,0.016701386
exactbaseline_matched_reference_distance_b0p1_2p0_lam1e00_s320,LHCb_7:11,central_0p20_0p30,29.25,0.4457848072052002,0.3145246899345256,9.455460550585812e-05,0.9901643897773105,0.3158157132857845,0.575263158,0.016701386
exactbaseline_matched_reference_distance_b0p1_2p0_lam1e00_s321,LHCb_7:11,central_0p20_0p30,29.25,0.445709228515625,0.3145246899345256,9.455460550585812e-05,0.9901643897773105,0.3158149699232527,0.575263158,0.016701386
exactbaseline_matched_reference_distance_b0p1_2p0_lam1e00_s322,LHCb_7:11,central_0p20_0p30,29.25,0.44588661193847656,0.3145246899345256,9.455460550585812e-05,0.9901643897773105,0.3158167145974598,0.575263158,0.016701386
exactbaseline_matched_reference_distance_b0p1_2p0_lam1e00_s323,LHCb_7:11,central_0p20_0p30,29.25,0.44592738151550293,0.3145246899345256,9.455460550585812e-05,0.9901643897773105,0.3158171155911284,0.575263158,0.016701386
exactbaseline_matched_reference_distance_b0p1_2p0_lam1e00_s324,LHCb_7:11,central_0p20_0p30,29.25,0.4461320638656616,0.3145246899345256,9.455460550585812e-05,0.9901643897773105,0.315819128766944,0.575263158,0.016701386
exactbaseline_matched_reference_distance_b0p1_2p0_lam1e00_s325,LHCb_7:11,central_0p20_0p30,29.25,0.4441624879837036,0.3145246899345256,9.455460550585812e-05,0.9901643897773105,0.31579975678626504,0.575263158,0.016701386
exactbaseline_matched_reference_distance_b0p1_2p0_lam1e00_s326,LHCb_7:11,central_0p20_0p30,29.25,0.4476369619369507,0.3145246899345256,9.455460550585812e-05,0.9901643897773105,0.3158339303577981,0.575263158,0.016701386
lambda1_start_expansion48_s327_cont320000,LHCb_7:11,central_0p20_0p30,29.25,0.44747650623321533,0.3145246899345256,9.455460550585812e-05,0.9901643897773105,0.3158323521780381,0.575263158,0.016701386
lambda1_start_expansion48_s328_cont240000,LHCb_7:11,central_0p20_0p30,29.25,0.4479489326477051,0.3145246899345256,9.455460550585812e-05,0.9901643897773105,0.31583699878010996,0.575263158,0.016701386
lambda1_start_expansion48_s329_cont200000,LHCb_7:11,central_0p20_0p30,29.25,0.4470939636230469,0.3145246899345256,9.455460550585812e-05,0.9901643897773105,0.31582858963803095,0.575263158,0.016701386
lambda1_start_expansion48_s330_cont120000,LHCb_7:11,central_0p20_0p30,29.25,0.44657599925994873,0.3145246899345256,9.455460550585812e-05,0.9901643897773105,0.3158234951424463,0.575263158,0.016701386
lambda1_start_expansion48_s331_cont120000,LHCb_7:11,central_0p20_0p30,29.25,0.44798314571380615,0.3145246899345256,9.455460550585812e-05,0.9901643897773105,0.31583733528649266,0.575263158,0.016701386
lambda1_start_expansion48_s332_cont120000,LHCb_7:11,central_0p20_0p30,29.25,0.4467315673828125,0.3145246899345256,9.455460550585812e-05,0.9901643897773105,0.31582502524986583,0.575263158,0.016701386
lambda1_start_expansion48_s333_cont120000,LHCb_7:11,central_0p20_0p30,29.25,0.44478416442871094,0.3145246899345256,9.455460550585812e-05,0.9901643897773105,0.3158058713534628,0.575263158,0.016701386
lambda1_start_expansion48_s334_cont120000,LHCb_7:11,central_0p20_0p30,29.25,0.4476872682571411,0.3145246899345256,9.455460550585812e-05,0.9901643897773105,0.31583442515115523,0.575263158,0.016701386
lambda1_start_expansion48_s335_cont120000,LHCb_7:11,central_0p20_0p30,29.25,0.4446268081665039,0.3145246899345256,9.455460550585812e-05,0.9901643897773105,0.3158043236586016,0.575263158,0.016701386
lambda1_start_expansion48_s336_cont120000,LHCb_7:11,central_0p20_0p30,29.25,0.4478168487548828,0.3145246899345256,9.455460550585812e-05,0.9901643897773105,0.3158356996544235,0.575263158,0.016701386
lambda1_start_expansion48_s337_cont120000,LHCb_7:11,central_0p20_0p30,29.25,0.4495570659637451,0.3145246899345256,9.455460550585812e-05,0.9901643897773105,0.31585281575259266,0.575263158,0.016701386
lambda1_start_expansion48_s338_cont120000,LHCb_7:11,central_0p20_0p30,29.25,0.448012113571167,0.3145246899345256,9.455460550585812e-05,0.9901643897773105,0.3158376202030466,0.575263158,0.016701386
lambda1_start_expansion48_s339_cont120000,LHCb_7:11,central_0p20_0p30,29.25,0.44769883155822754,0.3145246899345256,9.455460550585812e-05,0.9901643897773105,0.3158345388832776,0.575263158,0.016701386
lambda1_start_expansion48_s340_cont120000,LHCb_7:11,central_0p20_0p30,29.25,0.44762659072875977,0.3145246899345256,9.455460550585812e-05,0.9901643897773105,0.3158338283506368,0.575263158,0.016701386
lambda1_start_expansion48_s341_cont120000,LHCb_7:11,central_0p20_0p30,29.25,0.4475499391555786,0.3145246899345256,9.455460550585812e-05,0.9901643897773105,0.31583307443564,0.575263158,0.016701386
lambda1_start_expansion48_s342_cont120000,LHCb_7:11,central_0p20_0p30,29.25,0.4465329647064209,0.3145246899345256,9.455460550585812e-05,0.9901643897773105,0.31582307187135167,0.575263158,0.016701386
lambda1_start_expansion48_s343_cont120000,LHCb_7:11,central_0p20_0p30,29.25,0.4476814270019531,0.3145246899345256,9.455460550585812e-05,0.9901643897773105,0.315834367698846,0.575263158,0.016701386
lambda1_start_expansion48_s344_cont120000,LHCb_7:11,central_0p20_0p30,29.25,0.44746291637420654,0.3145246899345256,9.455460550585812e-05,0.9901643897773105,0.3158322185134819,0.575263158,0.016701386
lambda1_start_expansion48_s345_cont120000,LHCb_7:11,central_0p20_0p30,29.25,0.4470505714416504,0.3145246899345256,9.455460550585812e-05,0.9901643897773105,0.31582816284944804,0.575263158,0.016701386
lambda1_start_expansion48_s346_cont120000,LHCb_7:11,central_0p20_0p30,29.25,0.4480893611907959,0.3145246899345256,9.455460550585812e-05,0.9901643897773105,0.31583837998052394,0.575263158,0.016701386
lambda1_start_expansion48_s347_cont120000,LHCb_7:11,central_0p20_0p30,29.25,0.4472759962081909,0.3145246899345256,9.455460550585812e-05,0.9901643897773105,0.31583038003958624,0.575263158,0.016701386
lambda1_start_expansion48_s348_cont120000,LHCb_7:11,central_0p20_0p30,29.25,0.4483429193496704,0.3145246899345256,9.455460550585812e-05,0.9901643897773105,0.3158408738797434,0.575263158,0.016701386
lambda1_start_expansion48_s349_cont160000,LHCb_7:11,central_0p20_0p30,29.25,0.447301983833313,0.3145246899345256,9.455460550585812e-05,0.9901643897773105,0.3158306356437376,0.575263158,0.016701386
lambda1_start_expansion48_s350_cont120000,LHCb_7:11,central_0p20_0p30,29.25,0.4481074810028076,0.3145246899345256,9.455460550585812e-05,0.9901643897773105,0.3158385581999322,0.575263158,0.016701386
lambda1_start_expansion96_s351_cont120000,LHCb_7:11,central_0p20_0p30,29.25,0.44715094566345215,0.3145246899345256,9.455460550585812e-05,0.9901643897773105,0.3158291500911701,0.575263158,0.016701386
lambda1_start_expansion96_s352_cont120000,LHCb_7:11,central_0p20_0p30,29.25,0.44790220260620117,0.3145246899345256,9.455460550585812e-05,0.9901643897773105,0.31583653916163607,0.575263158,0.016701386
lambda1_start_expansion96_s353_cont120000,LHCb_7:11,central_0p20_0p30,29.25,0.44723963737487793,0.3145246899345256,9.455460550585812e-05,0.9901643897773105,0.3158300224282736,0.575263158,0.016701386
lambda1_start_expansion96_s354_cont120000,LHCb_7:11,central_0p20_0p30,29.25,0.44655096530914307,0.3145246899345256,9.455460550585812e-05,0.9901643897773105,0.3158232489182638,0.575263158,0.016701386
lambda1_start_expansion96_s355_cont120000,LHCb_7:11,central_0p20_0p30,29.25,0.4479881525039673,0.3145246899345256,9.455460550585812e-05,0.9901643897773105,0.31583738453132915,0.575263158,0.016701386
lambda1_start_expansion96_s356_cont120000,LHCb_7:11,central_0p20_0p30,29.25,0.44600510597229004,0.3145246899345256,9.455460550585812e-05,0.9901643897773105,0.31581788005859013,0.575263158,0.016701386
lambda1_start_expansion96_s357_cont120000,LHCb_7:11,central_0p20_0p30,29.25,0.4447755813598633,0.3145246899345256,9.455460550585812e-05,0.9901643897773105,0.31580578693374306,0.575263158,0.016701386
lambda1_start_expansion96_s358_cont120000,LHCb_7:11,central_0p20_0p30,29.25,0.44765353202819824,0.3145246899345256,9.455460550585812e-05,0.9901643897773105,0.3158340933347569,0.575263158,0.016701386
lambda1_start_expansion96_s359_cont120000,LHCb_7:11,central_0p20_0p30,29.25,0.44463491439819336,0.3145246899345256,9.455460550585812e-05,0.9901643897773105,0.3158044033883369,0.575263158,0.016701386
lambda1_start_expansion96_s360_cont120000,LHCb_7:11,central_0p20_0p30,29.25,0.4478025436401367,0.3145246899345256,9.455460550585812e-05,0.9901643897773105,0.3158355589548906,0.575263158,0.016701386
lambda1_start_expansion96_s361_cont120000,LHCb_7:11,central_0p20_0p30,29.25,0.4494525194168091,0.3145246899345256,9.455460550585812e-05,0.9901643897773105,0.31585178747350684,0.575263158,0.016701386
lambda1_start_expansion96_s362_cont120000,LHCb_7:11,central_0p20_0p30,29.25,0.44823217391967773,0.3145246899345256,9.455460550585812e-05,0.9901643897773105,0.31583978463086004,0.575263158,0.016701386
lambda1_start_expansion96_s363_cont120000,LHCb_7:11,central_0p20_0p30,29.25,0.44759273529052734,0.3145246899345256,9.455460550585812e-05,0.9901643897773105,0.31583349536174243,0.575263158,0.016701386
lambda1_start_expansion96_s364_cont120000,LHCb_7:11,central_0p20_0p30,29.25,0.447177529335022,0.3145246899345256,9.455460550585812e-05,0.9901643897773105,0.3158294115578019,0.575263158,0.016701386
lambda1_start_expansion96_s365_cont120000,LHCb_7:11,central_0p20_0p30,29.25,0.4470306634902954,0.3145246899345256,9.455460550585812e-05,0.9901643897773105,0.3158279670425982,0.575263158,0.016701386
lambda1_start_expansion96_s366_cont120000,LHCb_7:11,central_0p20_0p30,29.25,0.44670891761779785,0.3145246899345256,9.455460550585812e-05,0.9901643897773105,0.3158248024756055,0.575263158,0.016701386
lambda1_start_expansion96_s367_cont120000,LHCb_7:11,central_0p20_0p30,29.25,0.4478893280029297,0.3145246899345256,9.455460550585812e-05,0.9901643897773105,0.31583641253205647,0.575263158,0.016701386
lambda1_start_expansion96_s368_cont120000,LHCb_7:11,central_0p20_0p30,29.25,0.44748759269714355,0.3145246899345256,9.455460550585812e-05,0.9901643897773105,0.3158324612201761,0.575263158,0.016701386
lambda1_start_expansion96_s369_cont120000,LHCb_7:11,central_0p20_0p30,29.25,0.44694459438323975,0.3145246899345256,9.455460550585812e-05,0.9901643897773105,0.31582712050040895,0.575263158,0.016701386
lambda1_start_expansion96_s370_cont120000,LHCb_7:11,central_0p20_0p30,29.25,0.4481391906738281,0.3145246899345256,9.455460550585812e-05,0.9901643897773105,0.31583887008389666,0.575263158,0.016701386
lambda1_start_expansion96_s371_cont120000,LHCb_7:11,central_0p20_0p30,29.25,0.4471306800842285,0.3145246899345256,9.455460550585812e-05,0.9901643897773105,0.3158289507668319,0.575263158,0.016701386
lambda1_start_expansion96_s372_cont120000,LHCb_7:11,central_0p20_0p30,29.25,0.4484705924987793,0.3145246899345256,9.455460550585812e-05,0.9901643897773105,0.31584212962307395,0.575263158,0.016701386
lambda1_start_expansion96_s373_cont120000,LHCb_7:11,central_0p20_0p30,29.25,0.4469658136367798,0.3145246899345256,9.455460550585812e-05,0.9901643897773105,0.315827329204716,0.575263158,0.016701386
lambda1_start_expansion96_s374_cont120000,LHCb_7:11,central_0p20_0p30,29.25,0.4476269483566284,0.3145246899345256,9.455460550585812e-05,0.9901643897773105,0.3158338318681251,0.575263158,0.016701386
lambda1_start_expansion96_s375_cont120000,LHCb_7:11,central_0p20_0p30,29.25,0.44676172733306885,0.3145246899345256,9.455460550585812e-05,0.9901643897773105,0.3158253218913809,0.575263158,0.016701386
lambda1_start_expansion96_s376_cont120000,LHCb_7:11,central_0p20_0p30,29.25,0.44788575172424316,0.3145246899345256,9.455460550585812e-05,0.9901643897773105,0.3158363773571733,0.575263158,0.016701386
lambda1_start_expansion96_s377_cont120000,LHCb_7:11,central_0p20_0p30,29.25,0.44704556465148926,0.3145246899345256,9.455460550585812e-05,0.9901643897773105,0.31582811360461155,0.575263158,0.016701386
lambda1_start_expansion96_s378_cont120000,LHCb_7:11,central_0p20_0p30,29.25,0.44692039489746094,0.3145246899345256,9.455460550585812e-05,0.9901643897773105,0.3158268824836992,0.575263158,0.016701386
lambda1_start_expansion96_s379_cont120000,LHCb_7:11,central_0p20_0p30,29.25,0.44795775413513184,0.3145246899345256,9.455460550585812e-05,0.9901643897773105,0.31583708554482187,0.575263158,0.016701386
lambda1_start_expansion96_s380_cont120000,LHCb_7:11,central_0p20_0p30,29.25,0.4459402561187744,0.3145246899345256,9.455460550585812e-05,0.9901643897773105,0.31581724222070795,0.575263158,0.016701386
lambda1_start_expansion96_s381_cont120000,LHCb_7:11,central_0p20_0p30,29.25,0.4446272850036621,0.3145246899345256,9.455460550585812e-05,0.9901643897773105,0.315804328348586,0.575263158,0.016701386
lambda1_start_expansion96_s382_cont120000,LHCb_7:11,central_0p20_0p30,29.25,0.44780611991882324,0.3145246899345256,9.455460550585812e-05,0.9901643897773105,0.31583559412977386,0.575263158,0.016701386
lambda1_start_expansion96_s383_cont120000,LHCb_7:11,central_0p20_0p30,29.25,0.444629430770874,0.3145246899345256,9.455460550585812e-05,0.9901643897773105,0.315804349453516,0.575263158,0.016701386
lambda1_start_expansion96_s384_cont120000,LHCb_7:11,central_0p20_0p30,29.25,0.4478250741958618,0.3145246899345256,9.455460550585812e-05,0.9901643897773105,0.31583578055665484,0.575263158,0.016701386
lambda1_start_expansion96_s385_cont120000,LHCb_7:11,central_0p20_0p30,29.25,0.4493696689605713,0.3145246899345256,9.455460550585812e-05,0.9901643897773105,0.31585097258871253,0.575263158,0.016701386
lambda1_start_expansion96_s386_cont120000,LHCb_7:11,central_0p20_0p30,29.25,0.4484196901321411,0.3145246899345256,9.455460550585812e-05,0.9901643897773105,0.3158416289672363,0.575263158,0.016701386
lambda1_start_expansion96_s387_cont120000,LHCb_7:11,central_0p20_0p30,29.25,0.44759225845336914,0.3145246899345256,9.455460550585812e-05,0.9901643897773105,0.315833490671758,0.575263158,0.016701386
lambda1_start_expansion96_s388_cont120000,LHCb_7:11,central_0p20_0p30,29.25,0.4475001096725464,0.3145246899345256,9.455460550585812e-05,0.9901643897773105,0.3158325843322673,0.575263158,0.016701386
lambda1_start_expansion96_s389_cont120000,LHCb_7:11,central_0p20_0p30,29.25,0.447415828704834,0.3145246899345256,9.455460550585812e-05,0.9901643897773105,0.31583175537751973,0.575263158,0.016701386
lambda1_start_expansion96_s390_cont120000,LHCb_7:11,central_0p20_0p30,29.25,0.4468510150909424,0.3145246899345256,9.455460550585812e-05,0.9901643897773105,0.315826200090965,0.575263158,0.016701386
lambda1_start_expansion96_s391_cont120000,LHCb_7:11,central_0p20_0p30,29.25,0.44739043712615967,0.3145246899345256,9.455460550585812e-05,0.9901643897773105,0.31583150563584894,0.575263158,0.016701386
lambda1_start_expansion96_s392_cont120000,LHCb_7:11,central_0p20_0p30,29.25,0.44754016399383545,0.3145246899345256,9.455460550585812e-05,0.9901643897773105,0.31583297829095924,0.575263158,0.016701386
lambda1_start_expansion96_s393_cont120000,LHCb_7:11,central_0p20_0p30,29.25,0.446663498878479,0.3145246899345256,9.455460550585812e-05,0.9901643897773105,0.3158243557545888,0.575263158,0.016701386
lambda1_start_expansion96_s394_cont120000,LHCb_7:11,central_0p20_0p30,29.25,0.44802165031433105,0.3145246899345256,9.455460550585812e-05,0.9901643897773105,0.3158377140027352,0.575263158,0.016701386
lambda1_start_expansion96_s395_cont120000,LHCb_7:11,central_0p20_0p30,29.25,0.44729626178741455,0.3145246899345256,9.455460550585812e-05,0.9901643897773105,0.31583057936392445,0.575263158,0.016701386
lambda1_start_expansion96_s396_cont120000,LHCb_7:11,central_0p20_0p30,29.25,0.44821345806121826,0.3145246899345256,9.455460550585812e-05,0.9901643897773105,0.31583960054897126,0.575263158,0.016701386
lambda1_start_expansion96_s397_cont120000,LHCb_7:11,central_0p20_0p30,29.25,0.4470170736312866,0.3145246899345256,9.455460550585812e-05,0.9901643897773105,0.315827833378042,0.575263158,0.016701386
lambda1_start_expansion96_s398_cont120000,LHCb_7:11,central_0p20_0p30,29.25,0.44717323780059814,0.3145246899345256,9.455460550585812e-05,0.9901643897773105,0.3158293693479421,0.575263158,0.016701386
exactbaseline_matched_reference_distance_b0p1_2p0_lam1e00_s303,LHCb_7:11,late_0p22_0p32,29.25,0.445834755897522,0.3145246899345256,9.455460550585812e-05,0.9360753047732475,0.3229186458814149,0.575263158,0.016701386
exactbaseline_matched_reference_distance_b0p1_2p0_lam1e00_s304,LHCb_7:11,late_0p22_0p32,29.25,0.4474233388900757,0.3145246899345256,9.455460550585812e-05,0.9360753047732475,0.3230201955650563,0.575263158,0.016701386
exactbaseline_matched_reference_distance_b0p1_2p0_lam1e00_s305,LHCb_7:11,late_0p22_0p32,29.25,0.44585931301116943,0.3145246899345256,9.455460550585812e-05,0.9360753047732475,0.32292021568742046,0.575263158,0.016701386
exactbaseline_matched_reference_distance_b0p1_2p0_lam1e00_s306,LHCb_7:11,late_0p22_0p32,29.25,0.44421327114105225,0.3145246899345256,9.455460550585812e-05,0.9360753047732475,0.32281499296254274,0.575263158,0.016701386
exactbaseline_matched_reference_distance_b0p1_2p0_lam1e00_s307,LHCb_7:11,late_0p22_0p32,29.25,0.44814205169677734,0.3145246899345256,9.455460550585812e-05,0.9360753047732475,0.3230661390621803,0.575263158,0.016701386
exactbaseline_matched_reference_distance_b0p1_2p0_lam1e00_s308,LHCb_7:11,late_0p22_0p32,29.25,0.4450463056564331,0.3145246899345256,9.455460550585812e-05,0.9360753047732475,0.32286824444005185,0.575263158,0.016701386
exactbaseline_matched_reference_distance_b0p1_2p0_lam1e00_s309,LHCb_7:11,late_0p22_0p32,29.25,0.44492578506469727,0.3145246899345256,9.455460550585812e-05,0.9360753047732475,0.32286054019795657,0.575263158,0.016701386
exactbaseline_matched_reference_distance_b0p1_2p0_lam1e00_s310,LHCb_7:11,late_0p22_0p32,29.25,0.44667792320251465,0.3145246899345256,9.455460550585812e-05,0.9360753047732475,0.32297254509441176,0.575263158,0.016701386
exactbaseline_matched_reference_distance_b0p1_2p0_lam1e00_s311,LHCb_7:11,late_0p22_0p32,29.25,0.4442540407180786,0.3145246899345256,9.455460550585812e-05,0.9360753047732475,0.3228175991453287,0.575263158,0.016701386
exactbaseline_matched_reference_distance_b0p1_2p0_lam1e00_s312,LHCb_7:11,late_0p22_0p32,29.25,0.44576966762542725,0.3145246899345256,9.455460550585812e-05,0.9360753047732475,0.32291448513345844,0.575263158,0.016701386
exactbaseline_matched_reference_distance_b0p1_2p0_lam1e00_s313,LHCb_7:11,late_0p22_0p32,29.25,0.4471818208694458,0.3145246899345256,9.455460550585812e-05,0.9360753047732475,0.32300475659919575,0.575263158,0.016701386
exactbaseline_matched_reference_distance_b0p1_2p0_lam1e00_s314,LHCb_7:11,late_0p22_0p32,29.25,0.4460228681564331,0.3145246899345256,9.455460550585812e-05,0.9360753047732475,0.3229306709002342,0.575263158,0.016701386
exactbaseline_matched_reference_distance_b0p1_2p0_lam1e00_s315,LHCb_7:11,late_0p22_0p32,29.25,0.44648849964141846,0.3145246899345256,9.455460550585812e-05,0.9360753047732475,0.3229604362509999,0.575263158,0.016701386
exactbaseline_matched_reference_distance_b0p1_2p0_lam1e00_s316,LHCb_7:11,late_0p22_0p32,29.25,0.4458503723144531,0.3145246899345256,9.455460550585812e-05,0.9360753047732475,0.32291964415610774,0.575263158,0.016701386
exactbaseline_matched_reference_distance_b0p1_2p0_lam1e00_s317,LHCb_7:11,late_0p22_0p32,29.25,0.44644641876220703,0.3145246899345256,9.455460550585812e-05,0.9360753047732475,0.32295774624362145,0.575263158,0.016701386
exactbaseline_matched_reference_distance_b0p1_2p0_lam1e00_s318,LHCb_7:11,late_0p22_0p32,29.25,0.44615745544433594,0.3145246899345256,9.455460550585812e-05,0.9360753047732475,0.3229392743515948,0.575263158,0.016701386
exactbaseline_matched_reference_distance_b0p1_2p0_lam1e00_s319,LHCb_7:11,late_0p22_0p32,29.25,0.44731760025024414,0.3145246899345256,9.455460550585812e-05,0.9360753047732475,0.3230134362547314,0.575263158,0.016701386
exactbaseline_matched_reference_distance_b0p1_2p0_lam1e00_s320,LHCb_7:11,late_0p22_0p32,29.25,0.4457848072052002,0.3145246899345256,9.455460550585812e-05,0.9360753047732475,0.3229154529264813,0.575263158,0.016701386
exactbaseline_matched_reference_distance_b0p1_2p0_lam1e00_s321,LHCb_7:11,late_0p22_0p32,29.25,0.445709228515625,0.3145246899345256,9.455460550585812e-05,0.9360753047732475,0.3229106215817845,0.575263158,0.016701386
exactbaseline_matched_reference_distance_b0p1_2p0_lam1e00_s322,LHCb_7:11,late_0p22_0p32,29.25,0.44588661193847656,0.3145246899345256,9.455460550585812e-05,0.9360753047732475,0.3229219607630286,0.575263158,0.016701386
exactbaseline_matched_reference_distance_b0p1_2p0_lam1e00_s323,LHCb_7:11,late_0p22_0p32,29.25,0.44592738151550293,0.3145246899345256,9.455460550585812e-05,0.9360753047732475,0.3229245669458145,0.575263158,0.016701386
exactbaseline_matched_reference_distance_b0p1_2p0_lam1e00_s324,LHCb_7:11,late_0p22_0p32,29.25,0.4461320638656616,0.3145246899345256,9.455460550585812e-05,0.9360753047732475,0.3229376512026667,0.575263158,0.016701386
exactbaseline_matched_reference_distance_b0p1_2p0_lam1e00_s325,LHCb_7:11,late_0p22_0p32,29.25,0.4441624879837036,0.3145246899345256,9.455460550585812e-05,0.9360753047732475,0.3228117466646866,0.575263158,0.016701386
exactbaseline_matched_reference_distance_b0p1_2p0_lam1e00_s326,LHCb_7:11,late_0p22_0p32,29.25,0.4476369619369507,0.3145246899345256,9.455460550585812e-05,0.9360753047732475,0.3230338513532212,0.575263158,0.016701386
lambda1_start_expansion48_s327_cont320000,LHCb_7:11,late_0p22_0p32,29.25,0.44747650623321533,0.3145246899345256,9.455460550585812e-05,0.9360753047732475,0.32302359427126254,0.575263158,0.016701386
lambda1_start_expansion48_s328_cont240000,LHCb_7:11,late_0p22_0p32,29.25,0.4479489326477051,0.3145246899345256,9.455460550585812e-05,0.9360753047732475,0.32305379398582584,0.575263158,0.016701386
lambda1_start_expansion48_s329_cont200000,LHCb_7:11,late_0p22_0p32,29.25,0.4470939636230469,0.3145246899345256,9.455460550585812e-05,0.9360753047732475,0.32299914035149624,0.575263158,0.016701386
lambda1_start_expansion48_s330_cont120000,LHCb_7:11,late_0p22_0p32,29.25,0.44657599925994873,0.3145246899345256,9.455460550585812e-05,0.9360753047732475,0.3229660296374469,0.575263158,0.016701386
lambda1_start_expansion48_s331_cont120000,LHCb_7:11,late_0p22_0p32,29.25,0.44798314571380615,0.3145246899345256,9.455460550585812e-05,0.9360753047732475,0.32305598104564914,0.575263158,0.016701386
lambda1_start_expansion48_s332_cont120000,LHCb_7:11,late_0p22_0p32,29.25,0.4467315673828125,0.3145246899345256,9.455460550585812e-05,0.9360753047732475,0.32297597428228797,0.575263158,0.016701386
lambda1_start_expansion48_s333_cont120000,LHCb_7:11,late_0p22_0p32,29.25,0.44478416442871094,0.3145246899345256,9.455460550585812e-05,0.9360753047732475,0.3228514871419633,0.575263158,0.016701386
lambda1_start_expansion48_s334_cont120000,LHCb_7:11,late_0p22_0p32,29.25,0.4476872682571411,0.3145246899345256,9.455460550585812e-05,0.9360753047732475,0.32303706716940733,0.575263158,0.016701386
lambda1_start_expansion48_s335_cont120000,LHCb_7:11,late_0p22_0p32,29.25,0.4446268081665039,0.3145246899345256,9.455460550585812e-05,0.9360753047732475,0.3228414281908597,0.575263158,0.016701386
lambda1_start_expansion48_s336_cont120000,LHCb_7:11,late_0p22_0p32,29.25,0.4478168487548828,0.3145246899345256,9.455460550585812e-05,0.9360753047732475,0.3230453505632328,0.575263158,0.016701386
lambda1_start_expansion48_s337_cont120000,LHCb_7:11,late_0p22_0p32,29.25,0.4495570659637451,0.3145246899345256,9.455460550585812e-05,0.9360753047732475,0.3231565934179377,0.575263158,0.016701386
lambda1_start_expansion48_s338_cont120000,LHCb_7:11,late_0p22_0p32,29.25,0.448012113571167,0.3145246899345256,9.455460550585812e-05,0.9360753047732475,0.3230578328071023,0.575263158,0.016701386
lambda1_start_expansion48_s339_cont120000,LHCb_7:11,late_0p22_0p32,29.25,0.44769883155822754,0.3145246899345256,9.455460550585812e-05,0.9360753047732475,0.32303780634990514,0.575263158,0.016701386
lambda1_start_expansion48_s340_cont120000,LHCb_7:11,late_0p22_0p32,29.25,0.44762659072875977,0.3145246899345256,9.455460550585812e-05,0.9360753047732475,0.3230331883768985,0.575263158,0.016701386
lambda1_start_expansion48_s341_cont120000,LHCb_7:11,late_0p22_0p32,29.25,0.4475499391555786,0.3145246899345256,9.455460550585812e-05,0.9360753047732475,0.3230282884484442,0.575263158,0.016701386
lambda1_start_expansion48_s342_cont120000,LHCb_7:11,late_0p22_0p32,29.25,0.4465329647064209,0.3145246899345256,9.455460550585812e-05,0.9360753047732475,0.3229632786667284,0.575263158,0.016701386
lambda1_start_expansion48_s343_cont120000,LHCb_7:11,late_0p22_0p32,29.25,0.4476814270019531,0.3145246899345256,9.455460550585812e-05,0.9360753047732475,0.3230366937689497,0.575263158,0.016701386
lambda1_start_expansion48_s344_cont120000,LHCb_7:11,late_0p22_0p32,29.25,0.44746291637420654,0.3145246899345256,9.455460550585812e-05,0.9360753047732475,0.32302272554366723,0.575263158,0.016701386
lambda1_start_expansion48_s345_cont120000,LHCb_7:11,late_0p22_0p32,29.25,0.4470505714416504,0.3145246899345256,9.455460550585812e-05,0.9360753047732475,0.3229963665195253,0.575263158,0.016701386
lambda1_start_expansion48_s346_cont120000,LHCb_7:11,late_0p22_0p32,29.25,0.4480893611907959,0.3145246899345256,9.455460550585812e-05,0.9360753047732475,0.32306277083764406,0.575263158,0.016701386
lambda1_start_expansion48_s347_cont120000,LHCb_7:11,late_0p22_0p32,29.25,0.4472759962081909,0.3145246899345256,9.455460550585812e-05,0.9360753047732475,0.32301077672902295,0.575263158,0.016701386
lambda1_start_expansion48_s348_cont120000,LHCb_7:11,late_0p22_0p32,29.25,0.4483429193496704,0.3145246899345256,9.455460550585812e-05,0.9360753047732475,0.3230789794656724,0.575263158,0.016701386
lambda1_start_expansion48_s349_cont160000,LHCb_7:11,late_0p22_0p32,29.25,0.447301983833313,0.3145246899345256,9.455460550585812e-05,0.9360753047732475,0.32301243798003854,0.575263158,0.016701386
lambda1_start_expansion48_s350_cont120000,LHCb_7:11,late_0p22_0p32,29.25,0.4481074810028076,0.3145246899345256,9.455460550585812e-05,0.9360753047732475,0.3230639291411045,0.575263158,0.016701386
lambda1_start_expansion96_s351_cont120000,LHCb_7:11,late_0p22_0p32,29.25,0.44715094566345215,0.3145246899345256,9.455460550585812e-05,0.9360753047732475,0.32300278291106255,0.575263158,0.016701386
lambda1_start_expansion96_s352_cont120000,LHCb_7:11,late_0p22_0p32,29.25,0.44790220260620117,0.3145246899345256,9.455460550585812e-05,0.9360753047732475,0.3230508067821648,0.575263158,0.016701386
lambda1_start_expansion96_s353_cont120000,LHCb_7:11,late_0p22_0p32,29.25,0.44723963737487793,0.3145246899345256,9.455460550585812e-05,0.9360753047732475,0.3230084525016846,0.575263158,0.016701386
lambda1_start_expansion96_s354_cont120000,LHCb_7:11,late_0p22_0p32,29.25,0.44655096530914307,0.3145246899345256,9.455460550585812e-05,0.9360753047732475,0.3229644293497713,0.575263158,0.016701386
lambda1_start_expansion96_s355_cont120000,LHCb_7:11,late_0p22_0p32,29.25,0.4479881525039673,0.3145246899345256,9.455460550585812e-05,0.9360753047732475,0.32305630110318423,0.575263158,0.016701386
lambda1_start_expansion96_s356_cont120000,LHCb_7:11,late_0p22_0p32,29.25,0.44600510597229004,0.3145246899345256,9.455460550585812e-05,0.9360753047732475,0.32292953545802633,0.575263158,0.016701386
lambda1_start_expansion96_s357_cont120000,LHCb_7:11,late_0p22_0p32,29.25,0.4447755813598633,0.3145246899345256,9.455460550585812e-05,0.9360753047732475,0.32285093847190316,0.575263158,0.016701386
lambda1_start_expansion96_s358_cont120000,LHCb_7:11,late_0p22_0p32,29.25,0.44765353202819824,0.3145246899345256,9.455460550585812e-05,0.9360753047732475,0.3230349105912541,0.575263158,0.016701386
lambda1_start_expansion96_s359_cont120000,LHCb_7:11,late_0p22_0p32,29.25,0.44463491439819336,0.3145246899345256,9.455460550585812e-05,0.9360753047732475,0.3228419463792499,0.575263158,0.016701386
lambda1_start_expansion96_s360_cont120000,LHCb_7:11,late_0p22_0p32,29.25,0.4478025436401367,0.3145246899345256,9.455460550585812e-05,0.9360753047732475,0.3230444361131325,0.575263158,0.016701386
lambda1_start_expansion96_s361_cont120000,LHCb_7:11,late_0p22_0p32,29.25,0.4494525194168091,0.3145246899345256,9.455460550585812e-05,0.9360753047732475,0.3231499103117878,0.575263158,0.016701386
lambda1_start_expansion96_s362_cont120000,LHCb_7:11,late_0p22_0p32,29.25,0.44823217391967773,0.3145246899345256,9.455460550585812e-05,0.9360753047732475,0.32307190009781234,0.575263158,0.016701386
lambda1_start_expansion96_s363_cont120000,LHCb_7:11,late_0p22_0p32,29.25,0.44759273529052734,0.3145246899345256,9.455460550585812e-05,0.9360753047732475,0.3230310241783277,0.575263158,0.016701386
lambda1_start_expansion96_s364_cont120000,LHCb_7:11,late_0p22_0p32,29.25,0.447177529335022,0.3145246899345256,9.455460550585812e-05,0.9360753047732475,0.32300448226416567,0.575263158,0.016701386
lambda1_start_expansion96_s365_cont120000,LHCb_7:11,late_0p22_0p32,29.25,0.4470306634902954,0.3145246899345256,9.455460550585812e-05,0.9360753047732475,0.3229950939098023,0.575263158,0.016701386
lambda1_start_expansion96_s366_cont120000,LHCb_7:11,late_0p22_0p32,29.25,0.44670891761779785,0.3145246899345256,9.455460550585812e-05,0.9360753047732475,0.3229745264029624,0.575263158,0.016701386
lambda1_start_expansion96_s367_cont120000,LHCb_7:11,late_0p22_0p32,29.25,0.4478893280029297,0.3145246899345256,9.455460550585812e-05,0.9360753047732475,0.3230499837770745,0.575263158,0.016701386
lambda1_start_expansion96_s368_cont120000,LHCb_7:11,late_0p22_0p32,29.25,0.44748759269714355,0.3145246899345256,9.455460550585812e-05,0.9360753047732475,0.32302430297009027,0.575263158,0.016701386
lambda1_start_expansion96_s369_cont120000,LHCb_7:11,late_0p22_0p32,29.25,0.44694459438323975,0.3145246899345256,9.455460550585812e-05,0.9360753047732475,0.32298959196836535,0.575263158,0.016701386
lambda1_start_expansion96_s370_cont120000,LHCb_7:11,late_0p22_0p32,29.25,0.4481391906738281,0.3145246899345256,9.455460550585812e-05,0.9360753047732475,0.3230659561721602,0.575263158,0.016701386
lambda1_start_expansion96_s371_cont120000,LHCb_7:11,late_0p22_0p32,29.25,0.4471306800842285,0.3145246899345256,9.455460550585812e-05,0.9360753047732475,0.3230014874400871,0.575263158,0.016701386
lambda1_start_expansion96_s372_cont120000,LHCb_7:11,late_0p22_0p32,29.25,0.4484705924987793,0.3145246899345256,9.455460550585812e-05,0.9360753047732475,0.3230871409328178,0.575263158,0.016701386
lambda1_start_expansion96_s373_cont120000,LHCb_7:11,late_0p22_0p32,29.25,0.4469658136367798,0.3145246899345256,9.455460550585812e-05,0.9360753047732475,0.32299094840268083,0.575263158,0.016701386
lambda1_start_expansion96_s374_cont120000,LHCb_7:11,late_0p22_0p32,29.25,0.4476269483566284,0.3145246899345256,9.455460550585812e-05,0.9360753047732475,0.323033211238151,0.575263158,0.016701386
lambda1_start_expansion96_s375_cont120000,LHCb_7:11,late_0p22_0p32,29.25,0.44676172733306885,0.3145246899345256,9.455460550585812e-05,0.9360753047732475,0.32297790224791617,0.575263158,0.016701386
lambda1_start_expansion96_s376_cont120000,LHCb_7:11,late_0p22_0p32,29.25,0.44788575172424316,0.3145246899345256,9.455460550585812e-05,0.9360753047732475,0.3230497551645494,0.575263158,0.016701386
lambda1_start_expansion96_s377_cont120000,LHCb_7:11,late_0p22_0p32,29.25,0.44704556465148926,0.3145246899345256,9.455460550585812e-05,0.9360753047732475,0.32299604646199015,0.575263158,0.016701386
lambda1_start_expansion96_s378_cont120000,LHCb_7:11,late_0p22_0p32,29.25,0.44692039489746094,0.3145246899345256,9.455460550585812e-05,0.9360753047732475,0.3229880450236123,0.575263158,0.016701386
lambda1_start_expansion96_s379_cont120000,LHCb_7:11,late_0p22_0p32,29.25,0.44795775413513184,0.3145246899345256,9.455460550585812e-05,0.9360753047732475,0.32305435789672104,0.575263158,0.016701386
lambda1_start_expansion96_s380_cont120000,LHCb_7:11,late_0p22_0p32,29.25,0.4459402561187744,0.3145246899345256,9.455460550585812e-05,0.9360753047732475,0.3229253899509048,0.575263158,0.016701386
lambda1_start_expansion96_s381_cont120000,LHCb_7:11,late_0p22_0p32,29.25,0.4446272850036621,0.3145246899345256,9.455460550585812e-05,0.9360753047732475,0.3228414586725297,0.575263158,0.016701386
lambda1_start_expansion96_s382_cont120000,LHCb_7:11,late_0p22_0p32,29.25,0.44780611991882324,0.3145246899345256,9.455460550585812e-05,0.9360753047732475,0.32304466472565757,0.575263158,0.016701386
lambda1_start_expansion96_s383_cont120000,LHCb_7:11,late_0p22_0p32,29.25,0.444629430770874,0.3145246899345256,9.455460550585812e-05,0.9360753047732475,0.3228415958400448,0.575263158,0.016701386
lambda1_start_expansion96_s384_cont120000,LHCb_7:11,late_0p22_0p32,29.25,0.4478250741958618,0.3145246899345256,9.455460550585812e-05,0.9360753047732475,0.3230458763720405,0.575263158,0.016701386
lambda1_start_expansion96_s385_cont120000,LHCb_7:11,late_0p22_0p32,29.25,0.4493696689605713,0.3145246899345256,9.455460550585812e-05,0.9360753047732475,0.32314461412162343,0.575263158,0.016701386
lambda1_start_expansion96_s386_cont120000,LHCb_7:11,late_0p22_0p32,29.25,0.4484196901321411,0.3145246899345256,9.455460550585812e-05,0.9360753047732475,0.32308388701454416,0.575263158,0.016701386
lambda1_start_expansion96_s387_cont120000,LHCb_7:11,late_0p22_0p32,29.25,0.44759225845336914,0.3145246899345256,9.455460550585812e-05,0.9360753047732475,0.32303099369665766,0.575263158,0.016701386
lambda1_start_expansion96_s388_cont120000,LHCb_7:11,late_0p22_0p32,29.25,0.4475001096725464,0.3145246899345256,9.455460550585812e-05,0.9360753047732475,0.32302510311392807,0.575263158,0.016701386
lambda1_start_expansion96_s389_cont120000,LHCb_7:11,late_0p22_0p32,29.25,0.447415828704834,0.3145246899345256,9.455460550585812e-05,0.9360753047732475,0.32301971547875363,0.575263158,0.016701386
lambda1_start_expansion96_s390_cont120000,LHCb_7:11,late_0p22_0p32,29.25,0.4468510150909424,0.3145246899345256,9.455460550585812e-05,0.9360753047732475,0.3229836099406257,0.575263158,0.016701386
lambda1_start_expansion96_s391_cont120000,LHCb_7:11,late_0p22_0p32,29.25,0.44739043712615967,0.3145246899345256,9.455460550585812e-05,0.9360753047732475,0.32301809232982553,0.575263158,0.016701386
lambda1_start_expansion96_s392_cont120000,LHCb_7:11,late_0p22_0p32,29.25,0.44754016399383545,0.3145246899345256,9.455460550585812e-05,0.9360753047732475,0.323027663574209,0.575263158,0.016701386
lambda1_start_expansion96_s393_cont120000,LHCb_7:11,late_0p22_0p32,29.25,0.446663498878479,0.3145246899345256,9.455460550585812e-05,0.9360753047732475,0.3229716230238939,0.575263158,0.016701386
lambda1_start_expansion96_s394_cont120000,LHCb_7:11,late_0p22_0p32,29.25,0.44802165031433105,0.3145246899345256,9.455460550585812e-05,0.9360753047732475,0.3230584424405025,0.575263158,0.016701386
lambda1_start_expansion96_s395_cont120000,LHCb_7:11,late_0p22_0p32,29.25,0.44729626178741455,0.3145246899345256,9.455460550585812e-05,0.9360753047732475,0.3230120721999984,0.575263158,0.016701386
lambda1_start_expansion96_s396_cont120000,LHCb_7:11,late_0p22_0p32,29.25,0.44821345806121826,0.3145246899345256,9.455460550585812e-05,0.9360753047732475,0.3230707036922644,0.575263158,0.016701386
lambda1_start_expansion96_s397_cont120000,LHCb_7:11,late_0p22_0p32,29.25,0.4470170736312866,0.3145246899345256,9.455460550585812e-05,0.9360753047732475,0.322994225182207,0.575263158,0.016701386
lambda1_start_expansion96_s398_cont120000,LHCb_7:11,late_0p22_0p32,29.25,0.44717323780059814,0.3145246899345256,9.455460550585812e-05,0.9360753047732475,0.3230042079291356,0.575263158,0.016701386
exactbaseline_matched_reference_distance_b0p1_2p0_lam1e00_s303,LHCb_7:12,early_0p18_0p28,48.5,0.16028332710266113,0.1039358236970411,3.4514320564878585e-05,1.0,0.1039358236970411,0.19962069,0.0057891
exactbaseline_matched_reference_distance_b0p1_2p0_lam1e00_s304,LHCb_7:12,early_0p18_0p28,48.5,0.16058969497680664,0.1039358236970411,3.4514320564878585e-05,1.0,0.1039358236970411,0.19962069,0.0057891
exactbaseline_matched_reference_distance_b0p1_2p0_lam1e00_s305,LHCb_7:12,early_0p18_0p28,48.5,0.16028332710266113,0.1039358236970411,3.4514320564878585e-05,1.0,0.1039358236970411,0.19962069,0.0057891
exactbaseline_matched_reference_distance_b0p1_2p0_lam1e00_s306,LHCb_7:12,early_0p18_0p28,48.5,0.15994954109191895,0.1039358236970411,3.4514320564878585e-05,1.0,0.1039358236970411,0.19962069,0.0057891
exactbaseline_matched_reference_distance_b0p1_2p0_lam1e00_s307,LHCb_7:12,early_0p18_0p28,48.5,0.16072702407836914,0.1039358236970411,3.4514320564878585e-05,1.0,0.1039358236970411,0.19962069,0.0057891
exactbaseline_matched_reference_distance_b0p1_2p0_lam1e00_s308,LHCb_7:12,early_0p18_0p28,48.5,0.16014766693115234,0.1039358236970411,3.4514320564878585e-05,1.0,0.1039358236970411,0.19962069,0.0057891
exactbaseline_matched_reference_distance_b0p1_2p0_lam1e00_s309,LHCb_7:12,early_0p18_0p28,48.5,0.16006159782409668,0.1039358236970411,3.4514320564878585e-05,1.0,0.1039358236970411,0.19962069,0.0057891
exactbaseline_matched_reference_distance_b0p1_2p0_lam1e00_s310,LHCb_7:12,early_0p18_0p28,48.5,0.16040635108947754,0.1039358236970411,3.4514320564878585e-05,1.0,0.1039358236970411,0.19962069,0.0057891
exactbaseline_matched_reference_distance_b0p1_2p0_lam1e00_s311,LHCb_7:12,early_0p18_0p28,48.5,0.15994596481323242,0.1039358236970411,3.4514320564878585e-05,1.0,0.1039358236970411,0.19962069,0.0057891
exactbaseline_matched_reference_distance_b0p1_2p0_lam1e00_s312,LHCb_7:12,early_0p18_0p28,48.5,0.16026949882507324,0.1039358236970411,3.4514320564878585e-05,1.0,0.1039358236970411,0.19962069,0.0057891
exactbaseline_matched_reference_distance_b0p1_2p0_lam1e00_s313,LHCb_7:12,early_0p18_0p28,48.5,0.1605534553527832,0.1039358236970411,3.4514320564878585e-05,1.0,0.1039358236970411,0.19962069,0.0057891
exactbaseline_matched_reference_distance_b0p1_2p0_lam1e00_s314,LHCb_7:12,early_0p18_0p28,48.5,0.16032934188842773,0.1039358236970411,3.4514320564878585e-05,1.0,0.1039358236970411,0.19962069,0.0057891
exactbaseline_matched_reference_distance_b0p1_2p0_lam1e00_s315,LHCb_7:12,early_0p18_0p28,48.5,0.16037845611572266,0.1039358236970411,3.4514320564878585e-05,1.0,0.1039358236970411,0.19962069,0.0057891
exactbaseline_matched_reference_distance_b0p1_2p0_lam1e00_s316,LHCb_7:12,early_0p18_0p28,48.5,0.16028571128845215,0.1039358236970411,3.4514320564878585e-05,1.0,0.1039358236970411,0.19962069,0.0057891
exactbaseline_matched_reference_distance_b0p1_2p0_lam1e00_s317,LHCb_7:12,early_0p18_0p28,48.5,0.16039180755615234,0.1039358236970411,3.4514320564878585e-05,1.0,0.1039358236970411,0.19962069,0.0057891
exactbaseline_matched_reference_distance_b0p1_2p0_lam1e00_s318,LHCb_7:12,early_0p18_0p28,48.5,0.16033244132995605,0.1039358236970411,3.4514320564878585e-05,1.0,0.1039358236970411,0.19962069,0.0057891
exactbaseline_matched_reference_distance_b0p1_2p0_lam1e00_s319,LHCb_7:12,early_0p18_0p28,48.5,0.16052484512329102,0.1039358236970411,3.4514320564878585e-05,1.0,0.1039358236970411,0.19962069,0.0057891
exactbaseline_matched_reference_distance_b0p1_2p0_lam1e00_s320,LHCb_7:12,early_0p18_0p28,48.5,0.16029572486877441,0.1039358236970411,3.4514320564878585e-05,1.0,0.1039358236970411,0.19962069,0.0057891
exactbaseline_matched_reference_distance_b0p1_2p0_lam1e00_s321,LHCb_7:12,early_0p18_0p28,48.5,0.16024494171142578,0.1039358236970411,3.4514320564878585e-05,1.0,0.1039358236970411,0.19962069,0.0057891
exactbaseline_matched_reference_distance_b0p1_2p0_lam1e00_s322,LHCb_7:12,early_0p18_0p28,48.5,0.16031622886657715,0.1039358236970411,3.4514320564878585e-05,1.0,0.1039358236970411,0.19962069,0.0057891
exactbaseline_matched_reference_distance_b0p1_2p0_lam1e00_s323,LHCb_7:12,early_0p18_0p28,48.5,0.16030001640319824,0.1039358236970411,3.4514320564878585e-05,1.0,0.1039358236970411,0.19962069,0.0057891
exactbaseline_matched_reference_distance_b0p1_2p0_lam1e00_s324,LHCb_7:12,early_0p18_0p28,48.5,0.16031837463378906,0.1039358236970411,3.4514320564878585e-05,1.0,0.1039358236970411,0.19962069,0.0057891
exactbaseline_matched_reference_distance_b0p1_2p0_lam1e00_s325,LHCb_7:12,early_0p18_0p28,48.5,0.15994811058044434,0.1039358236970411,3.4514320564878585e-05,1.0,0.1039358236970411,0.19962069,0.0057891
exactbaseline_matched_reference_distance_b0p1_2p0_lam1e00_s326,LHCb_7:12,early_0p18_0p28,48.5,0.16056084632873535,0.1039358236970411,3.4514320564878585e-05,1.0,0.1039358236970411,0.19962069,0.0057891
lambda1_start_expansion48_s327_cont320000,LHCb_7:12,early_0p18_0p28,48.5,0.16060328483581543,0.1039358236970411,3.4514320564878585e-05,1.0,0.1039358236970411,0.19962069,0.0057891
lambda1_start_expansion48_s328_cont240000,LHCb_7:12,early_0p18_0p28,48.5,0.16070103645324707,0.1039358236970411,3.4514320564878585e-05,1.0,0.1039358236970411,0.19962069,0.0057891
lambda1_start_expansion48_s329_cont200000,LHCb_7:12,early_0p18_0p28,48.5,0.16054677963256836,0.1039358236970411,3.4514320564878585e-05,1.0,0.1039358236970411,0.19962069,0.0057891
lambda1_start_expansion48_s330_cont120000,LHCb_7:12,early_0p18_0p28,48.5,0.16044998168945312,0.1039358236970411,3.4514320564878585e-05,1.0,0.1039358236970411,0.19962069,0.0057891
lambda1_start_expansion48_s331_cont120000,LHCb_7:12,early_0p18_0p28,48.5,0.160722017288208,0.1039358236970411,3.4514320564878585e-05,1.0,0.1039358236970411,0.19962069,0.0057891
lambda1_start_expansion48_s332_cont120000,LHCb_7:12,early_0p18_0p28,48.5,0.16045856475830078,0.1039358236970411,3.4514320564878585e-05,1.0,0.1039358236970411,0.19962069,0.0057891
lambda1_start_expansion48_s333_cont120000,LHCb_7:12,early_0p18_0p28,48.5,0.16004514694213867,0.1039358236970411,3.4514320564878585e-05,1.0,0.1039358236970411,0.19962069,0.0057891
lambda1_start_expansion48_s334_cont120000,LHCb_7:12,early_0p18_0p28,48.5,0.16063523292541504,0.1039358236970411,3.4514320564878585e-05,1.0,0.1039358236970411,0.19962069,0.0057891
lambda1_start_expansion48_s335_cont120000,LHCb_7:12,early_0p18_0p28,48.5,0.16001176834106445,0.1039358236970411,3.4514320564878585e-05,1.0,0.1039358236970411,0.19962069,0.0057891
lambda1_start_expansion48_s336_cont120000,LHCb_7:12,early_0p18_0p28,48.5,0.16066551208496094,0.1039358236970411,3.4514320564878585e-05,1.0,0.1039358236970411,0.19962069,0.0057891
lambda1_start_expansion48_s337_cont120000,LHCb_7:12,early_0p18_0p28,48.5,0.16095852851867676,0.1039358236970411,3.4514320564878585e-05,1.0,0.1039358236970411,0.19962069,0.0057891
lambda1_start_expansion48_s338_cont120000,LHCb_7:12,early_0p18_0p28,48.5,0.1606919765472412,0.1039358236970411,3.4514320564878585e-05,1.0,0.1039358236970411,0.19962069,0.0057891
lambda1_start_expansion48_s339_cont120000,LHCb_7:12,early_0p18_0p28,48.5,0.1606144905090332,0.1039358236970411,3.4514320564878585e-05,1.0,0.1039358236970411,0.19962069,0.0057891
lambda1_start_expansion48_s340_cont120000,LHCb_7:12,early_0p18_0p28,48.5,0.16062068939208984,0.1039358236970411,3.4514320564878585e-05,1.0,0.1039358236970411,0.19962069,0.0057891
lambda1_start_expansion48_s341_cont120000,LHCb_7:12,early_0p18_0p28,48.5,0.16062688827514648,0.1039358236970411,3.4514320564878585e-05,1.0,0.1039358236970411,0.19962069,0.0057891
lambda1_start_expansion48_s342_cont120000,LHCb_7:12,early_0p18_0p28,48.5,0.1604616641998291,0.1039358236970411,3.4514320564878585e-05,1.0,0.1039358236970411,0.19962069,0.0057891
lambda1_start_expansion48_s343_cont120000,LHCb_7:12,early_0p18_0p28,48.5,0.16063523292541504,0.1039358236970411,3.4514320564878585e-05,1.0,0.1039358236970411,0.19962069,0.0057891
lambda1_start_expansion48_s344_cont120000,LHCb_7:12,early_0p18_0p28,48.5,0.16062116622924805,0.1039358236970411,3.4514320564878585e-05,1.0,0.1039358236970411,0.19962069,0.0057891
lambda1_start_expansion48_s345_cont120000,LHCb_7:12,early_0p18_0p28,48.5,0.16051578521728516,0.1039358236970411,3.4514320564878585e-05,1.0,0.1039358236970411,0.19962069,0.0057891
lambda1_start_expansion48_s346_cont120000,LHCb_7:12,early_0p18_0p28,48.5,0.16071128845214844,0.1039358236970411,3.4514320564878585e-05,1.0,0.1039358236970411,0.19962069,0.0057891
lambda1_start_expansion48_s347_cont120000,LHCb_7:12,early_0p18_0p28,48.5,0.16056513786315918,0.1039358236970411,3.4514320564878585e-05,1.0,0.1039358236970411,0.19962069,0.0057891
lambda1_start_expansion48_s348_cont120000,LHCb_7:12,early_0p18_0p28,48.5,0.16073966026306152,0.1039358236970411,3.4514320564878585e-05,1.0,0.1039358236970411,0.19962069,0.0057891
lambda1_start_expansion48_s349_cont160000,LHCb_7:12,early_0p18_0p28,48.5,0.16058063507080078,0.1039358236970411,3.4514320564878585e-05,1.0,0.1039358236970411,0.19962069,0.0057891
lambda1_start_expansion48_s350_cont120000,LHCb_7:12,early_0p18_0p28,48.5,0.16071343421936035,0.1039358236970411,3.4514320564878585e-05,1.0,0.1039358236970411,0.19962069,0.0057891
lambda1_start_expansion96_s351_cont120000,LHCb_7:12,early_0p18_0p28,48.5,0.16055655479431152,0.1039358236970411,3.4514320564878585e-05,1.0,0.1039358236970411,0.19962069,0.0057891
lambda1_start_expansion96_s352_cont120000,LHCb_7:12,early_0p18_0p28,48.5,0.1606886386871338,0.1039358236970411,3.4514320564878585e-05,1.0,0.1039358236970411,0.19962069,0.0057891
lambda1_start_expansion96_s353_cont120000,LHCb_7:12,early_0p18_0p28,48.5,0.16055679321289062,0.1039358236970411,3.4514320564878585e-05,1.0,0.1039358236970411,0.19962069,0.0057891
lambda1_start_expansion96_s354_cont120000,LHCb_7:12,early_0p18_0p28,48.5,0.16044330596923828,0.1039358236970411,3.4514320564878585e-05,1.0,0.1039358236970411,0.19962069,0.0057891
lambda1_start_expansion96_s355_cont120000,LHCb_7:12,early_0p18_0p28,48.5,0.1607215404510498,0.1039358236970411,3.4514320564878585e-05,1.0,0.1039358236970411,0.19962069,0.0057891
lambda1_start_expansion96_s356_cont120000,LHCb_7:12,early_0p18_0p28,48.5,0.16033482551574707,0.1039358236970411,3.4514320564878585e-05,1.0,0.1039358236970411,0.19962069,0.0057891
lambda1_start_expansion96_s357_cont120000,LHCb_7:12,early_0p18_0p28,48.5,0.16004085540771484,0.1039358236970411,3.4514320564878585e-05,1.0,0.1039358236970411,0.19962069,0.0057891
lambda1_start_expansion96_s358_cont120000,LHCb_7:12,early_0p18_0p28,48.5,0.1606287956237793,0.1039358236970411,3.4514320564878585e-05,1.0,0.1039358236970411,0.19962069,0.0057891
lambda1_start_expansion96_s359_cont120000,LHCb_7:12,early_0p18_0p28,48.5,0.16001248359680176,0.1039358236970411,3.4514320564878585e-05,1.0,0.1039358236970411,0.19962069,0.0057891
lambda1_start_expansion96_s360_cont120000,LHCb_7:12,early_0p18_0p28,48.5,0.160660982131958,0.1039358236970411,3.4514320564878585e-05,1.0,0.1039358236970411,0.19962069,0.0057891
lambda1_start_expansion96_s361_cont120000,LHCb_7:12,early_0p18_0p28,48.5,0.16094303131103516,0.1039358236970411,3.4514320564878585e-05,1.0,0.1039358236970411,0.19962069,0.0057891
lambda1_start_expansion96_s362_cont120000,LHCb_7:12,early_0p18_0p28,48.5,0.16072964668273926,0.1039358236970411,3.4514320564878585e-05,1.0,0.1039358236970411,0.19962069,0.0057891
lambda1_start_expansion96_s363_cont120000,LHCb_7:12,early_0p18_0p28,48.5,0.1605982780456543,0.1039358236970411,3.4514320564878585e-05,1.0,0.1039358236970411,0.19962069,0.0057891
lambda1_start_expansion96_s364_cont120000,LHCb_7:12,early_0p18_0p28,48.5,0.16054987907409668,0.1039358236970411,3.4514320564878585e-05,1.0,0.1039358236970411,0.19962069,0.0057891
lambda1_start_expansion96_s365_cont120000,LHCb_7:12,early_0p18_0p28,48.5,0.16053342819213867,0.1039358236970411,3.4514320564878585e-05,1.0,0.1039358236970411,0.19962069,0.0057891
lambda1_start_expansion96_s366_cont120000,LHCb_7:12,early_0p18_0p28,48.5,0.16048073768615723,0.1039358236970411,3.4514320564878585e-05,1.0,0.1039358236970411,0.19962069,0.0057891
lambda1_start_expansion96_s367_cont120000,LHCb_7:12,early_0p18_0p28,48.5,0.1606757640838623,0.1039358236970411,3.4514320564878585e-05,1.0,0.1039358236970411,0.19962069,0.0057891
lambda1_start_expansion96_s368_cont120000,LHCb_7:12,early_0p18_0p28,48.5,0.16062307357788086,0.1039358236970411,3.4514320564878585e-05,1.0,0.1039358236970411,0.19962069,0.0057891
lambda1_start_expansion96_s369_cont120000,LHCb_7:12,early_0p18_0p28,48.5,0.16049790382385254,0.1039358236970411,3.4514320564878585e-05,1.0,0.1039358236970411,0.19962069,0.0057891
lambda1_start_expansion96_s370_cont120000,LHCb_7:12,early_0p18_0p28,48.5,0.1607193946838379,0.1039358236970411,3.4514320564878585e-05,1.0,0.1039358236970411,0.19962069,0.0057891
lambda1_start_expansion96_s371_cont120000,LHCb_7:12,early_0p18_0p28,48.5,0.16054129600524902,0.1039358236970411,3.4514320564878585e-05,1.0,0.1039358236970411,0.19962069,0.0057891
lambda1_start_expansion96_s372_cont120000,LHCb_7:12,early_0p18_0p28,48.5,0.16076087951660156,0.1039358236970411,3.4514320564878585e-05,1.0,0.1039358236970411,0.19962069,0.0057891
lambda1_start_expansion96_s373_cont120000,LHCb_7:12,early_0p18_0p28,48.5,0.160475492477417,0.1039358236970411,3.4514320564878585e-05,1.0,0.1039358236970411,0.19962069,0.0057891
lambda1_start_expansion96_s374_cont120000,LHCb_7:12,early_0p18_0p28,48.5,0.16063833236694336,0.1039358236970411,3.4514320564878585e-05,1.0,0.1039358236970411,0.19962069,0.0057891
lambda1_start_expansion96_s375_cont120000,LHCb_7:12,early_0p18_0p28,48.5,0.1604933738708496,0.1039358236970411,3.4514320564878585e-05,1.0,0.1039358236970411,0.19962069,0.0057891
lambda1_start_expansion96_s376_cont120000,LHCb_7:12,early_0p18_0p28,48.5,0.16068601608276367,0.1039358236970411,3.4514320564878585e-05,1.0,0.1039358236970411,0.19962069,0.0057891
lambda1_start_expansion96_s377_cont120000,LHCb_7:12,early_0p18_0p28,48.5,0.16053342819213867,0.1039358236970411,3.4514320564878585e-05,1.0,0.1039358236970411,0.19962069,0.0057891
lambda1_start_expansion96_s378_cont120000,LHCb_7:12,early_0p18_0p28,48.5,0.160491943359375,0.1039358236970411,3.4514320564878585e-05,1.0,0.1039358236970411,0.19962069,0.0057891
lambda1_start_expansion96_s379_cont120000,LHCb_7:12,early_0p18_0p28,48.5,0.1607189178466797,0.1039358236970411,3.4514320564878585e-05,1.0,0.1039358236970411,0.19962069,0.0057891
lambda1_start_expansion96_s380_cont120000,LHCb_7:12,early_0p18_0p28,48.5,0.1603078842163086,0.1039358236970411,3.4514320564878585e-05,1.0,0.1039358236970411,0.19962069,0.0057891
lambda1_start_expansion96_s381_cont120000,LHCb_7:12,early_0p18_0p28,48.5,0.16001558303833008,0.1039358236970411,3.4514320564878585e-05,1.0,0.1039358236970411,0.19962069,0.0057891
lambda1_start_expansion96_s382_cont120000,LHCb_7:12,early_0p18_0p28,48.5,0.16066551208496094,0.1039358236970411,3.4514320564878585e-05,1.0,0.1039358236970411,0.19962069,0.0057891
lambda1_start_expansion96_s383_cont120000,LHCb_7:12,early_0p18_0p28,48.5,0.16001248359680176,0.1039358236970411,3.4514320564878585e-05,1.0,0.1039358236970411,0.19962069,0.0057891
lambda1_start_expansion96_s384_cont120000,LHCb_7:12,early_0p18_0p28,48.5,0.1606597900390625,0.1039358236970411,3.4514320564878585e-05,1.0,0.1039358236970411,0.19962069,0.0057891
lambda1_start_expansion96_s385_cont120000,LHCb_7:12,early_0p18_0p28,48.5,0.16093063354492188,0.1039358236970411,3.4514320564878585e-05,1.0,0.1039358236970411,0.19962069,0.0057891
lambda1_start_expansion96_s386_cont120000,LHCb_7:12,early_0p18_0p28,48.5,0.16076326370239258,0.1039358236970411,3.4514320564878585e-05,1.0,0.1039358236970411,0.19962069,0.0057891
lambda1_start_expansion96_s387_cont120000,LHCb_7:12,early_0p18_0p28,48.5,0.1606001853942871,0.1039358236970411,3.4514320564878585e-05,1.0,0.1039358236970411,0.19962069,0.0057891
lambda1_start_expansion96_s388_cont120000,LHCb_7:12,early_0p18_0p28,48.5,0.16060614585876465,0.1039358236970411,3.4514320564878585e-05,1.0,0.1039358236970411,0.19962069,0.0057891
lambda1_start_expansion96_s389_cont120000,LHCb_7:12,early_0p18_0p28,48.5,0.1605968475341797,0.1039358236970411,3.4514320564878585e-05,1.0,0.1039358236970411,0.19962069,0.0057891
lambda1_start_expansion96_s390_cont120000,LHCb_7:12,early_0p18_0p28,48.5,0.16050219535827637,0.1039358236970411,3.4514320564878585e-05,1.0,0.1039358236970411,0.19962069,0.0057891
lambda1_start_expansion96_s391_cont120000,LHCb_7:12,early_0p18_0p28,48.5,0.16057968139648438,0.1039358236970411,3.4514320564878585e-05,1.0,0.1039358236970411,0.19962069,0.0057891
lambda1_start_expansion96_s392_cont120000,LHCb_7:12,early_0p18_0p28,48.5,0.1606302261352539,0.1039358236970411,3.4514320564878585e-05,1.0,0.1039358236970411,0.19962069,0.0057891
lambda1_start_expansion96_s393_cont120000,LHCb_7:12,early_0p18_0p28,48.5,0.16044998168945312,0.1039358236970411,3.4514320564878585e-05,1.0,0.1039358236970411,0.19962069,0.0057891
lambda1_start_expansion96_s394_cont120000,LHCb_7:12,early_0p18_0p28,48.5,0.16069817543029785,0.1039358236970411,3.4514320564878585e-05,1.0,0.1039358236970411,0.19962069,0.0057891
lambda1_start_expansion96_s395_cont120000,LHCb_7:12,early_0p18_0p28,48.5,0.1605672836303711,0.1039358236970411,3.4514320564878585e-05,1.0,0.1039358236970411,0.19962069,0.0057891
lambda1_start_expansion96_s396_cont120000,LHCb_7:12,early_0p18_0p28,48.5,0.16071653366088867,0.1039358236970411,3.4514320564878585e-05,1.0,0.1039358236970411,0.19962069,0.0057891
lambda1_start_expansion96_s397_cont120000,LHCb_7:12,early_0p18_0p28,48.5,0.1604776382446289,0.1039358236970411,3.4514320564878585e-05,1.0,0.1039358236970411,0.19962069,0.0057891
lambda1_start_expansion96_s398_cont120000,LHCb_7:12,early_0p18_0p28,48.5,0.16057300567626953,0.1039358236970411,3.4514320564878585e-05,1.0,0.1039358236970411,0.19962069,0.0057891
exactbaseline_matched_reference_distance_b0p1_2p0_lam1e00_s303,LHCb_7:12,central_0p20_0p30,48.5,0.16028332710266113,0.1039358236970411,3.4514320564878585e-05,1.0,0.1039358236970411,0.19962069,0.0057891
exactbaseline_matched_reference_distance_b0p1_2p0_lam1e00_s304,LHCb_7:12,central_0p20_0p30,48.5,0.16058969497680664,0.1039358236970411,3.4514320564878585e-05,1.0,0.1039358236970411,0.19962069,0.0057891
exactbaseline_matched_reference_distance_b0p1_2p0_lam1e00_s305,LHCb_7:12,central_0p20_0p30,48.5,0.16028332710266113,0.1039358236970411,3.4514320564878585e-05,1.0,0.1039358236970411,0.19962069,0.0057891
exactbaseline_matched_reference_distance_b0p1_2p0_lam1e00_s306,LHCb_7:12,central_0p20_0p30,48.5,0.15994954109191895,0.1039358236970411,3.4514320564878585e-05,1.0,0.1039358236970411,0.19962069,0.0057891
exactbaseline_matched_reference_distance_b0p1_2p0_lam1e00_s307,LHCb_7:12,central_0p20_0p30,48.5,0.16072702407836914,0.1039358236970411,3.4514320564878585e-05,1.0,0.1039358236970411,0.19962069,0.0057891
exactbaseline_matched_reference_distance_b0p1_2p0_lam1e00_s308,LHCb_7:12,central_0p20_0p30,48.5,0.16014766693115234,0.1039358236970411,3.4514320564878585e-05,1.0,0.1039358236970411,0.19962069,0.0057891
exactbaseline_matched_reference_distance_b0p1_2p0_lam1e00_s309,LHCb_7:12,central_0p20_0p30,48.5,0.16006159782409668,0.1039358236970411,3.4514320564878585e-05,1.0,0.1039358236970411,0.19962069,0.0057891
exactbaseline_matched_reference_distance_b0p1_2p0_lam1e00_s310,LHCb_7:12,central_0p20_0p30,48.5,0.16040635108947754,0.1039358236970411,3.4514320564878585e-05,1.0,0.1039358236970411,0.19962069,0.0057891
exactbaseline_matched_reference_distance_b0p1_2p0_lam1e00_s311,LHCb_7:12,central_0p20_0p30,48.5,0.15994596481323242,0.1039358236970411,3.4514320564878585e-05,1.0,0.1039358236970411,0.19962069,0.0057891
exactbaseline_matched_reference_distance_b0p1_2p0_lam1e00_s312,LHCb_7:12,central_0p20_0p30,48.5,0.16026949882507324,0.1039358236970411,3.4514320564878585e-05,1.0,0.1039358236970411,0.19962069,0.0057891
exactbaseline_matched_reference_distance_b0p1_2p0_lam1e00_s313,LHCb_7:12,central_0p20_0p30,48.5,0.1605534553527832,0.1039358236970411,3.4514320564878585e-05,1.0,0.1039358236970411,0.19962069,0.0057891
exactbaseline_matched_reference_distance_b0p1_2p0_lam1e00_s314,LHCb_7:12,central_0p20_0p30,48.5,0.16032934188842773,0.1039358236970411,3.4514320564878585e-05,1.0,0.1039358236970411,0.19962069,0.0057891
exactbaseline_matched_reference_distance_b0p1_2p0_lam1e00_s315,LHCb_7:12,central_0p20_0p30,48.5,0.16037845611572266,0.1039358236970411,3.4514320564878585e-05,1.0,0.1039358236970411,0.19962069,0.0057891
exactbaseline_matched_reference_distance_b0p1_2p0_lam1e00_s316,LHCb_7:12,central_0p20_0p30,48.5,0.16028571128845215,0.1039358236970411,3.4514320564878585e-05,1.0,0.1039358236970411,0.19962069,0.0057891
exactbaseline_matched_reference_distance_b0p1_2p0_lam1e00_s317,LHCb_7:12,central_0p20_0p30,48.5,0.16039180755615234,0.1039358236970411,3.4514320564878585e-05,1.0,0.1039358236970411,0.19962069,0.0057891
exactbaseline_matched_reference_distance_b0p1_2p0_lam1e00_s318,LHCb_7:12,central_0p20_0p30,48.5,0.16033244132995605,0.1039358236970411,3.4514320564878585e-05,1.0,0.1039358236970411,0.19962069,0.0057891
exactbaseline_matched_reference_distance_b0p1_2p0_lam1e00_s319,LHCb_7:12,central_0p20_0p30,48.5,0.16052484512329102,0.1039358236970411,3.4514320564878585e-05,1.0,0.1039358236970411,0.19962069,0.0057891
exactbaseline_matched_reference_distance_b0p1_2p0_lam1e00_s320,LHCb_7:12,central_0p20_0p30,48.5,0.16029572486877441,0.1039358236970411,3.4514320564878585e-05,1.0,0.1039358236970411,0.19962069,0.0057891
exactbaseline_matched_reference_distance_b0p1_2p0_lam1e00_s321,LHCb_7:12,central_0p20_0p30,48.5,0.16024494171142578,0.1039358236970411,3.4514320564878585e-05,1.0,0.1039358236970411,0.19962069,0.0057891
exactbaseline_matched_reference_distance_b0p1_2p0_lam1e00_s322,LHCb_7:12,central_0p20_0p30,48.5,0.16031622886657715,0.1039358236970411,3.4514320564878585e-05,1.0,0.1039358236970411,0.19962069,0.0057891
exactbaseline_matched_reference_distance_b0p1_2p0_lam1e00_s323,LHCb_7:12,central_0p20_0p30,48.5,0.16030001640319824,0.1039358236970411,3.4514320564878585e-05,1.0,0.1039358236970411,0.19962069,0.0057891
exactbaseline_matched_reference_distance_b0p1_2p0_lam1e00_s324,LHCb_7:12,central_0p20_0p30,48.5,0.16031837463378906,0.1039358236970411,3.4514320564878585e-05,1.0,0.1039358236970411,0.19962069,0.0057891
exactbaseline_matched_reference_distance_b0p1_2p0_lam1e00_s325,LHCb_7:12,central_0p20_0p30,48.5,0.15994811058044434,0.1039358236970411,3.4514320564878585e-05,1.0,0.1039358236970411,0.19962069,0.0057891
exactbaseline_matched_reference_distance_b0p1_2p0_lam1e00_s326,LHCb_7:12,central_0p20_0p30,48.5,0.16056084632873535,0.1039358236970411,3.4514320564878585e-05,1.0,0.1039358236970411,0.19962069,0.0057891
lambda1_start_expansion48_s327_cont320000,LHCb_7:12,central_0p20_0p30,48.5,0.16060328483581543,0.1039358236970411,3.4514320564878585e-05,1.0,0.1039358236970411,0.19962069,0.0057891
lambda1_start_expansion48_s328_cont240000,LHCb_7:12,central_0p20_0p30,48.5,0.16070103645324707,0.1039358236970411,3.4514320564878585e-05,1.0,0.1039358236970411,0.19962069,0.0057891
lambda1_start_expansion48_s329_cont200000,LHCb_7:12,central_0p20_0p30,48.5,0.16054677963256836,0.1039358236970411,3.4514320564878585e-05,1.0,0.1039358236970411,0.19962069,0.0057891
lambda1_start_expansion48_s330_cont120000,LHCb_7:12,central_0p20_0p30,48.5,0.16044998168945312,0.1039358236970411,3.4514320564878585e-05,1.0,0.1039358236970411,0.19962069,0.0057891
lambda1_start_expansion48_s331_cont120000,LHCb_7:12,central_0p20_0p30,48.5,0.160722017288208,0.1039358236970411,3.4514320564878585e-05,1.0,0.1039358236970411,0.19962069,0.0057891
lambda1_start_expansion48_s332_cont120000,LHCb_7:12,central_0p20_0p30,48.5,0.16045856475830078,0.1039358236970411,3.4514320564878585e-05,1.0,0.1039358236970411,0.19962069,0.0057891
lambda1_start_expansion48_s333_cont120000,LHCb_7:12,central_0p20_0p30,48.5,0.16004514694213867,0.1039358236970411,3.4514320564878585e-05,1.0,0.1039358236970411,0.19962069,0.0057891
lambda1_start_expansion48_s334_cont120000,LHCb_7:12,central_0p20_0p30,48.5,0.16063523292541504,0.1039358236970411,3.4514320564878585e-05,1.0,0.1039358236970411,0.19962069,0.0057891
lambda1_start_expansion48_s335_cont120000,LHCb_7:12,central_0p20_0p30,48.5,0.16001176834106445,0.1039358236970411,3.4514320564878585e-05,1.0,0.1039358236970411,0.19962069,0.0057891
lambda1_start_expansion48_s336_cont120000,LHCb_7:12,central_0p20_0p30,48.5,0.16066551208496094,0.1039358236970411,3.4514320564878585e-05,1.0,0.1039358236970411,0.19962069,0.0057891
lambda1_start_expansion48_s337_cont120000,LHCb_7:12,central_0p20_0p30,48.5,0.16095852851867676,0.1039358236970411,3.4514320564878585e-05,1.0,0.1039358236970411,0.19962069,0.0057891
lambda1_start_expansion48_s338_cont120000,LHCb_7:12,central_0p20_0p30,48.5,0.1606919765472412,0.1039358236970411,3.4514320564878585e-05,1.0,0.1039358236970411,0.19962069,0.0057891
lambda1_start_expansion48_s339_cont120000,LHCb_7:12,central_0p20_0p30,48.5,0.1606144905090332,0.1039358236970411,3.4514320564878585e-05,1.0,0.1039358236970411,0.19962069,0.0057891
lambda1_start_expansion48_s340_cont120000,LHCb_7:12,central_0p20_0p30,48.5,0.16062068939208984,0.1039358236970411,3.4514320564878585e-05,1.0,0.1039358236970411,0.19962069,0.0057891
lambda1_start_expansion48_s341_cont120000,LHCb_7:12,central_0p20_0p30,48.5,0.16062688827514648,0.1039358236970411,3.4514320564878585e-05,1.0,0.1039358236970411,0.19962069,0.0057891
lambda1_start_expansion48_s342_cont120000,LHCb_7:12,central_0p20_0p30,48.5,0.1604616641998291,0.1039358236970411,3.4514320564878585e-05,1.0,0.1039358236970411,0.19962069,0.0057891
lambda1_start_expansion48_s343_cont120000,LHCb_7:12,central_0p20_0p30,48.5,0.16063523292541504,0.1039358236970411,3.4514320564878585e-05,1.0,0.1039358236970411,0.19962069,0.0057891
lambda1_start_expansion48_s344_cont120000,LHCb_7:12,central_0p20_0p30,48.5,0.16062116622924805,0.1039358236970411,3.4514320564878585e-05,1.0,0.1039358236970411,0.19962069,0.0057891
lambda1_start_expansion48_s345_cont120000,LHCb_7:12,central_0p20_0p30,48.5,0.16051578521728516,0.1039358236970411,3.4514320564878585e-05,1.0,0.1039358236970411,0.19962069,0.0057891
lambda1_start_expansion48_s346_cont120000,LHCb_7:12,central_0p20_0p30,48.5,0.16071128845214844,0.1039358236970411,3.4514320564878585e-05,1.0,0.1039358236970411,0.19962069,0.0057891
lambda1_start_expansion48_s347_cont120000,LHCb_7:12,central_0p20_0p30,48.5,0.16056513786315918,0.1039358236970411,3.4514320564878585e-05,1.0,0.1039358236970411,0.19962069,0.0057891
lambda1_start_expansion48_s348_cont120000,LHCb_7:12,central_0p20_0p30,48.5,0.16073966026306152,0.1039358236970411,3.4514320564878585e-05,1.0,0.1039358236970411,0.19962069,0.0057891
lambda1_start_expansion48_s349_cont160000,LHCb_7:12,central_0p20_0p30,48.5,0.16058063507080078,0.1039358236970411,3.4514320564878585e-05,1.0,0.1039358236970411,0.19962069,0.0057891
lambda1_start_expansion48_s350_cont120000,LHCb_7:12,central_0p20_0p30,48.5,0.16071343421936035,0.1039358236970411,3.4514320564878585e-05,1.0,0.1039358236970411,0.19962069,0.0057891
lambda1_start_expansion96_s351_cont120000,LHCb_7:12,central_0p20_0p30,48.5,0.16055655479431152,0.1039358236970411,3.4514320564878585e-05,1.0,0.1039358236970411,0.19962069,0.0057891
lambda1_start_expansion96_s352_cont120000,LHCb_7:12,central_0p20_0p30,48.5,0.1606886386871338,0.1039358236970411,3.4514320564878585e-05,1.0,0.1039358236970411,0.19962069,0.0057891
lambda1_start_expansion96_s353_cont120000,LHCb_7:12,central_0p20_0p30,48.5,0.16055679321289062,0.1039358236970411,3.4514320564878585e-05,1.0,0.1039358236970411,0.19962069,0.0057891
lambda1_start_expansion96_s354_cont120000,LHCb_7:12,central_0p20_0p30,48.5,0.16044330596923828,0.1039358236970411,3.4514320564878585e-05,1.0,0.1039358236970411,0.19962069,0.0057891
lambda1_start_expansion96_s355_cont120000,LHCb_7:12,central_0p20_0p30,48.5,0.1607215404510498,0.1039358236970411,3.4514320564878585e-05,1.0,0.1039358236970411,0.19962069,0.0057891
lambda1_start_expansion96_s356_cont120000,LHCb_7:12,central_0p20_0p30,48.5,0.16033482551574707,0.1039358236970411,3.4514320564878585e-05,1.0,0.1039358236970411,0.19962069,0.0057891
lambda1_start_expansion96_s357_cont120000,LHCb_7:12,central_0p20_0p30,48.5,0.16004085540771484,0.1039358236970411,3.4514320564878585e-05,1.0,0.1039358236970411,0.19962069,0.0057891
lambda1_start_expansion96_s358_cont120000,LHCb_7:12,central_0p20_0p30,48.5,0.1606287956237793,0.1039358236970411,3.4514320564878585e-05,1.0,0.1039358236970411,0.19962069,0.0057891
lambda1_start_expansion96_s359_cont120000,LHCb_7:12,central_0p20_0p30,48.5,0.16001248359680176,0.1039358236970411,3.4514320564878585e-05,1.0,0.1039358236970411,0.19962069,0.0057891
lambda1_start_expansion96_s360_cont120000,LHCb_7:12,central_0p20_0p30,48.5,0.160660982131958,0.1039358236970411,3.4514320564878585e-05,1.0,0.1039358236970411,0.19962069,0.0057891
lambda1_start_expansion96_s361_cont120000,LHCb_7:12,central_0p20_0p30,48.5,0.16094303131103516,0.1039358236970411,3.4514320564878585e-05,1.0,0.1039358236970411,0.19962069,0.0057891
lambda1_start_expansion96_s362_cont120000,LHCb_7:12,central_0p20_0p30,48.5,0.16072964668273926,0.1039358236970411,3.4514320564878585e-05,1.0,0.1039358236970411,0.19962069,0.0057891
lambda1_start_expansion96_s363_cont120000,LHCb_7:12,central_0p20_0p30,48.5,0.1605982780456543,0.1039358236970411,3.4514320564878585e-05,1.0,0.1039358236970411,0.19962069,0.0057891
lambda1_start_expansion96_s364_cont120000,LHCb_7:12,central_0p20_0p30,48.5,0.16054987907409668,0.1039358236970411,3.4514320564878585e-05,1.0,0.1039358236970411,0.19962069,0.0057891
lambda1_start_expansion96_s365_cont120000,LHCb_7:12,central_0p20_0p30,48.5,0.16053342819213867,0.1039358236970411,3.4514320564878585e-05,1.0,0.1039358236970411,0.19962069,0.0057891
lambda1_start_expansion96_s366_cont120000,LHCb_7:12,central_0p20_0p30,48.5,0.16048073768615723,0.1039358236970411,3.4514320564878585e-05,1.0,0.1039358236970411,0.19962069,0.0057891
lambda1_start_expansion96_s367_cont120000,LHCb_7:12,central_0p20_0p30,48.5,0.1606757640838623,0.1039358236970411,3.4514320564878585e-05,1.0,0.1039358236970411,0.19962069,0.0057891
lambda1_start_expansion96_s368_cont120000,LHCb_7:12,central_0p20_0p30,48.5,0.16062307357788086,0.1039358236970411,3.4514320564878585e-05,1.0,0.1039358236970411,0.19962069,0.0057891
lambda1_start_expansion96_s369_cont120000,LHCb_7:12,central_0p20_0p30,48.5,0.16049790382385254,0.1039358236970411,3.4514320564878585e-05,1.0,0.1039358236970411,0.19962069,0.0057891
lambda1_start_expansion96_s370_cont120000,LHCb_7:12,central_0p20_0p30,48.5,0.1607193946838379,0.1039358236970411,3.4514320564878585e-05,1.0,0.1039358236970411,0.19962069,0.0057891
lambda1_start_expansion96_s371_cont120000,LHCb_7:12,central_0p20_0p30,48.5,0.16054129600524902,0.1039358236970411,3.4514320564878585e-05,1.0,0.1039358236970411,0.19962069,0.0057891
lambda1_start_expansion96_s372_cont120000,LHCb_7:12,central_0p20_0p30,48.5,0.16076087951660156,0.1039358236970411,3.4514320564878585e-05,1.0,0.1039358236970411,0.19962069,0.0057891
lambda1_start_expansion96_s373_cont120000,LHCb_7:12,central_0p20_0p30,48.5,0.160475492477417,0.1039358236970411,3.4514320564878585e-05,1.0,0.1039358236970411,0.19962069,0.0057891
lambda1_start_expansion96_s374_cont120000,LHCb_7:12,central_0p20_0p30,48.5,0.16063833236694336,0.1039358236970411,3.4514320564878585e-05,1.0,0.1039358236970411,0.19962069,0.0057891
lambda1_start_expansion96_s375_cont120000,LHCb_7:12,central_0p20_0p30,48.5,0.1604933738708496,0.1039358236970411,3.4514320564878585e-05,1.0,0.1039358236970411,0.19962069,0.0057891
lambda1_start_expansion96_s376_cont120000,LHCb_7:12,central_0p20_0p30,48.5,0.16068601608276367,0.1039358236970411,3.4514320564878585e-05,1.0,0.1039358236970411,0.19962069,0.0057891
lambda1_start_expansion96_s377_cont120000,LHCb_7:12,central_0p20_0p30,48.5,0.16053342819213867,0.1039358236970411,3.4514320564878585e-05,1.0,0.1039358236970411,0.19962069,0.0057891
lambda1_start_expansion96_s378_cont120000,LHCb_7:12,central_0p20_0p30,48.5,0.160491943359375,0.1039358236970411,3.4514320564878585e-05,1.0,0.1039358236970411,0.19962069,0.0057891
lambda1_start_expansion96_s379_cont120000,LHCb_7:12,central_0p20_0p30,48.5,0.1607189178466797,0.1039358236970411,3.4514320564878585e-05,1.0,0.1039358236970411,0.19962069,0.0057891
lambda1_start_expansion96_s380_cont120000,LHCb_7:12,central_0p20_0p30,48.5,0.1603078842163086,0.1039358236970411,3.4514320564878585e-05,1.0,0.1039358236970411,0.19962069,0.0057891
lambda1_start_expansion96_s381_cont120000,LHCb_7:12,central_0p20_0p30,48.5,0.16001558303833008,0.1039358236970411,3.4514320564878585e-05,1.0,0.1039358236970411,0.19962069,0.0057891
lambda1_start_expansion96_s382_cont120000,LHCb_7:12,central_0p20_0p30,48.5,0.16066551208496094,0.1039358236970411,3.4514320564878585e-05,1.0,0.1039358236970411,0.19962069,0.0057891
lambda1_start_expansion96_s383_cont120000,LHCb_7:12,central_0p20_0p30,48.5,0.16001248359680176,0.1039358236970411,3.4514320564878585e-05,1.0,0.1039358236970411,0.19962069,0.0057891
lambda1_start_expansion96_s384_cont120000,LHCb_7:12,central_0p20_0p30,48.5,0.1606597900390625,0.1039358236970411,3.4514320564878585e-05,1.0,0.1039358236970411,0.19962069,0.0057891
lambda1_start_expansion96_s385_cont120000,LHCb_7:12,central_0p20_0p30,48.5,0.16093063354492188,0.1039358236970411,3.4514320564878585e-05,1.0,0.1039358236970411,0.19962069,0.0057891
lambda1_start_expansion96_s386_cont120000,LHCb_7:12,central_0p20_0p30,48.5,0.16076326370239258,0.1039358236970411,3.4514320564878585e-05,1.0,0.1039358236970411,0.19962069,0.0057891
lambda1_start_expansion96_s387_cont120000,LHCb_7:12,central_0p20_0p30,48.5,0.1606001853942871,0.1039358236970411,3.4514320564878585e-05,1.0,0.1039358236970411,0.19962069,0.0057891
lambda1_start_expansion96_s388_cont120000,LHCb_7:12,central_0p20_0p30,48.5,0.16060614585876465,0.1039358236970411,3.4514320564878585e-05,1.0,0.1039358236970411,0.19962069,0.0057891
lambda1_start_expansion96_s389_cont120000,LHCb_7:12,central_0p20_0p30,48.5,0.1605968475341797,0.1039358236970411,3.4514320564878585e-05,1.0,0.1039358236970411,0.19962069,0.0057891
lambda1_start_expansion96_s390_cont120000,LHCb_7:12,central_0p20_0p30,48.5,0.16050219535827637,0.1039358236970411,3.4514320564878585e-05,1.0,0.1039358236970411,0.19962069,0.0057891
lambda1_start_expansion96_s391_cont120000,LHCb_7:12,central_0p20_0p30,48.5,0.16057968139648438,0.1039358236970411,3.4514320564878585e-05,1.0,0.1039358236970411,0.19962069,0.0057891
lambda1_start_expansion96_s392_cont120000,LHCb_7:12,central_0p20_0p30,48.5,0.1606302261352539,0.1039358236970411,3.4514320564878585e-05,1.0,0.1039358236970411,0.19962069,0.0057891
lambda1_start_expansion96_s393_cont120000,LHCb_7:12,central_0p20_0p30,48.5,0.16044998168945312,0.1039358236970411,3.4514320564878585e-05,1.0,0.1039358236970411,0.19962069,0.0057891
lambda1_start_expansion96_s394_cont120000,LHCb_7:12,central_0p20_0p30,48.5,0.16069817543029785,0.1039358236970411,3.4514320564878585e-05,1.0,0.1039358236970411,0.19962069,0.0057891
lambda1_start_expansion96_s395_cont120000,LHCb_7:12,central_0p20_0p30,48.5,0.1605672836303711,0.1039358236970411,3.4514320564878585e-05,1.0,0.1039358236970411,0.19962069,0.0057891
lambda1_start_expansion96_s396_cont120000,LHCb_7:12,central_0p20_0p30,48.5,0.16071653366088867,0.1039358236970411,3.4514320564878585e-05,1.0,0.1039358236970411,0.19962069,0.0057891
lambda1_start_expansion96_s397_cont120000,LHCb_7:12,central_0p20_0p30,48.5,0.1604776382446289,0.1039358236970411,3.4514320564878585e-05,1.0,0.1039358236970411,0.19962069,0.0057891
lambda1_start_expansion96_s398_cont120000,LHCb_7:12,central_0p20_0p30,48.5,0.16057300567626953,0.1039358236970411,3.4514320564878585e-05,1.0,0.1039358236970411,0.19962069,0.0057891
exactbaseline_matched_reference_distance_b0p1_2p0_lam1e00_s303,LHCb_7:12,late_0p22_0p32,48.5,0.16028332710266113,0.1039358236970411,3.4514320564878585e-05,1.0,0.1039358236970411,0.19962069,0.0057891
exactbaseline_matched_reference_distance_b0p1_2p0_lam1e00_s304,LHCb_7:12,late_0p22_0p32,48.5,0.16058969497680664,0.1039358236970411,3.4514320564878585e-05,1.0,0.1039358236970411,0.19962069,0.0057891
exactbaseline_matched_reference_distance_b0p1_2p0_lam1e00_s305,LHCb_7:12,late_0p22_0p32,48.5,0.16028332710266113,0.1039358236970411,3.4514320564878585e-05,1.0,0.1039358236970411,0.19962069,0.0057891
exactbaseline_matched_reference_distance_b0p1_2p0_lam1e00_s306,LHCb_7:12,late_0p22_0p32,48.5,0.15994954109191895,0.1039358236970411,3.4514320564878585e-05,1.0,0.1039358236970411,0.19962069,0.0057891
exactbaseline_matched_reference_distance_b0p1_2p0_lam1e00_s307,LHCb_7:12,late_0p22_0p32,48.5,0.16072702407836914,0.1039358236970411,3.4514320564878585e-05,1.0,0.1039358236970411,0.19962069,0.0057891
exactbaseline_matched_reference_distance_b0p1_2p0_lam1e00_s308,LHCb_7:12,late_0p22_0p32,48.5,0.16014766693115234,0.1039358236970411,3.4514320564878585e-05,1.0,0.1039358236970411,0.19962069,0.0057891
exactbaseline_matched_reference_distance_b0p1_2p0_lam1e00_s309,LHCb_7:12,late_0p22_0p32,48.5,0.16006159782409668,0.1039358236970411,3.4514320564878585e-05,1.0,0.1039358236970411,0.19962069,0.0057891
exactbaseline_matched_reference_distance_b0p1_2p0_lam1e00_s310,LHCb_7:12,late_0p22_0p32,48.5,0.16040635108947754,0.1039358236970411,3.4514320564878585e-05,1.0,0.1039358236970411,0.19962069,0.0057891
exactbaseline_matched_reference_distance_b0p1_2p0_lam1e00_s311,LHCb_7:12,late_0p22_0p32,48.5,0.15994596481323242,0.1039358236970411,3.4514320564878585e-05,1.0,0.1039358236970411,0.19962069,0.0057891
exactbaseline_matched_reference_distance_b0p1_2p0_lam1e00_s312,LHCb_7:12,late_0p22_0p32,48.5,0.16026949882507324,0.1039358236970411,3.4514320564878585e-05,1.0,0.1039358236970411,0.19962069,0.0057891
exactbaseline_matched_reference_distance_b0p1_2p0_lam1e00_s313,LHCb_7:12,late_0p22_0p32,48.5,0.1605534553527832,0.1039358236970411,3.4514320564878585e-05,1.0,0.1039358236970411,0.19962069,0.0057891
exactbaseline_matched_reference_distance_b0p1_2p0_lam1e00_s314,LHCb_7:12,late_0p22_0p32,48.5,0.16032934188842773,0.1039358236970411,3.4514320564878585e-05,1.0,0.1039358236970411,0.19962069,0.0057891
exactbaseline_matched_reference_distance_b0p1_2p0_lam1e00_s315,LHCb_7:12,late_0p22_0p32,48.5,0.16037845611572266,0.1039358236970411,3.4514320564878585e-05,1.0,0.1039358236970411,0.19962069,0.0057891
exactbaseline_matched_reference_distance_b0p1_2p0_lam1e00_s316,LHCb_7:12,late_0p22_0p32,48.5,0.16028571128845215,0.1039358236970411,3.4514320564878585e-05,1.0,0.1039358236970411,0.19962069,0.0057891
exactbaseline_matched_reference_distance_b0p1_2p0_lam1e00_s317,LHCb_7:12,late_0p22_0p32,48.5,0.16039180755615234,0.1039358236970411,3.4514320564878585e-05,1.0,0.1039358236970411,0.19962069,0.0057891
exactbaseline_matched_reference_distance_b0p1_2p0_lam1e00_s318,LHCb_7:12,late_0p22_0p32,48.5,0.16033244132995605,0.1039358236970411,3.4514320564878585e-05,1.0,0.1039358236970411,0.19962069,0.0057891
exactbaseline_matched_reference_distance_b0p1_2p0_lam1e00_s319,LHCb_7:12,late_0p22_0p32,48.5,0.16052484512329102,0.1039358236970411,3.4514320564878585e-05,1.0,0.1039358236970411,0.19962069,0.0057891
exactbaseline_matched_reference_distance_b0p1_2p0_lam1e00_s320,LHCb_7:12,late_0p22_0p32,48.5,0.16029572486877441,0.1039358236970411,3.4514320564878585e-05,1.0,0.1039358236970411,0.19962069,0.0057891
exactbaseline_matched_reference_distance_b0p1_2p0_lam1e00_s321,LHCb_7:12,late_0p22_0p32,48.5,0.16024494171142578,0.1039358236970411,3.4514320564878585e-05,1.0,0.1039358236970411,0.19962069,0.0057891
exactbaseline_matched_reference_distance_b0p1_2p0_lam1e00_s322,LHCb_7:12,late_0p22_0p32,48.5,0.16031622886657715,0.1039358236970411,3.4514320564878585e-05,1.0,0.1039358236970411,0.19962069,0.0057891
exactbaseline_matched_reference_distance_b0p1_2p0_lam1e00_s323,LHCb_7:12,late_0p22_0p32,48.5,0.16030001640319824,0.1039358236970411,3.4514320564878585e-05,1.0,0.1039358236970411,0.19962069,0.0057891
exactbaseline_matched_reference_distance_b0p1_2p0_lam1e00_s324,LHCb_7:12,late_0p22_0p32,48.5,0.16031837463378906,0.1039358236970411,3.4514320564878585e-05,1.0,0.1039358236970411,0.19962069,0.0057891
exactbaseline_matched_reference_distance_b0p1_2p0_lam1e00_s325,LHCb_7:12,late_0p22_0p32,48.5,0.15994811058044434,0.1039358236970411,3.4514320564878585e-05,1.0,0.1039358236970411,0.19962069,0.0057891
exactbaseline_matched_reference_distance_b0p1_2p0_lam1e00_s326,LHCb_7:12,late_0p22_0p32,48.5,0.16056084632873535,0.1039358236970411,3.4514320564878585e-05,1.0,0.1039358236970411,0.19962069,0.0057891
lambda1_start_expansion48_s327_cont320000,LHCb_7:12,late_0p22_0p32,48.5,0.16060328483581543,0.1039358236970411,3.4514320564878585e-05,1.0,0.1039358236970411,0.19962069,0.0057891
lambda1_start_expansion48_s328_cont240000,LHCb_7:12,late_0p22_0p32,48.5,0.16070103645324707,0.1039358236970411,3.4514320564878585e-05,1.0,0.1039358236970411,0.19962069,0.0057891
lambda1_start_expansion48_s329_cont200000,LHCb_7:12,late_0p22_0p32,48.5,0.16054677963256836,0.1039358236970411,3.4514320564878585e-05,1.0,0.1039358236970411,0.19962069,0.0057891
lambda1_start_expansion48_s330_cont120000,LHCb_7:12,late_0p22_0p32,48.5,0.16044998168945312,0.1039358236970411,3.4514320564878585e-05,1.0,0.1039358236970411,0.19962069,0.0057891
lambda1_start_expansion48_s331_cont120000,LHCb_7:12,late_0p22_0p32,48.5,0.160722017288208,0.1039358236970411,3.4514320564878585e-05,1.0,0.1039358236970411,0.19962069,0.0057891
lambda1_start_expansion48_s332_cont120000,LHCb_7:12,late_0p22_0p32,48.5,0.16045856475830078,0.1039358236970411,3.4514320564878585e-05,1.0,0.1039358236970411,0.19962069,0.0057891
lambda1_start_expansion48_s333_cont120000,LHCb_7:12,late_0p22_0p32,48.5,0.16004514694213867,0.1039358236970411,3.4514320564878585e-05,1.0,0.1039358236970411,0.19962069,0.0057891
lambda1_start_expansion48_s334_cont120000,LHCb_7:12,late_0p22_0p32,48.5,0.16063523292541504,0.1039358236970411,3.4514320564878585e-05,1.0,0.1039358236970411,0.19962069,0.0057891
lambda1_start_expansion48_s335_cont120000,LHCb_7:12,late_0p22_0p32,48.5,0.16001176834106445,0.1039358236970411,3.4514320564878585e-05,1.0,0.1039358236970411,0.19962069,0.0057891
lambda1_start_expansion48_s336_cont120000,LHCb_7:12,late_0p22_0p32,48.5,0.16066551208496094,0.1039358236970411,3.4514320564878585e-05,1.0,0.1039358236970411,0.19962069,0.0057891
lambda1_start_expansion48_s337_cont120000,LHCb_7:12,late_0p22_0p32,48.5,0.16095852851867676,0.1039358236970411,3.4514320564878585e-05,1.0,0.1039358236970411,0.19962069,0.0057891
lambda1_start_expansion48_s338_cont120000,LHCb_7:12,late_0p22_0p32,48.5,0.1606919765472412,0.1039358236970411,3.4514320564878585e-05,1.0,0.1039358236970411,0.19962069,0.0057891
lambda1_start_expansion48_s339_cont120000,LHCb_7:12,late_0p22_0p32,48.5,0.1606144905090332,0.1039358236970411,3.4514320564878585e-05,1.0,0.1039358236970411,0.19962069,0.0057891
lambda1_start_expansion48_s340_cont120000,LHCb_7:12,late_0p22_0p32,48.5,0.16062068939208984,0.1039358236970411,3.4514320564878585e-05,1.0,0.1039358236970411,0.19962069,0.0057891
lambda1_start_expansion48_s341_cont120000,LHCb_7:12,late_0p22_0p32,48.5,0.16062688827514648,0.1039358236970411,3.4514320564878585e-05,1.0,0.1039358236970411,0.19962069,0.0057891
lambda1_start_expansion48_s342_cont120000,LHCb_7:12,late_0p22_0p32,48.5,0.1604616641998291,0.1039358236970411,3.4514320564878585e-05,1.0,0.1039358236970411,0.19962069,0.0057891
lambda1_start_expansion48_s343_cont120000,LHCb_7:12,late_0p22_0p32,48.5,0.16063523292541504,0.1039358236970411,3.4514320564878585e-05,1.0,0.1039358236970411,0.19962069,0.0057891
lambda1_start_expansion48_s344_cont120000,LHCb_7:12,late_0p22_0p32,48.5,0.16062116622924805,0.1039358236970411,3.4514320564878585e-05,1.0,0.1039358236970411,0.19962069,0.0057891
lambda1_start_expansion48_s345_cont120000,LHCb_7:12,late_0p22_0p32,48.5,0.16051578521728516,0.1039358236970411,3.4514320564878585e-05,1.0,0.1039358236970411,0.19962069,0.0057891
lambda1_start_expansion48_s346_cont120000,LHCb_7:12,late_0p22_0p32,48.5,0.16071128845214844,0.1039358236970411,3.4514320564878585e-05,1.0,0.1039358236970411,0.19962069,0.0057891
lambda1_start_expansion48_s347_cont120000,LHCb_7:12,late_0p22_0p32,48.5,0.16056513786315918,0.1039358236970411,3.4514320564878585e-05,1.0,0.1039358236970411,0.19962069,0.0057891
lambda1_start_expansion48_s348_cont120000,LHCb_7:12,late_0p22_0p32,48.5,0.16073966026306152,0.1039358236970411,3.4514320564878585e-05,1.0,0.1039358236970411,0.19962069,0.0057891
lambda1_start_expansion48_s349_cont160000,LHCb_7:12,late_0p22_0p32,48.5,0.16058063507080078,0.1039358236970411,3.4514320564878585e-05,1.0,0.1039358236970411,0.19962069,0.0057891
lambda1_start_expansion48_s350_cont120000,LHCb_7:12,late_0p22_0p32,48.5,0.16071343421936035,0.1039358236970411,3.4514320564878585e-05,1.0,0.1039358236970411,0.19962069,0.0057891
lambda1_start_expansion96_s351_cont120000,LHCb_7:12,late_0p22_0p32,48.5,0.16055655479431152,0.1039358236970411,3.4514320564878585e-05,1.0,0.1039358236970411,0.19962069,0.0057891
lambda1_start_expansion96_s352_cont120000,LHCb_7:12,late_0p22_0p32,48.5,0.1606886386871338,0.1039358236970411,3.4514320564878585e-05,1.0,0.1039358236970411,0.19962069,0.0057891
lambda1_start_expansion96_s353_cont120000,LHCb_7:12,late_0p22_0p32,48.5,0.16055679321289062,0.1039358236970411,3.4514320564878585e-05,1.0,0.1039358236970411,0.19962069,0.0057891
lambda1_start_expansion96_s354_cont120000,LHCb_7:12,late_0p22_0p32,48.5,0.16044330596923828,0.1039358236970411,3.4514320564878585e-05,1.0,0.1039358236970411,0.19962069,0.0057891
lambda1_start_expansion96_s355_cont120000,LHCb_7:12,late_0p22_0p32,48.5,0.1607215404510498,0.1039358236970411,3.4514320564878585e-05,1.0,0.1039358236970411,0.19962069,0.0057891
lambda1_start_expansion96_s356_cont120000,LHCb_7:12,late_0p22_0p32,48.5,0.16033482551574707,0.1039358236970411,3.4514320564878585e-05,1.0,0.1039358236970411,0.19962069,0.0057891
lambda1_start_expansion96_s357_cont120000,LHCb_7:12,late_0p22_0p32,48.5,0.16004085540771484,0.1039358236970411,3.4514320564878585e-05,1.0,0.1039358236970411,0.19962069,0.0057891
lambda1_start_expansion96_s358_cont120000,LHCb_7:12,late_0p22_0p32,48.5,0.1606287956237793,0.1039358236970411,3.4514320564878585e-05,1.0,0.1039358236970411,0.19962069,0.0057891
lambda1_start_expansion96_s359_cont120000,LHCb_7:12,late_0p22_0p32,48.5,0.16001248359680176,0.1039358236970411,3.4514320564878585e-05,1.0,0.1039358236970411,0.19962069,0.0057891
lambda1_start_expansion96_s360_cont120000,LHCb_7:12,late_0p22_0p32,48.5,0.160660982131958,0.1039358236970411,3.4514320564878585e-05,1.0,0.1039358236970411,0.19962069,0.0057891
lambda1_start_expansion96_s361_cont120000,LHCb_7:12,late_0p22_0p32,48.5,0.16094303131103516,0.1039358236970411,3.4514320564878585e-05,1.0,0.1039358236970411,0.19962069,0.0057891
lambda1_start_expansion96_s362_cont120000,LHCb_7:12,late_0p22_0p32,48.5,0.16072964668273926,0.1039358236970411,3.4514320564878585e-05,1.0,0.1039358236970411,0.19962069,0.0057891
lambda1_start_expansion96_s363_cont120000,LHCb_7:12,late_0p22_0p32,48.5,0.1605982780456543,0.1039358236970411,3.4514320564878585e-05,1.0,0.1039358236970411,0.19962069,0.0057891
lambda1_start_expansion96_s364_cont120000,LHCb_7:12,late_0p22_0p32,48.5,0.16054987907409668,0.1039358236970411,3.4514320564878585e-05,1.0,0.1039358236970411,0.19962069,0.0057891
lambda1_start_expansion96_s365_cont120000,LHCb_7:12,late_0p22_0p32,48.5,0.16053342819213867,0.1039358236970411,3.4514320564878585e-05,1.0,0.1039358236970411,0.19962069,0.0057891
lambda1_start_expansion96_s366_cont120000,LHCb_7:12,late_0p22_0p32,48.5,0.16048073768615723,0.1039358236970411,3.4514320564878585e-05,1.0,0.1039358236970411,0.19962069,0.0057891
lambda1_start_expansion96_s367_cont120000,LHCb_7:12,late_0p22_0p32,48.5,0.1606757640838623,0.1039358236970411,3.4514320564878585e-05,1.0,0.1039358236970411,0.19962069,0.0057891
lambda1_start_expansion96_s368_cont120000,LHCb_7:12,late_0p22_0p32,48.5,0.16062307357788086,0.1039358236970411,3.4514320564878585e-05,1.0,0.1039358236970411,0.19962069,0.0057891
lambda1_start_expansion96_s369_cont120000,LHCb_7:12,late_0p22_0p32,48.5,0.16049790382385254,0.1039358236970411,3.4514320564878585e-05,1.0,0.1039358236970411,0.19962069,0.0057891
lambda1_start_expansion96_s370_cont120000,LHCb_7:12,late_0p22_0p32,48.5,0.1607193946838379,0.1039358236970411,3.4514320564878585e-05,1.0,0.1039358236970411,0.19962069,0.0057891
lambda1_start_expansion96_s371_cont120000,LHCb_7:12,late_0p22_0p32,48.5,0.16054129600524902,0.1039358236970411,3.4514320564878585e-05,1.0,0.1039358236970411,0.19962069,0.0057891
lambda1_start_expansion96_s372_cont120000,LHCb_7:12,late_0p22_0p32,48.5,0.16076087951660156,0.1039358236970411,3.4514320564878585e-05,1.0,0.1039358236970411,0.19962069,0.0057891
lambda1_start_expansion96_s373_cont120000,LHCb_7:12,late_0p22_0p32,48.5,0.160475492477417,0.1039358236970411,3.4514320564878585e-05,1.0,0.1039358236970411,0.19962069,0.0057891
lambda1_start_expansion96_s374_cont120000,LHCb_7:12,late_0p22_0p32,48.5,0.16063833236694336,0.1039358236970411,3.4514320564878585e-05,1.0,0.1039358236970411,0.19962069,0.0057891
lambda1_start_expansion96_s375_cont120000,LHCb_7:12,late_0p22_0p32,48.5,0.1604933738708496,0.1039358236970411,3.4514320564878585e-05,1.0,0.1039358236970411,0.19962069,0.0057891
lambda1_start_expansion96_s376_cont120000,LHCb_7:12,late_0p22_0p32,48.5,0.16068601608276367,0.1039358236970411,3.4514320564878585e-05,1.0,0.1039358236970411,0.19962069,0.0057891
lambda1_start_expansion96_s377_cont120000,LHCb_7:12,late_0p22_0p32,48.5,0.16053342819213867,0.1039358236970411,3.4514320564878585e-05,1.0,0.1039358236970411,0.19962069,0.0057891
lambda1_start_expansion96_s378_cont120000,LHCb_7:12,late_0p22_0p32,48.5,0.160491943359375,0.1039358236970411,3.4514320564878585e-05,1.0,0.1039358236970411,0.19962069,0.0057891
lambda1_start_expansion96_s379_cont120000,LHCb_7:12,late_0p22_0p32,48.5,0.1607189178466797,0.1039358236970411,3.4514320564878585e-05,1.0,0.1039358236970411,0.19962069,0.0057891
lambda1_start_expansion96_s380_cont120000,LHCb_7:12,late_0p22_0p32,48.5,0.1603078842163086,0.1039358236970411,3.4514320564878585e-05,1.0,0.1039358236970411,0.19962069,0.0057891
lambda1_start_expansion96_s381_cont120000,LHCb_7:12,late_0p22_0p32,48.5,0.16001558303833008,0.1039358236970411,3.4514320564878585e-05,1.0,0.1039358236970411,0.19962069,0.0057891
lambda1_start_expansion96_s382_cont120000,LHCb_7:12,late_0p22_0p32,48.5,0.16066551208496094,0.1039358236970411,3.4514320564878585e-05,1.0,0.1039358236970411,0.19962069,0.0057891
lambda1_start_expansion96_s383_cont120000,LHCb_7:12,late_0p22_0p32,48.5,0.16001248359680176,0.1039358236970411,3.4514320564878585e-05,1.0,0.1039358236970411,0.19962069,0.0057891
lambda1_start_expansion96_s384_cont120000,LHCb_7:12,late_0p22_0p32,48.5,0.1606597900390625,0.1039358236970411,3.4514320564878585e-05,1.0,0.1039358236970411,0.19962069,0.0057891
lambda1_start_expansion96_s385_cont120000,LHCb_7:12,late_0p22_0p32,48.5,0.16093063354492188,0.1039358236970411,3.4514320564878585e-05,1.0,0.1039358236970411,0.19962069,0.0057891
lambda1_start_expansion96_s386_cont120000,LHCb_7:12,late_0p22_0p32,48.5,0.16076326370239258,0.1039358236970411,3.4514320564878585e-05,1.0,0.1039358236970411,0.19962069,0.0057891
lambda1_start_expansion96_s387_cont120000,LHCb_7:12,late_0p22_0p32,48.5,0.1606001853942871,0.1039358236970411,3.4514320564878585e-05,1.0,0.1039358236970411,0.19962069,0.0057891
lambda1_start_expansion96_s388_cont120000,LHCb_7:12,late_0p22_0p32,48.5,0.16060614585876465,0.1039358236970411,3.4514320564878585e-05,1.0,0.1039358236970411,0.19962069,0.0057891
lambda1_start_expansion96_s389_cont120000,LHCb_7:12,late_0p22_0p32,48.5,0.1605968475341797,0.1039358236970411,3.4514320564878585e-05,1.0,0.1039358236970411,0.19962069,0.0057891
lambda1_start_expansion96_s390_cont120000,LHCb_7:12,late_0p22_0p32,48.5,0.16050219535827637,0.1039358236970411,3.4514320564878585e-05,1.0,0.1039358236970411,0.19962069,0.0057891
lambda1_start_expansion96_s391_cont120000,LHCb_7:12,late_0p22_0p32,48.5,0.16057968139648438,0.1039358236970411,3.4514320564878585e-05,1.0,0.1039358236970411,0.19962069,0.0057891
lambda1_start_expansion96_s392_cont120000,LHCb_7:12,late_0p22_0p32,48.5,0.1606302261352539,0.1039358236970411,3.4514320564878585e-05,1.0,0.1039358236970411,0.19962069,0.0057891
lambda1_start_expansion96_s393_cont120000,LHCb_7:12,late_0p22_0p32,48.5,0.16044998168945312,0.1039358236970411,3.4514320564878585e-05,1.0,0.1039358236970411,0.19962069,0.0057891
lambda1_start_expansion96_s394_cont120000,LHCb_7:12,late_0p22_0p32,48.5,0.16069817543029785,0.1039358236970411,3.4514320564878585e-05,1.0,0.1039358236970411,0.19962069,0.0057891
lambda1_start_expansion96_s395_cont120000,LHCb_7:12,late_0p22_0p32,48.5,0.1605672836303711,0.1039358236970411,3.4514320564878585e-05,1.0,0.1039358236970411,0.19962069,0.0057891
lambda1_start_expansion96_s396_cont120000,LHCb_7:12,late_0p22_0p32,48.5,0.16071653366088867,0.1039358236970411,3.4514320564878585e-05,1.0,0.1039358236970411,0.19962069,0.0057891
lambda1_start_expansion96_s397_cont120000,LHCb_7:12,late_0p22_0p32,48.5,0.1604776382446289,0.1039358236970411,3.4514320564878585e-05,1.0,0.1039358236970411,0.19962069,0.0057891
lambda1_start_expansion96_s398_cont120000,LHCb_7:12,late_0p22_0p32,48.5,0.16057300567626953,0.1039358236970411,3.4514320564878585e-05,1.0,0.1039358236970411,0.19962069,0.0057891
exactbaseline_matched_reference_distance_b0p1_2p0_lam1e00_s303,LHCb_7:13,early_0p18_0p28,166.5,-2.3825721740722656,0.0042711439820796,1.7331699999868784e-06,1.0,0.0042711439820796,0.007323671,0.000335462
exactbaseline_matched_reference_distance_b0p1_2p0_lam1e00_s304,LHCb_7:13,early_0p18_0p28,166.5,-2.3681845664978027,0.0042711439820796,1.7331699999868784e-06,1.0,0.0042711439820796,0.007323671,0.000335462
exactbaseline_matched_reference_distance_b0p1_2p0_lam1e00_s305,LHCb_7:13,early_0p18_0p28,166.5,-2.3836584091186523,0.0042711439820796,1.7331699999868784e-06,1.0,0.0042711439820796,0.007323671,0.000335462
exactbaseline_matched_reference_distance_b0p1_2p0_lam1e00_s306,LHCb_7:13,early_0p18_0p28,166.5,-2.4009156227111816,0.0042711439820796,1.7331699999868784e-06,1.0,0.0042711439820796,0.007323671,0.000335462
exactbaseline_matched_reference_distance_b0p1_2p0_lam1e00_s307,LHCb_7:13,early_0p18_0p28,166.5,-2.3602840900421143,0.0042711439820796,1.7331699999868784e-06,1.0,0.0042711439820796,0.007323671,0.000335462
exactbaseline_matched_reference_distance_b0p1_2p0_lam1e00_s308,LHCb_7:13,early_0p18_0p28,166.5,-2.3865432739257812,0.0042711439820796,1.7331699999868784e-06,1.0,0.0042711439820796,0.007323671,0.000335462
exactbaseline_matched_reference_distance_b0p1_2p0_lam1e00_s309,LHCb_7:13,early_0p18_0p28,166.5,-2.3985586166381836,0.0042711439820796,1.7331699999868784e-06,1.0,0.0042711439820796,0.007323671,0.000335462
exactbaseline_matched_reference_distance_b0p1_2p0_lam1e00_s310,LHCb_7:13,early_0p18_0p28,166.5,-2.380091905593872,0.0042711439820796,1.7331699999868784e-06,1.0,0.0042711439820796,0.007323671,0.000335462
exactbaseline_matched_reference_distance_b0p1_2p0_lam1e00_s311,LHCb_7:13,early_0p18_0p28,166.5,-2.4033124446868896,0.0042711439820796,1.7331699999868784e-06,1.0,0.0042711439820796,0.007323671,0.000335462
exactbaseline_matched_reference_distance_b0p1_2p0_lam1e00_s312,LHCb_7:13,early_0p18_0p28,166.5,-2.385618209838867,0.0042711439820796,1.7331699999868784e-06,1.0,0.0042711439820796,0.007323671,0.000335462
exactbaseline_matched_reference_distance_b0p1_2p0_lam1e00_s313,LHCb_7:13,early_0p18_0p28,166.5,-2.3683974742889404,0.0042711439820796,1.7331699999868784e-06,1.0,0.0042711439820796,0.007323671,0.000335462
exactbaseline_matched_reference_distance_b0p1_2p0_lam1e00_s314,LHCb_7:13,early_0p18_0p28,166.5,-2.377223014831543,0.0042711439820796,1.7331699999868784e-06,1.0,0.0042711439820796,0.007323671,0.000335462
exactbaseline_matched_reference_distance_b0p1_2p0_lam1e00_s315,LHCb_7:13,early_0p18_0p28,166.5,-2.3879590034484863,0.0042711439820796,1.7331699999868784e-06,1.0,0.0042711439820796,0.007323671,0.000335462
exactbaseline_matched_reference_distance_b0p1_2p0_lam1e00_s316,LHCb_7:13,early_0p18_0p28,166.5,-2.3814897537231445,0.0042711439820796,1.7331699999868784e-06,1.0,0.0042711439820796,0.007323671,0.000335462
exactbaseline_matched_reference_distance_b0p1_2p0_lam1e00_s317,LHCb_7:13,early_0p18_0p28,166.5,-2.380847930908203,0.0042711439820796,1.7331699999868784e-06,1.0,0.0042711439820796,0.007323671,0.000335462
exactbaseline_matched_reference_distance_b0p1_2p0_lam1e00_s318,LHCb_7:13,early_0p18_0p28,166.5,-2.3855862617492676,0.0042711439820796,1.7331699999868784e-06,1.0,0.0042711439820796,0.007323671,0.000335462
exactbaseline_matched_reference_distance_b0p1_2p0_lam1e00_s319,LHCb_7:13,early_0p18_0p28,166.5,-2.3750064373016357,0.0042711439820796,1.7331699999868784e-06,1.0,0.0042711439820796,0.007323671,0.000335462
exactbaseline_matched_reference_distance_b0p1_2p0_lam1e00_s320,LHCb_7:13,early_0p18_0p28,166.5,-2.375967502593994,0.0042711439820796,1.7331699999868784e-06,1.0,0.0042711439820796,0.007323671,0.000335462
exactbaseline_matched_reference_distance_b0p1_2p0_lam1e00_s321,LHCb_7:13,early_0p18_0p28,166.5,-2.388345241546631,0.0042711439820796,1.7331699999868784e-06,1.0,0.0042711439820796,0.007323671,0.000335462
exactbaseline_matched_reference_distance_b0p1_2p0_lam1e00_s322,LHCb_7:13,early_0p18_0p28,166.5,-2.3769216537475586,0.0042711439820796,1.7331699999868784e-06,1.0,0.0042711439820796,0.007323671,0.000335462
exactbaseline_matched_reference_distance_b0p1_2p0_lam1e00_s323,LHCb_7:13,early_0p18_0p28,166.5,-2.3817758560180664,0.0042711439820796,1.7331699999868784e-06,1.0,0.0042711439820796,0.007323671,0.000335462
exactbaseline_matched_reference_distance_b0p1_2p0_lam1e00_s324,LHCb_7:13,early_0p18_0p28,166.5,-2.3828117847442627,0.0042711439820796,1.7331699999868784e-06,1.0,0.0042711439820796,0.007323671,0.000335462
exactbaseline_matched_reference_distance_b0p1_2p0_lam1e00_s325,LHCb_7:13,early_0p18_0p28,166.5,-2.400485038757324,0.0042711439820796,1.7331699999868784e-06,1.0,0.0042711439820796,0.007323671,0.000335462
exactbaseline_matched_reference_distance_b0p1_2p0_lam1e00_s326,LHCb_7:13,early_0p18_0p28,166.5,-2.3768818378448486,0.0042711439820796,1.7331699999868784e-06,1.0,0.0042711439820796,0.007323671,0.000335462
lambda1_start_expansion48_s327_cont320000,LHCb_7:13,early_0p18_0p28,166.5,-2.3675448894500732,0.0042711439820796,1.7331699999868784e-06,1.0,0.0042711439820796,0.007323671,0.000335462
lambda1_start_expansion48_s328_cont240000,LHCb_7:13,early_0p18_0p28,166.5,-2.361964702606201,0.0042711439820796,1.7331699999868784e-06,1.0,0.0042711439820796,0.007323671,0.000335462
lambda1_start_expansion48_s329_cont200000,LHCb_7:13,early_0p18_0p28,166.5,-2.3665826320648193,0.0042711439820796,1.7331699999868784e-06,1.0,0.0042711439820796,0.007323671,0.000335462
lambda1_start_expansion48_s330_cont120000,LHCb_7:13,early_0p18_0p28,166.5,-2.3707528114318848,0.0042711439820796,1.7331699999868784e-06,1.0,0.0042711439820796,0.007323671,0.000335462
lambda1_start_expansion48_s331_cont120000,LHCb_7:13,early_0p18_0p28,166.5,-2.359832286834717,0.0042711439820796,1.7331699999868784e-06,1.0,0.0042711439820796,0.007323671,0.000335462
lambda1_start_expansion48_s332_cont120000,LHCb_7:13,early_0p18_0p28,166.5,-2.3741953372955322,0.0042711439820796,1.7331699999868784e-06,1.0,0.0042711439820796,0.007323671,0.000335462
lambda1_start_expansion48_s333_cont120000,LHCb_7:13,early_0p18_0p28,166.5,-2.398160696029663,0.0042711439820796,1.7331699999868784e-06,1.0,0.0042711439820796,0.007323671,0.000335462
lambda1_start_expansion48_s334_cont120000,LHCb_7:13,early_0p18_0p28,166.5,-2.365607261657715,0.0042711439820796,1.7331699999868784e-06,1.0,0.0042711439820796,0.007323671,0.000335462
lambda1_start_expansion48_s335_cont120000,LHCb_7:13,early_0p18_0p28,166.5,-2.4001898765563965,0.0042711439820796,1.7331699999868784e-06,1.0,0.0042711439820796,0.007323671,0.000335462
lambda1_start_expansion48_s336_cont120000,LHCb_7:13,early_0p18_0p28,166.5,-2.365084409713745,0.0042711439820796,1.7331699999868784e-06,1.0,0.0042711439820796,0.007323671,0.000335462
lambda1_start_expansion48_s337_cont120000,LHCb_7:13,early_0p18_0p28,166.5,-2.354839324951172,0.0042711439820796,1.7331699999868784e-06,1.0,0.0042711439820796,0.007323671,0.000335462
lambda1_start_expansion48_s338_cont120000,LHCb_7:13,early_0p18_0p28,166.5,-2.3644111156463623,0.0042711439820796,1.7331699999868784e-06,1.0,0.0042711439820796,0.007323671,0.000335462
lambda1_start_expansion48_s339_cont120000,LHCb_7:13,early_0p18_0p28,166.5,-2.3723371028900146,0.0042711439820796,1.7331699999868784e-06,1.0,0.0042711439820796,0.007323671,0.000335462
lambda1_start_expansion48_s340_cont120000,LHCb_7:13,early_0p18_0p28,166.5,-2.3666391372680664,0.0042711439820796,1.7331699999868784e-06,1.0,0.0042711439820796,0.007323671,0.000335462
lambda1_start_expansion48_s341_cont120000,LHCb_7:13,early_0p18_0p28,166.5,-2.366797685623169,0.0042711439820796,1.7331699999868784e-06,1.0,0.0042711439820796,0.007323671,0.000335462
lambda1_start_expansion48_s342_cont120000,LHCb_7:13,early_0p18_0p28,166.5,-2.3678479194641113,0.0042711439820796,1.7331699999868784e-06,1.0,0.0042711439820796,0.007323671,0.000335462
lambda1_start_expansion48_s343_cont120000,LHCb_7:13,early_0p18_0p28,166.5,-2.366291046142578,0.0042711439820796,1.7331699999868784e-06,1.0,0.0042711439820796,0.007323671,0.000335462
lambda1_start_expansion48_s344_cont120000,LHCb_7:13,early_0p18_0p28,166.5,-2.363637924194336,0.0042711439820796,1.7331699999868784e-06,1.0,0.0042711439820796,0.007323671,0.000335462
lambda1_start_expansion48_s345_cont120000,LHCb_7:13,early_0p18_0p28,166.5,-2.3706650733947754,0.0042711439820796,1.7331699999868784e-06,1.0,0.0042711439820796,0.007323671,0.000335462
lambda1_start_expansion48_s346_cont120000,LHCb_7:13,early_0p18_0p28,166.5,-2.3615808486938477,0.0042711439820796,1.7331699999868784e-06,1.0,0.0042711439820796,0.007323671,0.000335462
lambda1_start_expansion48_s347_cont120000,LHCb_7:13,early_0p18_0p28,166.5,-2.369201421737671,0.0042711439820796,1.7331699999868784e-06,1.0,0.0042711439820796,0.007323671,0.000335462
lambda1_start_expansion48_s348_cont120000,LHCb_7:13,early_0p18_0p28,166.5,-2.36350154876709,0.0042711439820796,1.7331699999868784e-06,1.0,0.0042711439820796,0.007323671,0.000335462
lambda1_start_expansion48_s349_cont160000,LHCb_7:13,early_0p18_0p28,166.5,-2.3668746948242188,0.0042711439820796,1.7331699999868784e-06,1.0,0.0042711439820796,0.007323671,0.000335462
lambda1_start_expansion48_s350_cont120000,LHCb_7:13,early_0p18_0p28,166.5,-2.3624367713928223,0.0042711439820796,1.7331699999868784e-06,1.0,0.0042711439820796,0.007323671,0.000335462
lambda1_start_expansion96_s351_cont120000,LHCb_7:13,early_0p18_0p28,166.5,-2.3662378787994385,0.0042711439820796,1.7331699999868784e-06,1.0,0.0042711439820796,0.007323671,0.000335462
lambda1_start_expansion96_s352_cont120000,LHCb_7:13,early_0p18_0p28,166.5,-2.3623147010803223,0.0042711439820796,1.7331699999868784e-06,1.0,0.0042711439820796,0.007323671,0.000335462
lambda1_start_expansion96_s353_cont120000,LHCb_7:13,early_0p18_0p28,166.5,-2.3676719665527344,0.0042711439820796,1.7331699999868784e-06,1.0,0.0042711439820796,0.007323671,0.000335462
lambda1_start_expansion96_s354_cont120000,LHCb_7:13,early_0p18_0p28,166.5,-2.371973991394043,0.0042711439820796,1.7331699999868784e-06,1.0,0.0042711439820796,0.007323671,0.000335462
lambda1_start_expansion96_s355_cont120000,LHCb_7:13,early_0p18_0p28,166.5,-2.3601226806640625,0.0042711439820796,1.7331699999868784e-06,1.0,0.0042711439820796,0.007323671,0.000335462
lambda1_start_expansion96_s356_cont120000,LHCb_7:13,early_0p18_0p28,166.5,-2.378509283065796,0.0042711439820796,1.7331699999868784e-06,1.0,0.0042711439820796,0.007323671,0.000335462
lambda1_start_expansion96_s357_cont120000,LHCb_7:13,early_0p18_0p28,166.5,-2.399210214614868,0.0042711439820796,1.7331699999868784e-06,1.0,0.0042711439820796,0.007323671,0.000335462
lambda1_start_expansion96_s358_cont120000,LHCb_7:13,early_0p18_0p28,166.5,-2.3659534454345703,0.0042711439820796,1.7331699999868784e-06,1.0,0.0042711439820796,0.007323671,0.000335462
lambda1_start_expansion96_s359_cont120000,LHCb_7:13,early_0p18_0p28,166.5,-2.400284767150879,0.0042711439820796,1.7331699999868784e-06,1.0,0.0042711439820796,0.007323671,0.000335462
lambda1_start_expansion96_s360_cont120000,LHCb_7:13,early_0p18_0p28,166.5,-2.3649630546569824,0.0042711439820796,1.7331699999868784e-06,1.0,0.0042711439820796,0.007323671,0.000335462
lambda1_start_expansion96_s361_cont120000,LHCb_7:13,early_0p18_0p28,166.5,-2.3552615642547607,0.0042711439820796,1.7331699999868784e-06,1.0,0.0042711439820796,0.007323671,0.000335462
lambda1_start_expansion96_s362_cont120000,LHCb_7:13,early_0p18_0p28,166.5,-2.362954616546631,0.0042711439820796,1.7331699999868784e-06,1.0,0.0042711439820796,0.007323671,0.000335462
lambda1_start_expansion96_s363_cont120000,LHCb_7:13,early_0p18_0p28,166.5,-2.3730313777923584,0.0042711439820796,1.7331699999868784e-06,1.0,0.0042711439820796,0.007323671,0.000335462
lambda1_start_expansion96_s364_cont120000,LHCb_7:13,early_0p18_0p28,166.5,-2.3682966232299805,0.0042711439820796,1.7331699999868784e-06,1.0,0.0042711439820796,0.007323671,0.000335462
lambda1_start_expansion96_s365_cont120000,LHCb_7:13,early_0p18_0p28,166.5,-2.3685224056243896,0.0042711439820796,1.7331699999868784e-06,1.0,0.0042711439820796,0.007323671,0.000335462
lambda1_start_expansion96_s366_cont120000,LHCb_7:13,early_0p18_0p28,166.5,-2.368685007095337,0.0042711439820796,1.7331699999868784e-06,1.0,0.0042711439820796,0.007323671,0.000335462
lambda1_start_expansion96_s367_cont120000,LHCb_7:13,early_0p18_0p28,166.5,-2.3642234802246094,0.0042711439820796,1.7331699999868784e-06,1.0,0.0042711439820796,0.007323671,0.000335462
lambda1_start_expansion96_s368_cont120000,LHCb_7:13,early_0p18_0p28,166.5,-2.3636977672576904,0.0042711439820796,1.7331699999868784e-06,1.0,0.0042711439820796,0.007323671,0.000335462
lambda1_start_expansion96_s369_cont120000,LHCb_7:13,early_0p18_0p28,166.5,-2.3713440895080566,0.0042711439820796,1.7331699999868784e-06,1.0,0.0042711439820796,0.007323671,0.000335462
lambda1_start_expansion96_s370_cont120000,LHCb_7:13,early_0p18_0p28,166.5,-2.3614249229431152,0.0042711439820796,1.7331699999868784e-06,1.0,0.0042711439820796,0.007323671,0.000335462
lambda1_start_expansion96_s371_cont120000,LHCb_7:13,early_0p18_0p28,166.5,-2.370023727416992,0.0042711439820796,1.7331699999868784e-06,1.0,0.0042711439820796,0.007323671,0.000335462
lambda1_start_expansion96_s372_cont120000,LHCb_7:13,early_0p18_0p28,166.5,-2.3630499839782715,0.0042711439820796,1.7331699999868784e-06,1.0,0.0042711439820796,0.007323671,0.000335462
lambda1_start_expansion96_s373_cont120000,LHCb_7:13,early_0p18_0p28,166.5,-2.37589168548584,0.0042711439820796,1.7331699999868784e-06,1.0,0.0042711439820796,0.007323671,0.000335462
lambda1_start_expansion96_s374_cont120000,LHCb_7:13,early_0p18_0p28,166.5,-2.363311529159546,0.0042711439820796,1.7331699999868784e-06,1.0,0.0042711439820796,0.007323671,0.000335462
lambda1_start_expansion96_s375_cont120000,LHCb_7:13,early_0p18_0p28,166.5,-2.3674402236938477,0.0042711439820796,1.7331699999868784e-06,1.0,0.0042711439820796,0.007323671,0.000335462
lambda1_start_expansion96_s376_cont120000,LHCb_7:13,early_0p18_0p28,166.5,-2.3624191284179688,0.0042711439820796,1.7331699999868784e-06,1.0,0.0042711439820796,0.007323671,0.000335462
lambda1_start_expansion96_s377_cont120000,LHCb_7:13,early_0p18_0p28,166.5,-2.36773681640625,0.0042711439820796,1.7331699999868784e-06,1.0,0.0042711439820796,0.007323671,0.000335462
lambda1_start_expansion96_s378_cont120000,LHCb_7:13,early_0p18_0p28,166.5,-2.3728725910186768,0.0042711439820796,1.7331699999868784e-06,1.0,0.0042711439820796,0.007323671,0.000335462
lambda1_start_expansion96_s379_cont120000,LHCb_7:13,early_0p18_0p28,166.5,-2.3599514961242676,0.0042711439820796,1.7331699999868784e-06,1.0,0.0042711439820796,0.007323671,0.000335462
lambda1_start_expansion96_s380_cont120000,LHCb_7:13,early_0p18_0p28,166.5,-2.3806698322296143,0.0042711439820796,1.7331699999868784e-06,1.0,0.0042711439820796,0.007323671,0.000335462
lambda1_start_expansion96_s381_cont120000,LHCb_7:13,early_0p18_0p28,166.5,-2.3997573852539062,0.0042711439820796,1.7331699999868784e-06,1.0,0.0042711439820796,0.007323671,0.000335462
lambda1_start_expansion96_s382_cont120000,LHCb_7:13,early_0p18_0p28,166.5,-2.3633224964141846,0.0042711439820796,1.7331699999868784e-06,1.0,0.0042711439820796,0.007323671,0.000335462
lambda1_start_expansion96_s383_cont120000,LHCb_7:13,early_0p18_0p28,166.5,-2.4004225730895996,0.0042711439820796,1.7331699999868784e-06,1.0,0.0042711439820796,0.007323671,0.000335462
lambda1_start_expansion96_s384_cont120000,LHCb_7:13,early_0p18_0p28,166.5,-2.364821434020996,0.0042711439820796,1.7331699999868784e-06,1.0,0.0042711439820796,0.007323671,0.000335462
lambda1_start_expansion96_s385_cont120000,LHCb_7:13,early_0p18_0p28,166.5,-2.355395793914795,0.0042711439820796,1.7331699999868784e-06,1.0,0.0042711439820796,0.007323671,0.000335462
lambda1_start_expansion96_s386_cont120000,LHCb_7:13,early_0p18_0p28,166.5,-2.3606228828430176,0.0042711439820796,1.7331699999868784e-06,1.0,0.0042711439820796,0.007323671,0.000335462
lambda1_start_expansion96_s387_cont120000,LHCb_7:13,early_0p18_0p28,166.5,-2.372983455657959,0.0042711439820796,1.7331699999868784e-06,1.0,0.0042711439820796,0.007323671,0.000335462
lambda1_start_expansion96_s388_cont120000,LHCb_7:13,early_0p18_0p28,166.5,-2.3659214973449707,0.0042711439820796,1.7331699999868784e-06,1.0,0.0042711439820796,0.007323671,0.000335462
lambda1_start_expansion96_s389_cont120000,LHCb_7:13,early_0p18_0p28,166.5,-2.3675551414489746,0.0042711439820796,1.7331699999868784e-06,1.0,0.0042711439820796,0.007323671,0.000335462
lambda1_start_expansion96_s390_cont120000,LHCb_7:13,early_0p18_0p28,166.5,-2.367828130722046,0.0042711439820796,1.7331699999868784e-06,1.0,0.0042711439820796,0.007323671,0.000335462
lambda1_start_expansion96_s391_cont120000,LHCb_7:13,early_0p18_0p28,166.5,-2.368290901184082,0.0042711439820796,1.7331699999868784e-06,1.0,0.0042711439820796,0.007323671,0.000335462
lambda1_start_expansion96_s392_cont120000,LHCb_7:13,early_0p18_0p28,166.5,-2.363321304321289,0.0042711439820796,1.7331699999868784e-06,1.0,0.0042711439820796,0.007323671,0.000335462
lambda1_start_expansion96_s393_cont120000,LHCb_7:13,early_0p18_0p28,166.5,-2.373591423034668,0.0042711439820796,1.7331699999868784e-06,1.0,0.0042711439820796,0.007323671,0.000335462
lambda1_start_expansion96_s394_cont120000,LHCb_7:13,early_0p18_0p28,166.5,-2.3623104095458984,0.0042711439820796,1.7331699999868784e-06,1.0,0.0042711439820796,0.007323671,0.000335462
lambda1_start_expansion96_s395_cont120000,LHCb_7:13,early_0p18_0p28,166.5,-2.3701562881469727,0.0042711439820796,1.7331699999868784e-06,1.0,0.0042711439820796,0.007323671,0.000335462
lambda1_start_expansion96_s396_cont120000,LHCb_7:13,early_0p18_0p28,166.5,-2.3643460273742676,0.0042711439820796,1.7331699999868784e-06,1.0,0.0042711439820796,0.007323671,0.000335462
lambda1_start_expansion96_s397_cont120000,LHCb_7:13,early_0p18_0p28,166.5,-2.376330614089966,0.0042711439820796,1.7331699999868784e-06,1.0,0.0042711439820796,0.007323671,0.000335462
lambda1_start_expansion96_s398_cont120000,LHCb_7:13,early_0p18_0p28,166.5,-2.3643760681152344,0.0042711439820796,1.7331699999868784e-06,1.0,0.0042711439820796,0.007323671,0.000335462
exactbaseline_matched_reference_distance_b0p1_2p0_lam1e00_s303,LHCb_7:13,central_0p20_0p30,166.5,-2.3825721740722656,0.0042711439820796,1.7331699999868784e-06,1.0,0.0042711439820796,0.007323671,0.000335462
exactbaseline_matched_reference_distance_b0p1_2p0_lam1e00_s304,LHCb_7:13,central_0p20_0p30,166.5,-2.3681845664978027,0.0042711439820796,1.7331699999868784e-06,1.0,0.0042711439820796,0.007323671,0.000335462
exactbaseline_matched_reference_distance_b0p1_2p0_lam1e00_s305,LHCb_7:13,central_0p20_0p30,166.5,-2.3836584091186523,0.0042711439820796,1.7331699999868784e-06,1.0,0.0042711439820796,0.007323671,0.000335462
exactbaseline_matched_reference_distance_b0p1_2p0_lam1e00_s306,LHCb_7:13,central_0p20_0p30,166.5,-2.4009156227111816,0.0042711439820796,1.7331699999868784e-06,1.0,0.0042711439820796,0.007323671,0.000335462
exactbaseline_matched_reference_distance_b0p1_2p0_lam1e00_s307,LHCb_7:13,central_0p20_0p30,166.5,-2.3602840900421143,0.0042711439820796,1.7331699999868784e-06,1.0,0.0042711439820796,0.007323671,0.000335462
exactbaseline_matched_reference_distance_b0p1_2p0_lam1e00_s308,LHCb_7:13,central_0p20_0p30,166.5,-2.3865432739257812,0.0042711439820796,1.7331699999868784e-06,1.0,0.0042711439820796,0.007323671,0.000335462
exactbaseline_matched_reference_distance_b0p1_2p0_lam1e00_s309,LHCb_7:13,central_0p20_0p30,166.5,-2.3985586166381836,0.0042711439820796,1.7331699999868784e-06,1.0,0.0042711439820796,0.007323671,0.000335462
exactbaseline_matched_reference_distance_b0p1_2p0_lam1e00_s310,LHCb_7:13,central_0p20_0p30,166.5,-2.380091905593872,0.0042711439820796,1.7331699999868784e-06,1.0,0.0042711439820796,0.007323671,0.000335462
exactbaseline_matched_reference_distance_b0p1_2p0_lam1e00_s311,LHCb_7:13,central_0p20_0p30,166.5,-2.4033124446868896,0.0042711439820796,1.7331699999868784e-06,1.0,0.0042711439820796,0.007323671,0.000335462
exactbaseline_matched_reference_distance_b0p1_2p0_lam1e00_s312,LHCb_7:13,central_0p20_0p30,166.5,-2.385618209838867,0.0042711439820796,1.7331699999868784e-06,1.0,0.0042711439820796,0.007323671,0.000335462
exactbaseline_matched_reference_distance_b0p1_2p0_lam1e00_s313,LHCb_7:13,central_0p20_0p30,166.5,-2.3683974742889404,0.0042711439820796,1.7331699999868784e-06,1.0,0.0042711439820796,0.007323671,0.000335462
exactbaseline_matched_reference_distance_b0p1_2p0_lam1e00_s314,LHCb_7:13,central_0p20_0p30,166.5,-2.377223014831543,0.0042711439820796,1.7331699999868784e-06,1.0,0.0042711439820796,0.007323671,0.000335462
exactbaseline_matched_reference_distance_b0p1_2p0_lam1e00_s315,LHCb_7:13,central_0p20_0p30,166.5,-2.3879590034484863,0.0042711439820796,1.7331699999868784e-06,1.0,0.0042711439820796,0.007323671,0.000335462
exactbaseline_matched_reference_distance_b0p1_2p0_lam1e00_s316,LHCb_7:13,central_0p20_0p30,166.5,-2.3814897537231445,0.0042711439820796,1.7331699999868784e-06,1.0,0.0042711439820796,0.007323671,0.000335462
exactbaseline_matched_reference_distance_b0p1_2p0_lam1e00_s317,LHCb_7:13,central_0p20_0p30,166.5,-2.380847930908203,0.0042711439820796,1.7331699999868784e-06,1.0,0.0042711439820796,0.007323671,0.000335462
exactbaseline_matched_reference_distance_b0p1_2p0_lam1e00_s318,LHCb_7:13,central_0p20_0p30,166.5,-2.3855862617492676,0.0042711439820796,1.7331699999868784e-06,1.0,0.0042711439820796,0.007323671,0.000335462
exactbaseline_matched_reference_distance_b0p1_2p0_lam1e00_s319,LHCb_7:13,central_0p20_0p30,166.5,-2.3750064373016357,0.0042711439820796,1.7331699999868784e-06,1.0,0.0042711439820796,0.007323671,0.000335462
exactbaseline_matched_reference_distance_b0p1_2p0_lam1e00_s320,LHCb_7:13,central_0p20_0p30,166.5,-2.375967502593994,0.0042711439820796,1.7331699999868784e-06,1.0,0.0042711439820796,0.007323671,0.000335462
exactbaseline_matched_reference_distance_b0p1_2p0_lam1e00_s321,LHCb_7:13,central_0p20_0p30,166.5,-2.388345241546631,0.0042711439820796,1.7331699999868784e-06,1.0,0.0042711439820796,0.007323671,0.000335462
exactbaseline_matched_reference_distance_b0p1_2p0_lam1e00_s322,LHCb_7:13,central_0p20_0p30,166.5,-2.3769216537475586,0.0042711439820796,1.7331699999868784e-06,1.0,0.0042711439820796,0.007323671,0.000335462
exactbaseline_matched_reference_distance_b0p1_2p0_lam1e00_s323,LHCb_7:13,central_0p20_0p30,166.5,-2.3817758560180664,0.0042711439820796,1.7331699999868784e-06,1.0,0.0042711439820796,0.007323671,0.000335462
exactbaseline_matched_reference_distance_b0p1_2p0_lam1e00_s324,LHCb_7:13,central_0p20_0p30,166.5,-2.3828117847442627,0.0042711439820796,1.7331699999868784e-06,1.0,0.0042711439820796,0.007323671,0.000335462
exactbaseline_matched_reference_distance_b0p1_2p0_lam1e00_s325,LHCb_7:13,central_0p20_0p30,166.5,-2.400485038757324,0.0042711439820796,1.7331699999868784e-06,1.0,0.0042711439820796,0.007323671,0.000335462
exactbaseline_matched_reference_distance_b0p1_2p0_lam1e00_s326,LHCb_7:13,central_0p20_0p30,166.5,-2.3768818378448486,0.0042711439820796,1.7331699999868784e-06,1.0,0.0042711439820796,0.007323671,0.000335462
lambda1_start_expansion48_s327_cont320000,LHCb_7:13,central_0p20_0p30,166.5,-2.3675448894500732,0.0042711439820796,1.7331699999868784e-06,1.0,0.0042711439820796,0.007323671,0.000335462
lambda1_start_expansion48_s328_cont240000,LHCb_7:13,central_0p20_0p30,166.5,-2.361964702606201,0.0042711439820796,1.7331699999868784e-06,1.0,0.0042711439820796,0.007323671,0.000335462
lambda1_start_expansion48_s329_cont200000,LHCb_7:13,central_0p20_0p30,166.5,-2.3665826320648193,0.0042711439820796,1.7331699999868784e-06,1.0,0.0042711439820796,0.007323671,0.000335462
lambda1_start_expansion48_s330_cont120000,LHCb_7:13,central_0p20_0p30,166.5,-2.3707528114318848,0.0042711439820796,1.7331699999868784e-06,1.0,0.0042711439820796,0.007323671,0.000335462
lambda1_start_expansion48_s331_cont120000,LHCb_7:13,central_0p20_0p30,166.5,-2.359832286834717,0.0042711439820796,1.7331699999868784e-06,1.0,0.0042711439820796,0.007323671,0.000335462
lambda1_start_expansion48_s332_cont120000,LHCb_7:13,central_0p20_0p30,166.5,-2.3741953372955322,0.0042711439820796,1.7331699999868784e-06,1.0,0.0042711439820796,0.007323671,0.000335462
lambda1_start_expansion48_s333_cont120000,LHCb_7:13,central_0p20_0p30,166.5,-2.398160696029663,0.0042711439820796,1.7331699999868784e-06,1.0,0.0042711439820796,0.007323671,0.000335462
lambda1_start_expansion48_s334_cont120000,LHCb_7:13,central_0p20_0p30,166.5,-2.365607261657715,0.0042711439820796,1.7331699999868784e-06,1.0,0.0042711439820796,0.007323671,0.000335462
lambda1_start_expansion48_s335_cont120000,LHCb_7:13,central_0p20_0p30,166.5,-2.4001898765563965,0.0042711439820796,1.7331699999868784e-06,1.0,0.0042711439820796,0.007323671,0.000335462
lambda1_start_expansion48_s336_cont120000,LHCb_7:13,central_0p20_0p30,166.5,-2.365084409713745,0.0042711439820796,1.7331699999868784e-06,1.0,0.0042711439820796,0.007323671,0.000335462
lambda1_start_expansion48_s337_cont120000,LHCb_7:13,central_0p20_0p30,166.5,-2.354839324951172,0.0042711439820796,1.7331699999868784e-06,1.0,0.0042711439820796,0.007323671,0.000335462
lambda1_start_expansion48_s338_cont120000,LHCb_7:13,central_0p20_0p30,166.5,-2.3644111156463623,0.0042711439820796,1.7331699999868784e-06,1.0,0.0042711439820796,0.007323671,0.000335462
lambda1_start_expansion48_s339_cont120000,LHCb_7:13,central_0p20_0p30,166.5,-2.3723371028900146,0.0042711439820796,1.7331699999868784e-06,1.0,0.0042711439820796,0.007323671,0.000335462
lambda1_start_expansion48_s340_cont120000,LHCb_7:13,central_0p20_0p30,166.5,-2.3666391372680664,0.0042711439820796,1.7331699999868784e-06,1.0,0.0042711439820796,0.007323671,0.000335462
lambda1_start_expansion48_s341_cont120000,LHCb_7:13,central_0p20_0p30,166.5,-2.366797685623169,0.0042711439820796,1.7331699999868784e-06,1.0,0.0042711439820796,0.007323671,0.000335462
lambda1_start_expansion48_s342_cont120000,LHCb_7:13,central_0p20_0p30,166.5,-2.3678479194641113,0.0042711439820796,1.7331699999868784e-06,1.0,0.0042711439820796,0.007323671,0.000335462
lambda1_start_expansion48_s343_cont120000,LHCb_7:13,central_0p20_0p30,166.5,-2.366291046142578,0.0042711439820796,1.7331699999868784e-06,1.0,0.0042711439820796,0.007323671,0.000335462
lambda1_start_expansion48_s344_cont120000,LHCb_7:13,central_0p20_0p30,166.5,-2.363637924194336,0.0042711439820796,1.7331699999868784e-06,1.0,0.0042711439820796,0.007323671,0.000335462
lambda1_start_expansion48_s345_cont120000,LHCb_7:13,central_0p20_0p30,166.5,-2.3706650733947754,0.0042711439820796,1.7331699999868784e-06,1.0,0.0042711439820796,0.007323671,0.000335462
lambda1_start_expansion48_s346_cont120000,LHCb_7:13,central_0p20_0p30,166.5,-2.3615808486938477,0.0042711439820796,1.7331699999868784e-06,1.0,0.0042711439820796,0.007323671,0.000335462
lambda1_start_expansion48_s347_cont120000,LHCb_7:13,central_0p20_0p30,166.5,-2.369201421737671,0.0042711439820796,1.7331699999868784e-06,1.0,0.0042711439820796,0.007323671,0.000335462
lambda1_start_expansion48_s348_cont120000,LHCb_7:13,central_0p20_0p30,166.5,-2.36350154876709,0.0042711439820796,1.7331699999868784e-06,1.0,0.0042711439820796,0.007323671,0.000335462
lambda1_start_expansion48_s349_cont160000,LHCb_7:13,central_0p20_0p30,166.5,-2.3668746948242188,0.0042711439820796,1.7331699999868784e-06,1.0,0.0042711439820796,0.007323671,0.000335462
lambda1_start_expansion48_s350_cont120000,LHCb_7:13,central_0p20_0p30,166.5,-2.3624367713928223,0.0042711439820796,1.7331699999868784e-06,1.0,0.0042711439820796,0.007323671,0.000335462
lambda1_start_expansion96_s351_cont120000,LHCb_7:13,central_0p20_0p30,166.5,-2.3662378787994385,0.0042711439820796,1.7331699999868784e-06,1.0,0.0042711439820796,0.007323671,0.000335462
lambda1_start_expansion96_s352_cont120000,LHCb_7:13,central_0p20_0p30,166.5,-2.3623147010803223,0.0042711439820796,1.7331699999868784e-06,1.0,0.0042711439820796,0.007323671,0.000335462
lambda1_start_expansion96_s353_cont120000,LHCb_7:13,central_0p20_0p30,166.5,-2.3676719665527344,0.0042711439820796,1.7331699999868784e-06,1.0,0.0042711439820796,0.007323671,0.000335462
lambda1_start_expansion96_s354_cont120000,LHCb_7:13,central_0p20_0p30,166.5,-2.371973991394043,0.0042711439820796,1.7331699999868784e-06,1.0,0.0042711439820796,0.007323671,0.000335462
lambda1_start_expansion96_s355_cont120000,LHCb_7:13,central_0p20_0p30,166.5,-2.3601226806640625,0.0042711439820796,1.7331699999868784e-06,1.0,0.0042711439820796,0.007323671,0.000335462
lambda1_start_expansion96_s356_cont120000,LHCb_7:13,central_0p20_0p30,166.5,-2.378509283065796,0.0042711439820796,1.7331699999868784e-06,1.0,0.0042711439820796,0.007323671,0.000335462
lambda1_start_expansion96_s357_cont120000,LHCb_7:13,central_0p20_0p30,166.5,-2.399210214614868,0.0042711439820796,1.7331699999868784e-06,1.0,0.0042711439820796,0.007323671,0.000335462
lambda1_start_expansion96_s358_cont120000,LHCb_7:13,central_0p20_0p30,166.5,-2.3659534454345703,0.0042711439820796,1.7331699999868784e-06,1.0,0.0042711439820796,0.007323671,0.000335462
lambda1_start_expansion96_s359_cont120000,LHCb_7:13,central_0p20_0p30,166.5,-2.400284767150879,0.0042711439820796,1.7331699999868784e-06,1.0,0.0042711439820796,0.007323671,0.000335462
lambda1_start_expansion96_s360_cont120000,LHCb_7:13,central_0p20_0p30,166.5,-2.3649630546569824,0.0042711439820796,1.7331699999868784e-06,1.0,0.0042711439820796,0.007323671,0.000335462
lambda1_start_expansion96_s361_cont120000,LHCb_7:13,central_0p20_0p30,166.5,-2.3552615642547607,0.0042711439820796,1.7331699999868784e-06,1.0,0.0042711439820796,0.007323671,0.000335462
lambda1_start_expansion96_s362_cont120000,LHCb_7:13,central_0p20_0p30,166.5,-2.362954616546631,0.0042711439820796,1.7331699999868784e-06,1.0,0.0042711439820796,0.007323671,0.000335462
lambda1_start_expansion96_s363_cont120000,LHCb_7:13,central_0p20_0p30,166.5,-2.3730313777923584,0.0042711439820796,1.7331699999868784e-06,1.0,0.0042711439820796,0.007323671,0.000335462
lambda1_start_expansion96_s364_cont120000,LHCb_7:13,central_0p20_0p30,166.5,-2.3682966232299805,0.0042711439820796,1.7331699999868784e-06,1.0,0.0042711439820796,0.007323671,0.000335462
lambda1_start_expansion96_s365_cont120000,LHCb_7:13,central_0p20_0p30,166.5,-2.3685224056243896,0.0042711439820796,1.7331699999868784e-06,1.0,0.0042711439820796,0.007323671,0.000335462
lambda1_start_expansion96_s366_cont120000,LHCb_7:13,central_0p20_0p30,166.5,-2.368685007095337,0.0042711439820796,1.7331699999868784e-06,1.0,0.0042711439820796,0.007323671,0.000335462
lambda1_start_expansion96_s367_cont120000,LHCb_7:13,central_0p20_0p30,166.5,-2.3642234802246094,0.0042711439820796,1.7331699999868784e-06,1.0,0.0042711439820796,0.007323671,0.000335462
lambda1_start_expansion96_s368_cont120000,LHCb_7:13,central_0p20_0p30,166.5,-2.3636977672576904,0.0042711439820796,1.7331699999868784e-06,1.0,0.0042711439820796,0.007323671,0.000335462
lambda1_start_expansion96_s369_cont120000,LHCb_7:13,central_0p20_0p30,166.5,-2.3713440895080566,0.0042711439820796,1.7331699999868784e-06,1.0,0.0042711439820796,0.007323671,0.000335462
lambda1_start_expansion96_s370_cont120000,LHCb_7:13,central_0p20_0p30,166.5,-2.3614249229431152,0.0042711439820796,1.7331699999868784e-06,1.0,0.0042711439820796,0.007323671,0.000335462
lambda1_start_expansion96_s371_cont120000,LHCb_7:13,central_0p20_0p30,166.5,-2.370023727416992,0.0042711439820796,1.7331699999868784e-06,1.0,0.0042711439820796,0.007323671,0.000335462
lambda1_start_expansion96_s372_cont120000,LHCb_7:13,central_0p20_0p30,166.5,-2.3630499839782715,0.0042711439820796,1.7331699999868784e-06,1.0,0.0042711439820796,0.007323671,0.000335462
lambda1_start_expansion96_s373_cont120000,LHCb_7:13,central_0p20_0p30,166.5,-2.37589168548584,0.0042711439820796,1.7331699999868784e-06,1.0,0.0042711439820796,0.007323671,0.000335462
lambda1_start_expansion96_s374_cont120000,LHCb_7:13,central_0p20_0p30,166.5,-2.363311529159546,0.0042711439820796,1.7331699999868784e-06,1.0,0.0042711439820796,0.007323671,0.000335462
lambda1_start_expansion96_s375_cont120000,LHCb_7:13,central_0p20_0p30,166.5,-2.3674402236938477,0.0042711439820796,1.7331699999868784e-06,1.0,0.0042711439820796,0.007323671,0.000335462
lambda1_start_expansion96_s376_cont120000,LHCb_7:13,central_0p20_0p30,166.5,-2.3624191284179688,0.0042711439820796,1.7331699999868784e-06,1.0,0.0042711439820796,0.007323671,0.000335462
lambda1_start_expansion96_s377_cont120000,LHCb_7:13,central_0p20_0p30,166.5,-2.36773681640625,0.0042711439820796,1.7331699999868784e-06,1.0,0.0042711439820796,0.007323671,0.000335462
lambda1_start_expansion96_s378_cont120000,LHCb_7:13,central_0p20_0p30,166.5,-2.3728725910186768,0.0042711439820796,1.7331699999868784e-06,1.0,0.0042711439820796,0.007323671,0.000335462
lambda1_start_expansion96_s379_cont120000,LHCb_7:13,central_0p20_0p30,166.5,-2.3599514961242676,0.0042711439820796,1.7331699999868784e-06,1.0,0.0042711439820796,0.007323671,0.000335462
lambda1_start_expansion96_s380_cont120000,LHCb_7:13,central_0p20_0p30,166.5,-2.3806698322296143,0.0042711439820796,1.7331699999868784e-06,1.0,0.0042711439820796,0.007323671,0.000335462
lambda1_start_expansion96_s381_cont120000,LHCb_7:13,central_0p20_0p30,166.5,-2.3997573852539062,0.0042711439820796,1.7331699999868784e-06,1.0,0.0042711439820796,0.007323671,0.000335462
lambda1_start_expansion96_s382_cont120000,LHCb_7:13,central_0p20_0p30,166.5,-2.3633224964141846,0.0042711439820796,1.7331699999868784e-06,1.0,0.0042711439820796,0.007323671,0.000335462
lambda1_start_expansion96_s383_cont120000,LHCb_7:13,central_0p20_0p30,166.5,-2.4004225730895996,0.0042711439820796,1.7331699999868784e-06,1.0,0.0042711439820796,0.007323671,0.000335462
lambda1_start_expansion96_s384_cont120000,LHCb_7:13,central_0p20_0p30,166.5,-2.364821434020996,0.0042711439820796,1.7331699999868784e-06,1.0,0.0042711439820796,0.007323671,0.000335462
lambda1_start_expansion96_s385_cont120000,LHCb_7:13,central_0p20_0p30,166.5,-2.355395793914795,0.0042711439820796,1.7331699999868784e-06,1.0,0.0042711439820796,0.007323671,0.000335462
lambda1_start_expansion96_s386_cont120000,LHCb_7:13,central_0p20_0p30,166.5,-2.3606228828430176,0.0042711439820796,1.7331699999868784e-06,1.0,0.0042711439820796,0.007323671,0.000335462
lambda1_start_expansion96_s387_cont120000,LHCb_7:13,central_0p20_0p30,166.5,-2.372983455657959,0.0042711439820796,1.7331699999868784e-06,1.0,0.0042711439820796,0.007323671,0.000335462
lambda1_start_expansion96_s388_cont120000,LHCb_7:13,central_0p20_0p30,166.5,-2.3659214973449707,0.0042711439820796,1.7331699999868784e-06,1.0,0.0042711439820796,0.007323671,0.000335462
lambda1_start_expansion96_s389_cont120000,LHCb_7:13,central_0p20_0p30,166.5,-2.3675551414489746,0.0042711439820796,1.7331699999868784e-06,1.0,0.0042711439820796,0.007323671,0.000335462
lambda1_start_expansion96_s390_cont120000,LHCb_7:13,central_0p20_0p30,166.5,-2.367828130722046,0.0042711439820796,1.7331699999868784e-06,1.0,0.0042711439820796,0.007323671,0.000335462
lambda1_start_expansion96_s391_cont120000,LHCb_7:13,central_0p20_0p30,166.5,-2.368290901184082,0.0042711439820796,1.7331699999868784e-06,1.0,0.0042711439820796,0.007323671,0.000335462
lambda1_start_expansion96_s392_cont120000,LHCb_7:13,central_0p20_0p30,166.5,-2.363321304321289,0.0042711439820796,1.7331699999868784e-06,1.0,0.0042711439820796,0.007323671,0.000335462
lambda1_start_expansion96_s393_cont120000,LHCb_7:13,central_0p20_0p30,166.5,-2.373591423034668,0.0042711439820796,1.7331699999868784e-06,1.0,0.0042711439820796,0.007323671,0.000335462
lambda1_start_expansion96_s394_cont120000,LHCb_7:13,central_0p20_0p30,166.5,-2.3623104095458984,0.0042711439820796,1.7331699999868784e-06,1.0,0.0042711439820796,0.007323671,0.000335462
lambda1_start_expansion96_s395_cont120000,LHCb_7:13,central_0p20_0p30,166.5,-2.3701562881469727,0.0042711439820796,1.7331699999868784e-06,1.0,0.0042711439820796,0.007323671,0.000335462
lambda1_start_expansion96_s396_cont120000,LHCb_7:13,central_0p20_0p30,166.5,-2.3643460273742676,0.0042711439820796,1.7331699999868784e-06,1.0,0.0042711439820796,0.007323671,0.000335462
lambda1_start_expansion96_s397_cont120000,LHCb_7:13,central_0p20_0p30,166.5,-2.376330614089966,0.0042711439820796,1.7331699999868784e-06,1.0,0.0042711439820796,0.007323671,0.000335462
lambda1_start_expansion96_s398_cont120000,LHCb_7:13,central_0p20_0p30,166.5,-2.3643760681152344,0.0042711439820796,1.7331699999868784e-06,1.0,0.0042711439820796,0.007323671,0.000335462
exactbaseline_matched_reference_distance_b0p1_2p0_lam1e00_s303,LHCb_7:13,late_0p22_0p32,166.5,-2.3825721740722656,0.0042711439820796,1.7331699999868784e-06,1.0,0.0042711439820796,0.007323671,0.000335462
exactbaseline_matched_reference_distance_b0p1_2p0_lam1e00_s304,LHCb_7:13,late_0p22_0p32,166.5,-2.3681845664978027,0.0042711439820796,1.7331699999868784e-06,1.0,0.0042711439820796,0.007323671,0.000335462
exactbaseline_matched_reference_distance_b0p1_2p0_lam1e00_s305,LHCb_7:13,late_0p22_0p32,166.5,-2.3836584091186523,0.0042711439820796,1.7331699999868784e-06,1.0,0.0042711439820796,0.007323671,0.000335462
exactbaseline_matched_reference_distance_b0p1_2p0_lam1e00_s306,LHCb_7:13,late_0p22_0p32,166.5,-2.4009156227111816,0.0042711439820796,1.7331699999868784e-06,1.0,0.0042711439820796,0.007323671,0.000335462
exactbaseline_matched_reference_distance_b0p1_2p0_lam1e00_s307,LHCb_7:13,late_0p22_0p32,166.5,-2.3602840900421143,0.0042711439820796,1.7331699999868784e-06,1.0,0.0042711439820796,0.007323671,0.000335462
exactbaseline_matched_reference_distance_b0p1_2p0_lam1e00_s308,LHCb_7:13,late_0p22_0p32,166.5,-2.3865432739257812,0.0042711439820796,1.7331699999868784e-06,1.0,0.0042711439820796,0.007323671,0.000335462
exactbaseline_matched_reference_distance_b0p1_2p0_lam1e00_s309,LHCb_7:13,late_0p22_0p32,166.5,-2.3985586166381836,0.0042711439820796,1.7331699999868784e-06,1.0,0.0042711439820796,0.007323671,0.000335462
exactbaseline_matched_reference_distance_b0p1_2p0_lam1e00_s310,LHCb_7:13,late_0p22_0p32,166.5,-2.380091905593872,0.0042711439820796,1.7331699999868784e-06,1.0,0.0042711439820796,0.007323671,0.000335462
exactbaseline_matched_reference_distance_b0p1_2p0_lam1e00_s311,LHCb_7:13,late_0p22_0p32,166.5,-2.4033124446868896,0.0042711439820796,1.7331699999868784e-06,1.0,0.0042711439820796,0.007323671,0.000335462
exactbaseline_matched_reference_distance_b0p1_2p0_lam1e00_s312,LHCb_7:13,late_0p22_0p32,166.5,-2.385618209838867,0.0042711439820796,1.7331699999868784e-06,1.0,0.0042711439820796,0.007323671,0.000335462
exactbaseline_matched_reference_distance_b0p1_2p0_lam1e00_s313,LHCb_7:13,late_0p22_0p32,166.5,-2.3683974742889404,0.0042711439820796,1.7331699999868784e-06,1.0,0.0042711439820796,0.007323671,0.000335462
exactbaseline_matched_reference_distance_b0p1_2p0_lam1e00_s314,LHCb_7:13,late_0p22_0p32,166.5,-2.377223014831543,0.0042711439820796,1.7331699999868784e-06,1.0,0.0042711439820796,0.007323671,0.000335462
exactbaseline_matched_reference_distance_b0p1_2p0_lam1e00_s315,LHCb_7:13,late_0p22_0p32,166.5,-2.3879590034484863,0.0042711439820796,1.7331699999868784e-06,1.0,0.0042711439820796,0.007323671,0.000335462
exactbaseline_matched_reference_distance_b0p1_2p0_lam1e00_s316,LHCb_7:13,late_0p22_0p32,166.5,-2.3814897537231445,0.0042711439820796,1.7331699999868784e-06,1.0,0.0042711439820796,0.007323671,0.000335462
exactbaseline_matched_reference_distance_b0p1_2p0_lam1e00_s317,LHCb_7:13,late_0p22_0p32,166.5,-2.380847930908203,0.0042711439820796,1.7331699999868784e-06,1.0,0.0042711439820796,0.007323671,0.000335462
exactbaseline_matched_reference_distance_b0p1_2p0_lam1e00_s318,LHCb_7:13,late_0p22_0p32,166.5,-2.3855862617492676,0.0042711439820796,1.7331699999868784e-06,1.0,0.0042711439820796,0.007323671,0.000335462
exactbaseline_matched_reference_distance_b0p1_2p0_lam1e00_s319,LHCb_7:13,late_0p22_0p32,166.5,-2.3750064373016357,0.0042711439820796,1.7331699999868784e-06,1.0,0.0042711439820796,0.007323671,0.000335462
exactbaseline_matched_reference_distance_b0p1_2p0_lam1e00_s320,LHCb_7:13,late_0p22_0p32,166.5,-2.375967502593994,0.0042711439820796,1.7331699999868784e-06,1.0,0.0042711439820796,0.007323671,0.000335462
exactbaseline_matched_reference_distance_b0p1_2p0_lam1e00_s321,LHCb_7:13,late_0p22_0p32,166.5,-2.388345241546631,0.0042711439820796,1.7331699999868784e-06,1.0,0.0042711439820796,0.007323671,0.000335462
exactbaseline_matched_reference_distance_b0p1_2p0_lam1e00_s322,LHCb_7:13,late_0p22_0p32,166.5,-2.3769216537475586,0.0042711439820796,1.7331699999868784e-06,1.0,0.0042711439820796,0.007323671,0.000335462
exactbaseline_matched_reference_distance_b0p1_2p0_lam1e00_s323,LHCb_7:13,late_0p22_0p32,166.5,-2.3817758560180664,0.0042711439820796,1.7331699999868784e-06,1.0,0.0042711439820796,0.007323671,0.000335462
exactbaseline_matched_reference_distance_b0p1_2p0_lam1e00_s324,LHCb_7:13,late_0p22_0p32,166.5,-2.3828117847442627,0.0042711439820796,1.7331699999868784e-06,1.0,0.0042711439820796,0.007323671,0.000335462
exactbaseline_matched_reference_distance_b0p1_2p0_lam1e00_s325,LHCb_7:13,late_0p22_0p32,166.5,-2.400485038757324,0.0042711439820796,1.7331699999868784e-06,1.0,0.0042711439820796,0.007323671,0.000335462
exactbaseline_matched_reference_distance_b0p1_2p0_lam1e00_s326,LHCb_7:13,late_0p22_0p32,166.5,-2.3768818378448486,0.0042711439820796,1.7331699999868784e-06,1.0,0.0042711439820796,0.007323671,0.000335462
lambda1_start_expansion48_s327_cont320000,LHCb_7:13,late_0p22_0p32,166.5,-2.3675448894500732,0.0042711439820796,1.7331699999868784e-06,1.0,0.0042711439820796,0.007323671,0.000335462
lambda1_start_expansion48_s328_cont240000,LHCb_7:13,late_0p22_0p32,166.5,-2.361964702606201,0.0042711439820796,1.7331699999868784e-06,1.0,0.0042711439820796,0.007323671,0.000335462
lambda1_start_expansion48_s329_cont200000,LHCb_7:13,late_0p22_0p32,166.5,-2.3665826320648193,0.0042711439820796,1.7331699999868784e-06,1.0,0.0042711439820796,0.007323671,0.000335462
lambda1_start_expansion48_s330_cont120000,LHCb_7:13,late_0p22_0p32,166.5,-2.3707528114318848,0.0042711439820796,1.7331699999868784e-06,1.0,0.0042711439820796,0.007323671,0.000335462
lambda1_start_expansion48_s331_cont120000,LHCb_7:13,late_0p22_0p32,166.5,-2.359832286834717,0.0042711439820796,1.7331699999868784e-06,1.0,0.0042711439820796,0.007323671,0.000335462
lambda1_start_expansion48_s332_cont120000,LHCb_7:13,late_0p22_0p32,166.5,-2.3741953372955322,0.0042711439820796,1.7331699999868784e-06,1.0,0.0042711439820796,0.007323671,0.000335462
lambda1_start_expansion48_s333_cont120000,LHCb_7:13,late_0p22_0p32,166.5,-2.398160696029663,0.0042711439820796,1.7331699999868784e-06,1.0,0.0042711439820796,0.007323671,0.000335462
lambda1_start_expansion48_s334_cont120000,LHCb_7:13,late_0p22_0p32,166.5,-2.365607261657715,0.0042711439820796,1.7331699999868784e-06,1.0,0.0042711439820796,0.007323671,0.000335462
lambda1_start_expansion48_s335_cont120000,LHCb_7:13,late_0p22_0p32,166.5,-2.4001898765563965,0.0042711439820796,1.7331699999868784e-06,1.0,0.0042711439820796,0.007323671,0.000335462
lambda1_start_expansion48_s336_cont120000,LHCb_7:13,late_0p22_0p32,166.5,-2.365084409713745,0.0042711439820796,1.7331699999868784e-06,1.0,0.0042711439820796,0.007323671,0.000335462
lambda1_start_expansion48_s337_cont120000,LHCb_7:13,late_0p22_0p32,166.5,-2.354839324951172,0.0042711439820796,1.7331699999868784e-06,1.0,0.0042711439820796,0.007323671,0.000335462
lambda1_start_expansion48_s338_cont120000,LHCb_7:13,late_0p22_0p32,166.5,-2.3644111156463623,0.0042711439820796,1.7331699999868784e-06,1.0,0.0042711439820796,0.007323671,0.000335462
lambda1_start_expansion48_s339_cont120000,LHCb_7:13,late_0p22_0p32,166.5,-2.3723371028900146,0.0042711439820796,1.7331699999868784e-06,1.0,0.0042711439820796,0.007323671,0.000335462
lambda1_start_expansion48_s340_cont120000,LHCb_7:13,late_0p22_0p32,166.5,-2.3666391372680664,0.0042711439820796,1.7331699999868784e-06,1.0,0.0042711439820796,0.007323671,0.000335462
lambda1_start_expansion48_s341_cont120000,LHCb_7:13,late_0p22_0p32,166.5,-2.366797685623169,0.0042711439820796,1.7331699999868784e-06,1.0,0.0042711439820796,0.007323671,0.000335462
lambda1_start_expansion48_s342_cont120000,LHCb_7:13,late_0p22_0p32,166.5,-2.3678479194641113,0.0042711439820796,1.7331699999868784e-06,1.0,0.0042711439820796,0.007323671,0.000335462
lambda1_start_expansion48_s343_cont120000,LHCb_7:13,late_0p22_0p32,166.5,-2.366291046142578,0.0042711439820796,1.7331699999868784e-06,1.0,0.0042711439820796,0.007323671,0.000335462
lambda1_start_expansion48_s344_cont120000,LHCb_7:13,late_0p22_0p32,166.5,-2.363637924194336,0.0042711439820796,1.7331699999868784e-06,1.0,0.0042711439820796,0.007323671,0.000335462
lambda1_start_expansion48_s345_cont120000,LHCb_7:13,late_0p22_0p32,166.5,-2.3706650733947754,0.0042711439820796,1.7331699999868784e-06,1.0,0.0042711439820796,0.007323671,0.000335462
lambda1_start_expansion48_s346_cont120000,LHCb_7:13,late_0p22_0p32,166.5,-2.3615808486938477,0.0042711439820796,1.7331699999868784e-06,1.0,0.0042711439820796,0.007323671,0.000335462
lambda1_start_expansion48_s347_cont120000,LHCb_7:13,late_0p22_0p32,166.5,-2.369201421737671,0.0042711439820796,1.7331699999868784e-06,1.0,0.0042711439820796,0.007323671,0.000335462
lambda1_start_expansion48_s348_cont120000,LHCb_7:13,late_0p22_0p32,166.5,-2.36350154876709,0.0042711439820796,1.7331699999868784e-06,1.0,0.0042711439820796,0.007323671,0.000335462
lambda1_start_expansion48_s349_cont160000,LHCb_7:13,late_0p22_0p32,166.5,-2.3668746948242188,0.0042711439820796,1.7331699999868784e-06,1.0,0.0042711439820796,0.007323671,0.000335462
lambda1_start_expansion48_s350_cont120000,LHCb_7:13,late_0p22_0p32,166.5,-2.3624367713928223,0.0042711439820796,1.7331699999868784e-06,1.0,0.0042711439820796,0.007323671,0.000335462
lambda1_start_expansion96_s351_cont120000,LHCb_7:13,late_0p22_0p32,166.5,-2.3662378787994385,0.0042711439820796,1.7331699999868784e-06,1.0,0.0042711439820796,0.007323671,0.000335462
lambda1_start_expansion96_s352_cont120000,LHCb_7:13,late_0p22_0p32,166.5,-2.3623147010803223,0.0042711439820796,1.7331699999868784e-06,1.0,0.0042711439820796,0.007323671,0.000335462
lambda1_start_expansion96_s353_cont120000,LHCb_7:13,late_0p22_0p32,166.5,-2.3676719665527344,0.0042711439820796,1.7331699999868784e-06,1.0,0.0042711439820796,0.007323671,0.000335462
lambda1_start_expansion96_s354_cont120000,LHCb_7:13,late_0p22_0p32,166.5,-2.371973991394043,0.0042711439820796,1.7331699999868784e-06,1.0,0.0042711439820796,0.007323671,0.000335462
lambda1_start_expansion96_s355_cont120000,LHCb_7:13,late_0p22_0p32,166.5,-2.3601226806640625,0.0042711439820796,1.7331699999868784e-06,1.0,0.0042711439820796,0.007323671,0.000335462
lambda1_start_expansion96_s356_cont120000,LHCb_7:13,late_0p22_0p32,166.5,-2.378509283065796,0.0042711439820796,1.7331699999868784e-06,1.0,0.0042711439820796,0.007323671,0.000335462
lambda1_start_expansion96_s357_cont120000,LHCb_7:13,late_0p22_0p32,166.5,-2.399210214614868,0.0042711439820796,1.7331699999868784e-06,1.0,0.0042711439820796,0.007323671,0.000335462
lambda1_start_expansion96_s358_cont120000,LHCb_7:13,late_0p22_0p32,166.5,-2.3659534454345703,0.0042711439820796,1.7331699999868784e-06,1.0,0.0042711439820796,0.007323671,0.000335462
lambda1_start_expansion96_s359_cont120000,LHCb_7:13,late_0p22_0p32,166.5,-2.400284767150879,0.0042711439820796,1.7331699999868784e-06,1.0,0.0042711439820796,0.007323671,0.000335462
lambda1_start_expansion96_s360_cont120000,LHCb_7:13,late_0p22_0p32,166.5,-2.3649630546569824,0.0042711439820796,1.7331699999868784e-06,1.0,0.0042711439820796,0.007323671,0.000335462
lambda1_start_expansion96_s361_cont120000,LHCb_7:13,late_0p22_0p32,166.5,-2.3552615642547607,0.0042711439820796,1.7331699999868784e-06,1.0,0.0042711439820796,0.007323671,0.000335462
lambda1_start_expansion96_s362_cont120000,LHCb_7:13,late_0p22_0p32,166.5,-2.362954616546631,0.0042711439820796,1.7331699999868784e-06,1.0,0.0042711439820796,0.007323671,0.000335462
lambda1_start_expansion96_s363_cont120000,LHCb_7:13,late_0p22_0p32,166.5,-2.3730313777923584,0.0042711439820796,1.7331699999868784e-06,1.0,0.0042711439820796,0.007323671,0.000335462
lambda1_start_expansion96_s364_cont120000,LHCb_7:13,late_0p22_0p32,166.5,-2.3682966232299805,0.0042711439820796,1.7331699999868784e-06,1.0,0.0042711439820796,0.007323671,0.000335462
lambda1_start_expansion96_s365_cont120000,LHCb_7:13,late_0p22_0p32,166.5,-2.3685224056243896,0.0042711439820796,1.7331699999868784e-06,1.0,0.0042711439820796,0.007323671,0.000335462
lambda1_start_expansion96_s366_cont120000,LHCb_7:13,late_0p22_0p32,166.5,-2.368685007095337,0.0042711439820796,1.7331699999868784e-06,1.0,0.0042711439820796,0.007323671,0.000335462
lambda1_start_expansion96_s367_cont120000,LHCb_7:13,late_0p22_0p32,166.5,-2.3642234802246094,0.0042711439820796,1.7331699999868784e-06,1.0,0.0042711439820796,0.007323671,0.000335462
lambda1_start_expansion96_s368_cont120000,LHCb_7:13,late_0p22_0p32,166.5,-2.3636977672576904,0.0042711439820796,1.7331699999868784e-06,1.0,0.0042711439820796,0.007323671,0.000335462
lambda1_start_expansion96_s369_cont120000,LHCb_7:13,late_0p22_0p32,166.5,-2.3713440895080566,0.0042711439820796,1.7331699999868784e-06,1.0,0.0042711439820796,0.007323671,0.000335462
lambda1_start_expansion96_s370_cont120000,LHCb_7:13,late_0p22_0p32,166.5,-2.3614249229431152,0.0042711439820796,1.7331699999868784e-06,1.0,0.0042711439820796,0.007323671,0.000335462
lambda1_start_expansion96_s371_cont120000,LHCb_7:13,late_0p22_0p32,166.5,-2.370023727416992,0.0042711439820796,1.7331699999868784e-06,1.0,0.0042711439820796,0.007323671,0.000335462
lambda1_start_expansion96_s372_cont120000,LHCb_7:13,late_0p22_0p32,166.5,-2.3630499839782715,0.0042711439820796,1.7331699999868784e-06,1.0,0.0042711439820796,0.007323671,0.000335462
lambda1_start_expansion96_s373_cont120000,LHCb_7:13,late_0p22_0p32,166.5,-2.37589168548584,0.0042711439820796,1.7331699999868784e-06,1.0,0.0042711439820796,0.007323671,0.000335462
lambda1_start_expansion96_s374_cont120000,LHCb_7:13,late_0p22_0p32,166.5,-2.363311529159546,0.0042711439820796,1.7331699999868784e-06,1.0,0.0042711439820796,0.007323671,0.000335462
lambda1_start_expansion96_s375_cont120000,LHCb_7:13,late_0p22_0p32,166.5,-2.3674402236938477,0.0042711439820796,1.7331699999868784e-06,1.0,0.0042711439820796,0.007323671,0.000335462
lambda1_start_expansion96_s376_cont120000,LHCb_7:13,late_0p22_0p32,166.5,-2.3624191284179688,0.0042711439820796,1.7331699999868784e-06,1.0,0.0042711439820796,0.007323671,0.000335462
lambda1_start_expansion96_s377_cont120000,LHCb_7:13,late_0p22_0p32,166.5,-2.36773681640625,0.0042711439820796,1.7331699999868784e-06,1.0,0.0042711439820796,0.007323671,0.000335462
lambda1_start_expansion96_s378_cont120000,LHCb_7:13,late_0p22_0p32,166.5,-2.3728725910186768,0.0042711439820796,1.7331699999868784e-06,1.0,0.0042711439820796,0.007323671,0.000335462
lambda1_start_expansion96_s379_cont120000,LHCb_7:13,late_0p22_0p32,166.5,-2.3599514961242676,0.0042711439820796,1.7331699999868784e-06,1.0,0.0042711439820796,0.007323671,0.000335462
lambda1_start_expansion96_s380_cont120000,LHCb_7:13,late_0p22_0p32,166.5,-2.3806698322296143,0.0042711439820796,1.7331699999868784e-06,1.0,0.0042711439820796,0.007323671,0.000335462
lambda1_start_expansion96_s381_cont120000,LHCb_7:13,late_0p22_0p32,166.5,-2.3997573852539062,0.0042711439820796,1.7331699999868784e-06,1.0,0.0042711439820796,0.007323671,0.000335462
lambda1_start_expansion96_s382_cont120000,LHCb_7:13,late_0p22_0p32,166.5,-2.3633224964141846,0.0042711439820796,1.7331699999868784e-06,1.0,0.0042711439820796,0.007323671,0.000335462
lambda1_start_expansion96_s383_cont120000,LHCb_7:13,late_0p22_0p32,166.5,-2.4004225730895996,0.0042711439820796,1.7331699999868784e-06,1.0,0.0042711439820796,0.007323671,0.000335462
lambda1_start_expansion96_s384_cont120000,LHCb_7:13,late_0p22_0p32,166.5,-2.364821434020996,0.0042711439820796,1.7331699999868784e-06,1.0,0.0042711439820796,0.007323671,0.000335462
lambda1_start_expansion96_s385_cont120000,LHCb_7:13,late_0p22_0p32,166.5,-2.355395793914795,0.0042711439820796,1.7331699999868784e-06,1.0,0.0042711439820796,0.007323671,0.000335462
lambda1_start_expansion96_s386_cont120000,LHCb_7:13,late_0p22_0p32,166.5,-2.3606228828430176,0.0042711439820796,1.7331699999868784e-06,1.0,0.0042711439820796,0.007323671,0.000335462
lambda1_start_expansion96_s387_cont120000,LHCb_7:13,late_0p22_0p32,166.5,-2.372983455657959,0.0042711439820796,1.7331699999868784e-06,1.0,0.0042711439820796,0.007323671,0.000335462
lambda1_start_expansion96_s388_cont120000,LHCb_7:13,late_0p22_0p32,166.5,-2.3659214973449707,0.0042711439820796,1.7331699999868784e-06,1.0,0.0042711439820796,0.007323671,0.000335462
lambda1_start_expansion96_s389_cont120000,LHCb_7:13,late_0p22_0p32,166.5,-2.3675551414489746,0.0042711439820796,1.7331699999868784e-06,1.0,0.0042711439820796,0.007323671,0.000335462
lambda1_start_expansion96_s390_cont120000,LHCb_7:13,late_0p22_0p32,166.5,-2.367828130722046,0.0042711439820796,1.7331699999868784e-06,1.0,0.0042711439820796,0.007323671,0.000335462
lambda1_start_expansion96_s391_cont120000,LHCb_7:13,late_0p22_0p32,166.5,-2.368290901184082,0.0042711439820796,1.7331699999868784e-06,1.0,0.0042711439820796,0.007323671,0.000335462
lambda1_start_expansion96_s392_cont120000,LHCb_7:13,late_0p22_0p32,166.5,-2.363321304321289,0.0042711439820796,1.7331699999868784e-06,1.0,0.0042711439820796,0.007323671,0.000335462
lambda1_start_expansion96_s393_cont120000,LHCb_7:13,late_0p22_0p32,166.5,-2.373591423034668,0.0042711439820796,1.7331699999868784e-06,1.0,0.0042711439820796,0.007323671,0.000335462
lambda1_start_expansion96_s394_cont120000,LHCb_7:13,late_0p22_0p32,166.5,-2.3623104095458984,0.0042711439820796,1.7331699999868784e-06,1.0,0.0042711439820796,0.007323671,0.000335462
lambda1_start_expansion96_s395_cont120000,LHCb_7:13,late_0p22_0p32,166.5,-2.3701562881469727,0.0042711439820796,1.7331699999868784e-06,1.0,0.0042711439820796,0.007323671,0.000335462
lambda1_start_expansion96_s396_cont120000,LHCb_7:13,late_0p22_0p32,166.5,-2.3643460273742676,0.0042711439820796,1.7331699999868784e-06,1.0,0.0042711439820796,0.007323671,0.000335462
lambda1_start_expansion96_s397_cont120000,LHCb_7:13,late_0p22_0p32,166.5,-2.376330614089966,0.0042711439820796,1.7331699999868784e-06,1.0,0.0042711439820796,0.007323671,0.000335462
lambda1_start_expansion96_s398_cont120000,LHCb_7:13,late_0p22_0p32,166.5,-2.3643760681152344,0.0042711439820796,1.7331699999868784e-06,1.0,0.0042711439820796,0.007323671,0.000335462
