endpoint,row_id,profile,qT,W_lambda1_fiducial,FO_DYTurbo,FO_DYTurbo_unc,profile_value,matched_lambda1,CS,error
exactbaseline_matched_reference_distance_b0p1_2p0_lam1e00_s303,LHCb_7:10,early_0p18_0p28,21.75,0.7782902121543884,0.8272693821276851,0.0191403677030986,0.6655444093888124,0.8108880249066204,1.003090909,0.028490973
exactbaseline_matched_reference_distance_b0p1_2p0_lam1e00_s304,LHCb_7:10,early_0p18_0p28,21.75,0.7824416160583496,0.8272693821276851,0.0191403677030986,0.6655444093888124,0.8122764851511853,1.003090909,0.028490973
exactbaseline_matched_reference_distance_b0p1_2p0_lam1e00_s305,LHCb_7:10,early_0p18_0p28,21.75,0.7783990502357483,0.8272693821276851,0.0191403677030986,0.6655444093888124,0.8109244264114026,1.003090909,0.028490973
exactbaseline_matched_reference_distance_b0p1_2p0_lam1e00_s306,LHCb_7:10,early_0p18_0p28,21.75,0.7742655277252197,0.8272693821276851,0.0191403677030986,0.6655444093888124,0.8095419466988392,1.003090909,0.028490973
exactbaseline_matched_reference_distance_b0p1_2p0_lam1e00_s307,LHCb_7:10,early_0p18_0p28,21.75,0.7843670845031738,0.8272693821276851,0.0191403677030986,0.6655444093888124,0.8129204688371022,1.003090909,0.028490973
exactbaseline_matched_reference_distance_b0p1_2p0_lam1e00_s308,LHCb_7:10,early_0p18_0p28,21.75,0.7760269045829773,0.8272693821276851,0.0191403677030986,0.6655444093888124,0.8101310490360893,1.003090909,0.028490973
exactbaseline_matched_reference_distance_b0p1_2p0_lam1e00_s309,LHCb_7:10,early_0p18_0p28,21.75,0.7764087319374084,0.8272693821276851,0.0191403677030986,0.6655444093888124,0.8102587533294271,1.003090909,0.028490973
exactbaseline_matched_reference_distance_b0p1_2p0_lam1e00_s310,LHCb_7:10,early_0p18_0p28,21.75,0.7809591293334961,0.8272693821276851,0.0191403677030986,0.6655444093888124,0.8117806591780512,1.003090909,0.028490973
exactbaseline_matched_reference_distance_b0p1_2p0_lam1e00_s311,LHCb_7:10,early_0p18_0p28,21.75,0.77447509765625,0.8272693821276851,0.0191403677030986,0.6655444093888124,0.8096120385338962,1.003090909,0.028490973
exactbaseline_matched_reference_distance_b0p1_2p0_lam1e00_s312,LHCb_7:10,early_0p18_0p28,21.75,0.7781038284301758,0.8272693821276851,0.0191403677030986,0.6655444093888124,0.8108256878280585,1.003090909,0.028490973
exactbaseline_matched_reference_distance_b0p1_2p0_lam1e00_s313,LHCb_7:10,early_0p18_0p28,21.75,0.7816910147666931,0.8272693821276851,0.0191403677030986,0.6655444093888124,0.8120254423528708,1.003090909,0.028490973
exactbaseline_matched_reference_distance_b0p1_2p0_lam1e00_s314,LHCb_7:10,early_0p18_0p28,21.75,0.7786951661109924,0.8272693821276851,0.0191403677030986,0.6655444093888124,0.8110234640213467,1.003090909,0.028490973
exactbaseline_matched_reference_distance_b0p1_2p0_lam1e00_s315,LHCb_7:10,early_0p18_0p28,21.75,0.7802796363830566,0.8272693821276851,0.0191403677030986,0.6655444093888124,0.8115533989619959,1.003090909,0.028490973
exactbaseline_matched_reference_distance_b0p1_2p0_lam1e00_s316,LHCb_7:10,early_0p18_0p28,21.75,0.778334379196167,0.8272693821276851,0.0191403677030986,0.6655444093888124,0.810902796820664,1.003090909,0.028490973
exactbaseline_matched_reference_distance_b0p1_2p0_lam1e00_s317,LHCb_7:10,early_0p18_0p28,21.75,0.7799738049507141,0.8272693821276851,0.0191403677030986,0.6655444093888124,0.8114511119296642,1.003090909,0.028490973
exactbaseline_matched_reference_distance_b0p1_2p0_lam1e00_s318,LHCb_7:10,early_0p18_0p28,21.75,0.7792174816131592,0.8272693821276851,0.0191403677030986,0.6655444093888124,0.8111981553611093,1.003090909,0.028490973
exactbaseline_matched_reference_distance_b0p1_2p0_lam1e00_s319,LHCb_7:10,early_0p18_0p28,21.75,0.7826938033103943,0.8272693821276851,0.0191403677030986,0.6655444093888124,0.8123608305875125,1.003090909,0.028490973
exactbaseline_matched_reference_distance_b0p1_2p0_lam1e00_s320,LHCb_7:10,early_0p18_0p28,21.75,0.7779152393341064,0.8272693821276851,0.0191403677030986,0.6655444093888124,0.8107626131505499,1.003090909,0.028490973
exactbaseline_matched_reference_distance_b0p1_2p0_lam1e00_s321,LHCb_7:10,early_0p18_0p28,21.75,0.7780917882919312,0.8272693821276851,0.0191403677030986,0.6655444093888124,0.8108216609365109,1.003090909,0.028490973
exactbaseline_matched_reference_distance_b0p1_2p0_lam1e00_s322,LHCb_7:10,early_0p18_0p28,21.75,0.7781652212142944,0.8272693821276851,0.0191403677030986,0.6655444093888124,0.8108462209879301,1.003090909,0.028490973
exactbaseline_matched_reference_distance_b0p1_2p0_lam1e00_s323,LHCb_7:10,early_0p18_0p28,21.75,0.7785296440124512,0.8272693821276851,0.0191403677030986,0.6655444093888124,0.8109681042301199,1.003090909,0.028490973
exactbaseline_matched_reference_distance_b0p1_2p0_lam1e00_s324,LHCb_7:10,early_0p18_0p28,21.75,0.7793025970458984,0.8272693821276851,0.0191403677030986,0.6655444093888124,0.8112266226934362,1.003090909,0.028490973
exactbaseline_matched_reference_distance_b0p1_2p0_lam1e00_s325,LHCb_7:10,early_0p18_0p28,21.75,0.7740185856819153,0.8272693821276851,0.0191403677030986,0.6655444093888124,0.809459355551899,1.003090909,0.028490973
exactbaseline_matched_reference_distance_b0p1_2p0_lam1e00_s326,LHCb_7:10,early_0p18_0p28,21.75,0.783790647983551,0.8272693821276851,0.0191403677030986,0.6655444093888124,0.8127276764204818,1.003090909,0.028490973
lambda1_start_expansion48_s327_cont320000,LHCb_7:10,early_0p18_0p28,21.75,0.78255295753479,0.8272693821276851,0.0191403677030986,0.6655444093888124,0.8123137239304477,1.003090909,0.028490973
lambda1_start_expansion48_s328_cont240000,LHCb_7:10,early_0p18_0p28,21.75,0.7837511301040649,0.8272693821276851,0.0191403677030986,0.6655444093888124,0.8127144594447586,1.003090909,0.028490973
lambda1_start_expansion48_s329_cont200000,LHCb_7:10,early_0p18_0p28,21.75,0.781377911567688,0.8272693821276851,0.0191403677030986,0.6655444093888124,0.8119207232375253,1.003090909,0.028490973
lambda1_start_expansion48_s330_cont120000,LHCb_7:10,early_0p18_0p28,21.75,0.7799620032310486,0.8272693821276851,0.0191403677030986,0.6655444093888124,0.8114471647785433,1.003090909,0.028490973
lambda1_start_expansion48_s331_cont120000,LHCb_7:10,early_0p18_0p28,21.75,0.7836982011795044,0.8272693821276851,0.0191403677030986,0.6655444093888124,0.8126967570700343,1.003090909,0.028490973
lambda1_start_expansion48_s332_cont120000,LHCb_7:10,early_0p18_0p28,21.75,0.7805873155593872,0.8272693821276851,0.0191403677030986,0.6655444093888124,0.8116563039826342,1.003090909,0.028490973
lambda1_start_expansion48_s333_cont120000,LHCb_7:10,early_0p18_0p28,21.75,0.7759089469909668,0.8272693821276851,0.0191403677030986,0.6655444093888124,0.8100915974599864,1.003090909,0.028490973
lambda1_start_expansion48_s334_cont120000,LHCb_7:10,early_0p18_0p28,21.75,0.7831994295120239,0.8272693821276851,0.0191403677030986,0.6655444093888124,0.8125299400974071,1.003090909,0.028490973
lambda1_start_expansion48_s335_cont120000,LHCb_7:10,early_0p18_0p28,21.75,0.7755053639411926,0.8272693821276851,0.0191403677030986,0.6655444093888124,0.8099566168527135,1.003090909,0.028490973
lambda1_start_expansion48_s336_cont120000,LHCb_7:10,early_0p18_0p28,21.75,0.7834780216217041,0.8272693821276851,0.0191403677030986,0.6655444093888124,0.8126231167859898,1.003090909,0.028490973
lambda1_start_expansion48_s337_cont120000,LHCb_7:10,early_0p18_0p28,21.75,0.7885406017303467,0.8272693821276851,0.0191403677030986,0.6655444093888124,0.8143163250062423,1.003090909,0.028490973
lambda1_start_expansion48_s338_cont120000,LHCb_7:10,early_0p18_0p28,21.75,0.7841213941574097,0.8272693821276851,0.0191403677030986,0.6655444093888124,0.8128382963274021,1.003090909,0.028490973
lambda1_start_expansion48_s339_cont120000,LHCb_7:10,early_0p18_0p28,21.75,0.7834593057632446,0.8272693821276851,0.0191403677030986,0.6655444093888124,0.812616857162495,1.003090909,0.028490973
lambda1_start_expansion48_s340_cont120000,LHCb_7:10,early_0p18_0p28,21.75,0.7830824255943298,0.8272693821276851,0.0191403677030986,0.6655444093888124,0.8124908074830108,1.003090909,0.028490973
lambda1_start_expansion48_s341_cont120000,LHCb_7:10,early_0p18_0p28,21.75,0.7826427221298218,0.8272693821276851,0.0191403677030986,0.6655444093888124,0.8123437462010951,1.003090909,0.028490973
lambda1_start_expansion48_s342_cont120000,LHCb_7:10,early_0p18_0p28,21.75,0.7796461582183838,0.8272693821276851,0.0191403677030986,0.6655444093888124,0.8113415286482909,1.003090909,0.028490973
lambda1_start_expansion48_s343_cont120000,LHCb_7:10,early_0p18_0p28,21.75,0.7831855416297913,0.8272693821276851,0.0191403677030986,0.6655444093888124,0.8125252952175526,1.003090909,0.028490973
lambda1_start_expansion48_s344_cont120000,LHCb_7:10,early_0p18_0p28,21.75,0.7823072075843811,0.8272693821276851,0.0191403677030986,0.6655444093888124,0.812231531485641,1.003090909,0.028490973
lambda1_start_expansion48_s345_cont120000,LHCb_7:10,early_0p18_0p28,21.75,0.7814782857894897,0.8272693821276851,0.0191403677030986,0.6655444093888124,0.8119542939571602,1.003090909,0.028490973
lambda1_start_expansion48_s346_cont120000,LHCb_7:10,early_0p18_0p28,21.75,0.7842811942100525,0.8272693821276851,0.0191403677030986,0.6655444093888124,0.8128917423483886,1.003090909,0.028490973
lambda1_start_expansion48_s347_cont120000,LHCb_7:10,early_0p18_0p28,21.75,0.7820255160331726,0.8272693821276851,0.0191403677030986,0.6655444093888124,0.8121373181715115,1.003090909,0.028490973
lambda1_start_expansion48_s348_cont120000,LHCb_7:10,early_0p18_0p28,21.75,0.7851479649543762,0.8272693821276851,0.0191403677030986,0.6655444093888124,0.8131816386696058,1.003090909,0.028490973
lambda1_start_expansion48_s349_cont160000,LHCb_7:10,early_0p18_0p28,21.75,0.7819802165031433,0.8272693821276851,0.0191403677030986,0.6655444093888124,0.8121221674904411,1.003090909,0.028490973
lambda1_start_expansion48_s350_cont120000,LHCb_7:10,early_0p18_0p28,21.75,0.7843539714813232,0.8272693821276851,0.0191403677030986,0.6655444093888124,0.8129160831136344,1.003090909,0.028490973
lambda1_start_expansion96_s351_cont120000,LHCb_7:10,early_0p18_0p28,21.75,0.7815279364585876,0.8272693821276851,0.0191403677030986,0.6655444093888124,0.8119708999010176,1.003090909,0.028490973
lambda1_start_expansion96_s352_cont120000,LHCb_7:10,early_0p18_0p28,21.75,0.7836578488349915,0.8272693821276851,0.0191403677030986,0.6655444093888124,0.8126832610028177,1.003090909,0.028490973
lambda1_start_expansion96_s353_cont120000,LHCb_7:10,early_0p18_0p28,21.75,0.7819514870643616,0.8272693821276851,0.0191403677030986,0.6655444093888124,0.8121125587690254,1.003090909,0.028490973
lambda1_start_expansion96_s354_cont120000,LHCb_7:10,early_0p18_0p28,21.75,0.7799091339111328,0.8272693821276851,0.0191403677030986,0.6655444093888124,0.8114294823389256,1.003090909,0.028490973
lambda1_start_expansion96_s355_cont120000,LHCb_7:10,early_0p18_0p28,21.75,0.783725380897522,0.8272693821276851,0.0191403677030986,0.6655444093888124,0.8127058474786766,1.003090909,0.028490973
lambda1_start_expansion96_s356_cont120000,LHCb_7:10,early_0p18_0p28,21.75,0.7784995436668396,0.8272693821276851,0.0191403677030986,0.6655444093888124,0.8109580370012508,1.003090909,0.028490973
lambda1_start_expansion96_s357_cont120000,LHCb_7:10,early_0p18_0p28,21.75,0.7759111523628235,0.8272693821276851,0.0191403677030986,0.6655444093888124,0.8100923350589332,1.003090909,0.028490973
lambda1_start_expansion96_s358_cont120000,LHCb_7:10,early_0p18_0p28,21.75,0.7831074595451355,0.8272693821276851,0.0191403677030986,0.6655444093888124,0.812499180227813,1.003090909,0.028490973
lambda1_start_expansion96_s359_cont120000,LHCb_7:10,early_0p18_0p28,21.75,0.7755353450775146,0.8272693821276851,0.0191403677030986,0.6655444093888124,0.8099666442113693,1.003090909,0.028490973
lambda1_start_expansion96_s360_cont120000,LHCb_7:10,early_0p18_0p28,21.75,0.7834663987159729,0.8272693821276851,0.0191403677030986,0.6655444093888124,0.8126192294401888,1.003090909,0.028490973
lambda1_start_expansion96_s361_cont120000,LHCb_7:10,early_0p18_0p28,21.75,0.7882145643234253,0.8272693821276851,0.0191403677030986,0.6655444093888124,0.8142072799727491,1.003090909,0.028490973
lambda1_start_expansion96_s362_cont120000,LHCb_7:10,early_0p18_0p28,21.75,0.7847518920898438,0.8272693821276851,0.0191403677030986,0.6655444093888124,0.8130491698857736,1.003090909,0.028490973
lambda1_start_expansion96_s363_cont120000,LHCb_7:10,early_0p18_0p28,21.75,0.7831404209136963,0.8272693821276851,0.0191403677030986,0.6655444093888124,0.8125102043418022,1.003090909,0.028490973
lambda1_start_expansion96_s364_cont120000,LHCb_7:10,early_0p18_0p28,21.75,0.7817344665527344,0.8272693821276851,0.0191403677030986,0.6655444093888124,0.8120399750456344,1.003090909,0.028490973
lambda1_start_expansion96_s365_cont120000,LHCb_7:10,early_0p18_0p28,21.75,0.7812037467956543,0.8272693821276851,0.0191403677030986,0.6655444093888124,0.8118624728558311,1.003090909,0.028490973
lambda1_start_expansion96_s366_cont120000,LHCb_7:10,early_0p18_0p28,21.75,0.7802730798721313,0.8272693821276851,0.0191403677030986,0.6655444093888124,0.8115512061002619,1.003090909,0.028490973
lambda1_start_expansion96_s367_cont120000,LHCb_7:10,early_0p18_0p28,21.75,0.7837282419204712,0.8272693821276851,0.0191403677030986,0.6655444093888124,0.8127068043637968,1.003090909,0.028490973
lambda1_start_expansion96_s368_cont120000,LHCb_7:10,early_0p18_0p28,21.75,0.7824056148529053,0.8272693821276851,0.0191403677030986,0.6655444093888124,0.8122644443467557,1.003090909,0.028490973
lambda1_start_expansion96_s369_cont120000,LHCb_7:10,early_0p18_0p28,21.75,0.7811670899391174,0.8272693821276851,0.0191403677030986,0.6655444093888124,0.8118502127652281,1.003090909,0.028490973
lambda1_start_expansion96_s370_cont120000,LHCb_7:10,early_0p18_0p28,21.75,0.7844277620315552,0.8272693821276851,0.0191403677030986,0.6655444093888124,0.8129407627756938,1.003090909,0.028490973
lambda1_start_expansion96_s371_cont120000,LHCb_7:10,early_0p18_0p28,21.75,0.7815902233123779,0.8272693821276851,0.0191403677030986,0.6655444093888124,0.8119917320874892,1.003090909,0.028490973
lambda1_start_expansion96_s372_cont120000,LHCb_7:10,early_0p18_0p28,21.75,0.7855234742164612,0.8272693821276851,0.0191403677030986,0.6655444093888124,0.8133072298416364,1.003090909,0.028490973
lambda1_start_expansion96_s373_cont120000,LHCb_7:10,early_0p18_0p28,21.75,0.7815151214599609,0.8272693821276851,0.0191403677030986,0.6655444093888124,0.8119666138530832,1.003090909,0.028490973
lambda1_start_expansion96_s374_cont120000,LHCb_7:10,early_0p18_0p28,21.75,0.782896876335144,0.8272693821276851,0.0191403677030986,0.6655444093888124,0.8124287494959423,1.003090909,0.028490973
lambda1_start_expansion96_s375_cont120000,LHCb_7:10,early_0p18_0p28,21.75,0.7803810834884644,0.8272693821276851,0.0191403677030986,0.6655444093888124,0.8115873285135508,1.003090909,0.028490973
lambda1_start_expansion96_s376_cont120000,LHCb_7:10,early_0p18_0p28,21.75,0.7836044430732727,0.8272693821276851,0.0191403677030986,0.6655444093888124,0.8126653991472401,1.003090909,0.028490973
lambda1_start_expansion96_s377_cont120000,LHCb_7:10,early_0p18_0p28,21.75,0.7812908291816711,0.8272693821276851,0.0191403677030986,0.6655444093888124,0.8118915980466782,1.003090909,0.028490973
lambda1_start_expansion96_s378_cont120000,LHCb_7:10,early_0p18_0p28,21.75,0.7811253666877747,0.8272693821276851,0.0191403677030986,0.6655444093888124,0.811836258190558,1.003090909,0.028490973
lambda1_start_expansion96_s379_cont120000,LHCb_7:10,early_0p18_0p28,21.75,0.7836177945137024,0.8272693821276851,0.0191403677030986,0.6655444093888124,0.8126698646111346,1.003090909,0.028490973
lambda1_start_expansion96_s380_cont120000,LHCb_7:10,early_0p18_0p28,21.75,0.7784934043884277,0.8272693821276851,0.0191403677030986,0.6655444093888124,0.8109559836852636,1.003090909,0.028490973
lambda1_start_expansion96_s381_cont120000,LHCb_7:10,early_0p18_0p28,21.75,0.7754805088043213,0.8272693821276851,0.0191403677030986,0.6655444093888124,0.8099483039132315,1.003090909,0.028490973
lambda1_start_expansion96_s382_cont120000,LHCb_7:10,early_0p18_0p28,21.75,0.7834274172782898,0.8272693821276851,0.0191403677030986,0.6655444093888124,0.8126061918804257,1.003090909,0.028490973
lambda1_start_expansion96_s383_cont120000,LHCb_7:10,early_0p18_0p28,21.75,0.7755069732666016,0.8272693821276851,0.0191403677030986,0.6655444093888124,0.8099571551005936,1.003090909,0.028490973
lambda1_start_expansion96_s384_cont120000,LHCb_7:10,early_0p18_0p28,21.75,0.7835885882377625,0.8272693821276851,0.0191403677030986,0.6655444093888124,0.8126600964088655,1.003090909,0.028490973
lambda1_start_expansion96_s385_cont120000,LHCb_7:10,early_0p18_0p28,21.75,0.7879559993743896,0.8272693821276851,0.0191403677030986,0.6655444093888124,0.814120801480008,1.003090909,0.028490973
lambda1_start_expansion96_s386_cont120000,LHCb_7:10,early_0p18_0p28,21.75,0.7852809429168701,0.8272693821276851,0.0191403677030986,0.6655444093888124,0.81322611389259,1.003090909,0.028490973
lambda1_start_expansion96_s387_cont120000,LHCb_7:10,early_0p18_0p28,21.75,0.783115029335022,0.8272693821276851,0.0191403677030986,0.6655444093888124,0.8125017119863602,1.003090909,0.028490973
lambda1_start_expansion96_s388_cont120000,LHCb_7:10,early_0p18_0p28,21.75,0.7826427817344666,0.8272693821276851,0.0191403677030986,0.6655444093888124,0.8123437661362016,1.003090909,0.028490973
lambda1_start_expansion96_s389_cont120000,LHCb_7:10,early_0p18_0p28,21.75,0.782331645488739,0.8272693821276851,0.0191403677030986,0.6655444093888124,0.8122397048793764,1.003090909,0.028490973
lambda1_start_expansion96_s390_cont120000,LHCb_7:10,early_0p18_0p28,21.75,0.7807048559188843,0.8272693821276851,0.0191403677030986,0.6655444093888124,0.8116956160129905,1.003090909,0.028490973
lambda1_start_expansion96_s391_cont120000,LHCb_7:10,early_0p18_0p28,21.75,0.7824119329452515,0.8272693821276851,0.0191403677030986,0.6655444093888124,0.812266557468063,1.003090909,0.028490973
lambda1_start_expansion96_s392_cont120000,LHCb_7:10,early_0p18_0p28,21.75,0.7825720906257629,0.8272693821276851,0.0191403677030986,0.6655444093888124,0.8123201230996893,1.003090909,0.028490973
lambda1_start_expansion96_s393_cont120000,LHCb_7:10,early_0p18_0p28,21.75,0.7803519368171692,0.8272693821276851,0.0191403677030986,0.6655444093888124,0.8115775802463884,1.003090909,0.028490973
lambda1_start_expansion96_s394_cont120000,LHCb_7:10,early_0p18_0p28,21.75,0.7841026186943054,0.8272693821276851,0.0191403677030986,0.6655444093888124,0.8128320167688007,1.003090909,0.028490973
lambda1_start_expansion96_s395_cont120000,LHCb_7:10,early_0p18_0p28,21.75,0.7820835113525391,0.8272693821276851,0.0191403677030986,0.6655444093888124,0.8121567150303028,1.003090909,0.028490973
lambda1_start_expansion96_s396_cont120000,LHCb_7:10,early_0p18_0p28,21.75,0.7847878336906433,0.8272693821276851,0.0191403677030986,0.6655444093888124,0.8130611907550964,1.003090909,0.028490973
lambda1_start_expansion96_s397_cont120000,LHCb_7:10,early_0p18_0p28,21.75,0.7817310690879822,0.8272693821276851,0.0191403677030986,0.6655444093888124,0.8120388387445541,1.003090909,0.028490973
lambda1_start_expansion96_s398_cont120000,LHCb_7:10,early_0p18_0p28,21.75,0.7814728021621704,0.8272693821276851,0.0191403677030986,0.6655444093888124,0.8119524599273464,1.003090909,0.028490973
exactbaseline_matched_reference_distance_b0p1_2p0_lam1e00_s303,LHCb_7:10,central_0p20_0p30,21.75,0.7782902121543884,0.8272693821276851,0.0191403677030986,0.38008211400701114,0.7969063186201477,1.003090909,0.028490973
exactbaseline_matched_reference_distance_b0p1_2p0_lam1e00_s304,LHCb_7:10,central_0p20_0p30,21.75,0.7824416160583496,0.8272693821276851,0.0191403677030986,0.38008211400701114,0.7994798481521943,1.003090909,0.028490973
exactbaseline_matched_reference_distance_b0p1_2p0_lam1e00_s305,LHCb_7:10,central_0p20_0p30,21.75,0.7783990502357483,0.8272693821276851,0.0191403677030986,0.38008211400701114,0.7969737892934599,1.003090909,0.028490973
exactbaseline_matched_reference_distance_b0p1_2p0_lam1e00_s306,LHCb_7:10,central_0p20_0p30,21.75,0.7742655277252197,0.8272693821276851,0.0191403677030986,0.38008211400701114,0.7944113447570285,1.003090909,0.028490973
exactbaseline_matched_reference_distance_b0p1_2p0_lam1e00_s307,LHCb_7:10,central_0p20_0p30,21.75,0.7843670845031738,0.8272693821276851,0.0191403677030986,0.38008211400701114,0.8006734804800559,1.003090909,0.028490973
exactbaseline_matched_reference_distance_b0p1_2p0_lam1e00_s308,LHCb_7:10,central_0p20_0p30,21.75,0.7760269045829773,0.8272693821276851,0.0191403677030986,0.38008211400701114,0.7955032537751265,1.003090909,0.028490973
exactbaseline_matched_reference_distance_b0p1_2p0_lam1e00_s309,LHCb_7:10,central_0p20_0p30,21.75,0.7764087319374084,0.8272693821276851,0.0191403677030986,0.38008211400701114,0.7957399553814999,1.003090909,0.028490973
exactbaseline_matched_reference_distance_b0p1_2p0_lam1e00_s310,LHCb_7:10,central_0p20_0p30,21.75,0.7809591293334961,0.8272693821276851,0.0191403677030986,0.38008211400701114,0.7985608281157105,1.003090909,0.028490973
exactbaseline_matched_reference_distance_b0p1_2p0_lam1e00_s311,LHCb_7:10,central_0p20_0p30,21.75,0.77447509765625,0.8272693821276851,0.0191403677030986,0.38008211400701114,0.7945412609056406,1.003090909,0.028490973
exactbaseline_matched_reference_distance_b0p1_2p0_lam1e00_s312,LHCb_7:10,central_0p20_0p30,21.75,0.7781038284301758,0.8272693821276851,0.0191403677030986,0.38008211400701114,0.7967907760158504,1.003090909,0.028490973
exactbaseline_matched_reference_distance_b0p1_2p0_lam1e00_s313,LHCb_7:10,central_0p20_0p30,21.75,0.7816910147666931,0.8272693821276851,0.0191403677030986,0.38008211400701114,0.799014536986247,1.003090909,0.028490973
exactbaseline_matched_reference_distance_b0p1_2p0_lam1e00_s314,LHCb_7:10,central_0p20_0p30,21.75,0.7786951661109924,0.8272693821276851,0.0191403677030986,0.38008211400701114,0.7971573568208501,1.003090909,0.028490973
exactbaseline_matched_reference_distance_b0p1_2p0_lam1e00_s315,LHCb_7:10,central_0p20_0p30,21.75,0.7802796363830566,0.8272693821276851,0.0191403677030986,0.38008211400701114,0.798139598282327,1.003090909,0.028490973
exactbaseline_matched_reference_distance_b0p1_2p0_lam1e00_s316,LHCb_7:10,central_0p20_0p30,21.75,0.778334379196167,0.8272693821276851,0.0191403677030986,0.38008211400701114,0.7969336985593176,1.003090909,0.028490973
exactbaseline_matched_reference_distance_b0p1_2p0_lam1e00_s317,LHCb_7:10,central_0p20_0p30,21.75,0.7799738049507141,0.8272693821276851,0.0191403677030986,0.38008211400701114,0.797950007907319,1.003090909,0.028490973
exactbaseline_matched_reference_distance_b0p1_2p0_lam1e00_s318,LHCb_7:10,central_0p20_0p30,21.75,0.7792174816131592,0.8272693821276851,0.0191403677030986,0.38008211400701114,0.7974811495427747,1.003090909,0.028490973
exactbaseline_matched_reference_distance_b0p1_2p0_lam1e00_s319,LHCb_7:10,central_0p20_0p30,21.75,0.7826938033103943,0.8272693821276851,0.0191403677030986,0.38008211400701114,0.7996361835403563,1.003090909,0.028490973
exactbaseline_matched_reference_distance_b0p1_2p0_lam1e00_s320,LHCb_7:10,central_0p20_0p30,21.75,0.7779152393341064,0.8272693821276851,0.0191403677030986,0.38008211400701114,0.7966738662620937,1.003090909,0.028490973
exactbaseline_matched_reference_distance_b0p1_2p0_lam1e00_s321,LHCb_7:10,central_0p20_0p30,21.75,0.7780917882919312,0.8272693821276851,0.0191403677030986,0.38008211400701114,0.7967833121188026,1.003090909,0.028490973
exactbaseline_matched_reference_distance_b0p1_2p0_lam1e00_s322,LHCb_7:10,central_0p20_0p30,21.75,0.7781652212142944,0.8272693821276851,0.0191403677030986,0.38008211400701114,0.7968288345007963,1.003090909,0.028490973
exactbaseline_matched_reference_distance_b0p1_2p0_lam1e00_s323,LHCb_7:10,central_0p20_0p30,21.75,0.7785296440124512,0.8272693821276851,0.0191403677030986,0.38008211400701114,0.7970547467114373,1.003090909,0.028490973
exactbaseline_matched_reference_distance_b0p1_2p0_lam1e00_s324,LHCb_7:10,central_0p20_0p30,21.75,0.7793025970458984,0.8272693821276851,0.0191403677030986,0.38008211400701114,0.7975339141219038,1.003090909,0.028490973
exactbaseline_matched_reference_distance_b0p1_2p0_lam1e00_s325,LHCb_7:10,central_0p20_0p30,21.75,0.7740185856819153,0.8272693821276851,0.0191403677030986,0.38008211400701114,0.7942582609675805,1.003090909,0.028490973
exactbaseline_matched_reference_distance_b0p1_2p0_lam1e00_s326,LHCb_7:10,central_0p20_0p30,21.75,0.783790647983551,0.8272693821276851,0.0191403677030986,0.38008211400701114,0.8003161371714023,1.003090909,0.028490973
lambda1_start_expansion48_s327_cont320000,LHCb_7:10,central_0p20_0p30,21.75,0.78255295753479,0.8272693821276851,0.0191403677030986,0.38008211400701114,0.7995488707248927,1.003090909,0.028490973
lambda1_start_expansion48_s328_cont240000,LHCb_7:10,central_0p20_0p30,21.75,0.7837511301040649,0.8272693821276851,0.0191403677030986,0.38008211400701114,0.8002916393310924,1.003090909,0.028490973
lambda1_start_expansion48_s329_cont200000,LHCb_7:10,central_0p20_0p30,21.75,0.781377911567688,0.8272693821276851,0.0191403677030986,0.38008211400701114,0.7988204387130222,1.003090909,0.028490973
lambda1_start_expansion48_s330_cont120000,LHCb_7:10,central_0p20_0p30,21.75,0.7799620032310486,0.8272693821276851,0.0191403677030986,0.38008211400701114,0.7979426918102128,1.003090909,0.028490973
lambda1_start_expansion48_s331_cont120000,LHCb_7:10,central_0p20_0p30,21.75,0.7836982011795044,0.8272693821276851,0.0191403677030986,0.38008211400701114,0.8002588277440709,1.003090909,0.028490973
lambda1_start_expansion48_s332_cont120000,LHCb_7:10,central_0p20_0p30,21.75,0.7805873155593872,0.8272693821276851,0.0191403677030986,0.38008211400701114,0.7983303341068818,1.003090909,0.028490973
lambda1_start_expansion48_s333_cont120000,LHCb_7:10,central_0p20_0p30,21.75,0.7759089469909668,0.8272693821276851,0.0191403677030986,0.38008211400701114,0.7954301297540506,1.003090909,0.028490973
lambda1_start_expansion48_s334_cont120000,LHCb_7:10,central_0p20_0p30,21.75,0.7831994295120239,0.8272693821276851,0.0191403677030986,0.38008211400701114,0.7999496302663731,1.003090909,0.028490973
lambda1_start_expansion48_s335_cont120000,LHCb_7:10,central_0p20_0p30,21.75,0.7755053639411926,0.8272693821276851,0.0191403677030986,0.38008211400701114,0.7951799414030121,1.003090909,0.028490973
lambda1_start_expansion48_s336_cont120000,LHCb_7:10,central_0p20_0p30,21.75,0.7834780216217041,0.8272693821276851,0.0191403677030986,0.38008211400701114,0.8001223344980604,1.003090909,0.028490973
lambda1_start_expansion48_s337_cont120000,LHCb_7:10,central_0p20_0p30,21.75,0.7885406017303467,0.8272693821276851,0.0191403677030986,0.38008211400701114,0.8032607184566802,1.003090909,0.028490973
lambda1_start_expansion48_s338_cont120000,LHCb_7:10,central_0p20_0p30,21.75,0.7841213941574097,0.8272693821276851,0.0191403677030986,0.38008211400701114,0.800521172640301,1.003090909,0.028490973
lambda1_start_expansion48_s339_cont120000,LHCb_7:10,central_0p20_0p30,21.75,0.7834593057632446,0.8272693821276851,0.0191403677030986,0.38008211400701114,0.8001107322026497,1.003090909,0.028490973
lambda1_start_expansion48_s340_cont120000,LHCb_7:10,central_0p20_0p30,21.75,0.7830824255943298,0.8272693821276851,0.0191403677030986,0.38008211400701114,0.7998770974450633,1.003090909,0.028490973
lambda1_start_expansion48_s341_cont120000,LHCb_7:10,central_0p20_0p30,21.75,0.7826427221298218,0.8272693821276851,0.0191403677030986,0.38008211400701114,0.7996045174028817,1.003090909,0.028490973
lambda1_start_expansion48_s342_cont120000,LHCb_7:10,central_0p20_0p30,21.75,0.7796461582183838,0.8272693821276851,0.0191403677030986,0.38008211400701114,0.7977468938376602,1.003090909,0.028490973
lambda1_start_expansion48_s343_cont120000,LHCb_7:10,central_0p20_0p30,21.75,0.7831855416297913,0.8272693821276851,0.0191403677030986,0.38008211400701114,0.7999410209197786,1.003090909,0.028490973
lambda1_start_expansion48_s344_cont120000,LHCb_7:10,central_0p20_0p30,21.75,0.7823072075843811,0.8272693821276851,0.0191403677030986,0.38008211400701114,0.7993965259351523,1.003090909,0.028490973
lambda1_start_expansion48_s345_cont120000,LHCb_7:10,central_0p20_0p30,21.75,0.7814782857894897,0.8272693821276851,0.0191403677030986,0.38008211400701114,0.7988826624884097,1.003090909,0.028490973
lambda1_start_expansion48_s346_cont120000,LHCb_7:10,central_0p20_0p30,21.75,0.7842811942100525,0.8272693821276851,0.0191403677030986,0.38008211400701114,0.8006202355511169,1.003090909,0.028490973
lambda1_start_expansion48_s347_cont120000,LHCb_7:10,central_0p20_0p30,21.75,0.7820255160331726,0.8272693821276851,0.0191403677030986,0.38008211400701114,0.799221900304225,1.003090909,0.028490973
lambda1_start_expansion48_s348_cont120000,LHCb_7:10,central_0p20_0p30,21.75,0.7851479649543762,0.8272693821276851,0.0191403677030986,0.38008211400701114,0.8011575622385787,1.003090909,0.028490973
lambda1_start_expansion48_s349_cont160000,LHCb_7:10,central_0p20_0p30,21.75,0.7819802165031433,0.8272693821276851,0.0191403677030986,0.38008211400701114,0.7991938183153328,1.003090909,0.028490973
lambda1_start_expansion48_s350_cont120000,LHCb_7:10,central_0p20_0p30,21.75,0.7843539714813232,0.8272693821276851,0.0191403677030986,0.38008211400701114,0.8006653514832713,1.003090909,0.028490973
lambda1_start_expansion96_s351_cont120000,LHCb_7:10,central_0p20_0p30,21.75,0.7815279364585876,0.8272693821276851,0.0191403677030986,0.38008211400701114,0.7989134418262349,1.003090909,0.028490973
lambda1_start_expansion96_s352_cont120000,LHCb_7:10,central_0p20_0p30,21.75,0.7836578488349915,0.8272693821276851,0.0191403677030986,0.38008211400701114,0.8002338126039655,1.003090909,0.028490973
lambda1_start_expansion96_s353_cont120000,LHCb_7:10,central_0p20_0p30,21.75,0.7819514870643616,0.8272693821276851,0.0191403677030986,0.38008211400701114,0.7991760084223773,1.003090909,0.028490973
lambda1_start_expansion96_s354_cont120000,LHCb_7:10,central_0p20_0p30,21.75,0.7799091339111328,0.8272693821276851,0.0191403677030986,0.38008211400701114,0.7979099171731767,1.003090909,0.028490973
lambda1_start_expansion96_s355_cont120000,LHCb_7:10,central_0p20_0p30,21.75,0.783725380897522,0.8272693821276851,0.0191403677030986,0.38008211400701114,0.8002756769374062,1.003090909,0.028490973
lambda1_start_expansion96_s356_cont120000,LHCb_7:10,central_0p20_0p30,21.75,0.7784995436668396,0.8272693821276851,0.0191403677030986,0.38008211400701114,0.7970360869688182,1.003090909,0.028490973
lambda1_start_expansion96_s357_cont120000,LHCb_7:10,central_0p20_0p30,21.75,0.7759111523628235,0.8272693821276851,0.0191403677030986,0.38008211400701114,0.7954314969035099,1.003090909,0.028490973
lambda1_start_expansion96_s358_cont120000,LHCb_7:10,central_0p20_0p30,21.75,0.7831074595451355,0.8272693821276851,0.0191403677030986,0.38008211400701114,0.7998926164389248,1.003090909,0.028490973
lambda1_start_expansion96_s359_cont120000,LHCb_7:10,central_0p20_0p30,21.75,0.7755353450775146,0.8272693821276851,0.0191403677030986,0.38008211400701114,0.7951985272456604,1.003090909,0.028490973
lambda1_start_expansion96_s360_cont120000,LHCb_7:10,central_0p20_0p30,21.75,0.7834663987159729,0.8272693821276851,0.0191403677030986,0.38008211400701114,0.8001151292509104,1.003090909,0.028490973
lambda1_start_expansion96_s361_cont120000,LHCb_7:10,central_0p20_0p30,21.75,0.7882145643234253,0.8272693821276851,0.0191403677030986,0.38008211400701114,0.803058602036627,1.003090909,0.028490973
lambda1_start_expansion96_s362_cont120000,LHCb_7:10,central_0p20_0p30,21.75,0.7847518920898438,0.8272693821276851,0.0191403677030986,0.38008211400701114,0.8009120295856984,1.003090909,0.028490973
lambda1_start_expansion96_s363_cont120000,LHCb_7:10,central_0p20_0p30,21.75,0.7831404209136963,0.8272693821276851,0.0191403677030986,0.38008211400701114,0.7999130497808424,1.003090909,0.028490973
lambda1_start_expansion96_s364_cont120000,LHCb_7:10,central_0p20_0p30,21.75,0.7817344665527344,0.8272693821276851,0.0191403677030986,0.38008211400701114,0.7990414735255924,1.003090909,0.028490973
lambda1_start_expansion96_s365_cont120000,LHCb_7:10,central_0p20_0p30,21.75,0.7812037467956543,0.8272693821276851,0.0191403677030986,0.38008211400701114,0.7987124708557285,1.003090909,0.028490973
lambda1_start_expansion96_s366_cont120000,LHCb_7:10,central_0p20_0p30,21.75,0.7802730798721313,0.8272693821276851,0.0191403677030986,0.38008211400701114,0.7981355337839346,1.003090909,0.028490973
lambda1_start_expansion96_s367_cont120000,LHCb_7:10,central_0p20_0p30,21.75,0.7837282419204712,0.8272693821276851,0.0191403677030986,0.38008211400701114,0.8002774505367047,1.003090909,0.028490973
lambda1_start_expansion96_s368_cont120000,LHCb_7:10,central_0p20_0p30,21.75,0.7824056148529053,0.8272693821276851,0.0191403677030986,0.38008211400701114,0.7994575303610221,1.003090909,0.028490973
lambda1_start_expansion96_s369_cont120000,LHCb_7:10,central_0p20_0p30,21.75,0.7811670899391174,0.8272693821276851,0.0191403677030986,0.38008211400701114,0.7986897466147171,1.003090909,0.028490973
lambda1_start_expansion96_s370_cont120000,LHCb_7:10,central_0p20_0p30,21.75,0.7844277620315552,0.8272693821276851,0.0191403677030986,0.38008211400701114,0.8007110955651775,1.003090909,0.028490973
lambda1_start_expansion96_s371_cont120000,LHCb_7:10,central_0p20_0p30,21.75,0.7815902233123779,0.8272693821276851,0.0191403677030986,0.38008211400701114,0.7989520545609619,1.003090909,0.028490973
lambda1_start_expansion96_s372_cont120000,LHCb_7:10,central_0p20_0p30,21.75,0.7855234742164612,0.8272693821276851,0.0191403677030986,0.38008211400701114,0.8013903471465011,1.003090909,0.028490973
lambda1_start_expansion96_s373_cont120000,LHCb_7:10,central_0p20_0p30,21.75,0.7815151214599609,0.8272693821276851,0.0191403677030986,0.38008211400701114,0.7989054975793773,1.003090909,0.028490973
lambda1_start_expansion96_s374_cont120000,LHCb_7:10,central_0p20_0p30,21.75,0.782896876335144,0.8272693821276851,0.0191403677030986,0.38008211400701114,0.7997620721405614,1.003090909,0.028490973
lambda1_start_expansion96_s375_cont120000,LHCb_7:10,central_0p20_0p30,21.75,0.7803810834884644,0.8272693821276851,0.0191403677030986,0.38008211400701114,0.7982024871574513,1.003090909,0.028490973
lambda1_start_expansion96_s376_cont120000,LHCb_7:10,central_0p20_0p30,21.75,0.7836044430732727,0.8272693821276851,0.0191403677030986,0.38008211400701114,0.800200705417061,1.003090909,0.028490973
lambda1_start_expansion96_s377_cont120000,LHCb_7:10,central_0p20_0p30,21.75,0.7812908291816711,0.8272693821276851,0.0191403677030986,0.38008211400701114,0.7987664547843754,1.003090909,0.028490973
lambda1_start_expansion96_s378_cont120000,LHCb_7:10,central_0p20_0p30,21.75,0.7811253666877747,0.8272693821276851,0.0191403677030986,0.38008211400701114,0.798663881624948,1.003090909,0.028490973
lambda1_start_expansion96_s379_cont120000,LHCb_7:10,central_0p20_0p30,21.75,0.7836177945137024,0.8272693821276851,0.0191403677030986,0.38008211400701114,0.8002089822137872,1.003090909,0.028490973
lambda1_start_expansion96_s380_cont120000,LHCb_7:10,central_0p20_0p30,21.75,0.7784934043884277,0.8272693821276851,0.0191403677030986,0.38008211400701114,0.7970322811203235,1.003090909,0.028490973
lambda1_start_expansion96_s381_cont120000,LHCb_7:10,central_0p20_0p30,21.75,0.7754805088043213,0.8272693821276851,0.0191403677030986,0.38008211400701114,0.7951645332591066,1.003090909,0.028490973
lambda1_start_expansion96_s382_cont120000,LHCb_7:10,central_0p20_0p30,21.75,0.7834274172782898,0.8272693821276851,0.0191403677030986,0.38008211400701114,0.800090963960469,1.003090909,0.028490973
lambda1_start_expansion96_s383_cont120000,LHCb_7:10,central_0p20_0p30,21.75,0.7755069732666016,0.8272693821276851,0.0191403677030986,0.38008211400701114,0.7951809390526174,1.003090909,0.028490973
lambda1_start_expansion96_s384_cont120000,LHCb_7:10,central_0p20_0p30,21.75,0.7835885882377625,0.8272693821276851,0.0191403677030986,0.38008211400701114,0.8001908767209487,1.003090909,0.028490973
lambda1_start_expansion96_s385_cont120000,LHCb_7:10,central_0p20_0p30,21.75,0.7879559993743896,0.8272693821276851,0.0191403677030986,0.38008211400701114,0.8028983130000289,1.003090909,0.028490973
lambda1_start_expansion96_s386_cont120000,LHCb_7:10,central_0p20_0p30,21.75,0.7852809429168701,0.8272693821276851,0.0191403677030986,0.38008211400701114,0.8012399976559714,1.003090909,0.028490973
lambda1_start_expansion96_s387_cont120000,LHCb_7:10,central_0p20_0p30,21.75,0.783115029335022,0.8272693821276851,0.0191403677030986,0.38008211400701114,0.7998973090870687,1.003090909,0.028490973
lambda1_start_expansion96_s388_cont120000,LHCb_7:10,central_0p20_0p30,21.75,0.7826427817344666,0.8272693821276851,0.0191403677030986,0.38008211400701114,0.7996045543528671,1.003090909,0.028490973
lambda1_start_expansion96_s389_cont120000,LHCb_7:10,central_0p20_0p30,21.75,0.782331645488739,0.8272693821276851,0.0191403677030986,0.38008211400701114,0.7994116754291599,1.003090909,0.028490973
lambda1_start_expansion96_s390_cont120000,LHCb_7:10,central_0p20_0p30,21.75,0.7807048559188843,0.8272693821276851,0.0191403677030986,0.38008211400701114,0.79840319947806,1.003090909,0.028490973
lambda1_start_expansion96_s391_cont120000,LHCb_7:10,central_0p20_0p30,21.75,0.7824119329452515,0.8272693821276851,0.0191403677030986,0.38008211400701114,0.7994614470594729,1.003090909,0.028490973
lambda1_start_expansion96_s392_cont120000,LHCb_7:10,central_0p20_0p30,21.75,0.7825720906257629,0.8272693821276851,0.0191403677030986,0.38008211400701114,0.7995607316702011,1.003090909,0.028490973
lambda1_start_expansion96_s393_cont120000,LHCb_7:10,central_0p20_0p30,21.75,0.7803519368171692,0.8272693821276851,0.0191403677030986,0.38008211400701114,0.7981844186145983,1.003090909,0.028490973
lambda1_start_expansion96_s394_cont120000,LHCb_7:10,central_0p20_0p30,21.75,0.7841026186943054,0.8272693821276851,0.0191403677030986,0.38008211400701114,0.8005095333949048,1.003090909,0.028490973
lambda1_start_expansion96_s395_cont120000,LHCb_7:10,central_0p20_0p30,21.75,0.7820835113525391,0.8272693821276851,0.0191403677030986,0.38008211400701114,0.7992578526400042,1.003090909,0.028490973
lambda1_start_expansion96_s396_cont120000,LHCb_7:10,central_0p20_0p30,21.75,0.7847878336906433,0.8272693821276851,0.0191403677030986,0.38008211400701114,0.8009343104268853,1.003090909,0.028490973
lambda1_start_expansion96_s397_cont120000,LHCb_7:10,central_0p20_0p30,21.75,0.7817310690879822,0.8272693821276851,0.0191403677030986,0.38008211400701114,0.7990393673764254,1.003090909,0.028490973
lambda1_start_expansion96_s398_cont120000,LHCb_7:10,central_0p20_0p30,21.75,0.7814728021621704,0.8272693821276851,0.0191403677030986,0.38008211400701114,0.7988792630897543,1.003090909,0.028490973
exactbaseline_matched_reference_distance_b0p1_2p0_lam1e00_s303,LHCb_7:10,late_0p22_0p32,21.75,0.7782902121543884,0.8272693821276851,0.0191403677030986,0.14677978825954124,0.785479364352197,1.003090909,0.028490973
exactbaseline_matched_reference_distance_b0p1_2p0_lam1e00_s304,LHCb_7:10,late_0p22_0p32,21.75,0.7824416160583496,0.8272693821276851,0.0191403677030986,0.14677978825954124,0.789021426070155,1.003090909,0.028490973
exactbaseline_matched_reference_distance_b0p1_2p0_lam1e00_s305,LHCb_7:10,late_0p22_0p32,21.75,0.7783990502357483,0.8272693821276851,0.0191403677030986,0.14677978825954124,0.7855722272030203,1.003090909,0.028490973
exactbaseline_matched_reference_distance_b0p1_2p0_lam1e00_s306,LHCb_7:10,late_0p22_0p32,21.75,0.7742655277252197,0.8272693821276851,0.0191403677030986,0.14677978825954124,0.7820454222513532,1.003090909,0.028490973
exactbaseline_matched_reference_distance_b0p1_2p0_lam1e00_s307,LHCb_7:10,late_0p22_0p32,21.75,0.7843670845031738,0.8272693821276851,0.0191403677030986,0.14677978825954124,0.7906642746643474,1.003090909,0.028490973
exactbaseline_matched_reference_distance_b0p1_2p0_lam1e00_s308,LHCb_7:10,late_0p22_0p32,21.75,0.7760269045829773,0.8272693821276851,0.0191403677030986,0.14677978825954124,0.7835482645868839,1.003090909,0.028490973
exactbaseline_matched_reference_distance_b0p1_2p0_lam1e00_s309,LHCb_7:10,late_0p22_0p32,21.75,0.7764087319374084,0.8272693821276851,0.0191403677030986,0.14677978825954124,0.7838740474030799,1.003090909,0.028490973
exactbaseline_matched_reference_distance_b0p1_2p0_lam1e00_s310,LHCb_7:10,late_0p22_0p32,21.75,0.7809591293334961,0.8272693821276851,0.0191403677030986,0.14677978825954124,0.7877565384328731,1.003090909,0.028490973
exactbaseline_matched_reference_distance_b0p1_2p0_lam1e00_s311,LHCb_7:10,late_0p22_0p32,21.75,0.77447509765625,0.8272693821276851,0.0191403677030986,0.14677978825954124,0.7822242315522813,1.003090909,0.028490973
exactbaseline_matched_reference_distance_b0p1_2p0_lam1e00_s312,LHCb_7:10,late_0p22_0p32,21.75,0.7781038284301758,0.8272693821276851,0.0191403677030986,0.14677978825954124,0.7853203379915593,1.003090909,0.028490973
exactbaseline_matched_reference_distance_b0p1_2p0_lam1e00_s313,LHCb_7:10,late_0p22_0p32,21.75,0.7816910147666931,0.8272693821276851,0.0191403677030986,0.14677978825954124,0.7883809978771552,1.003090909,0.028490973
exactbaseline_matched_reference_distance_b0p1_2p0_lam1e00_s314,LHCb_7:10,late_0p22_0p32,21.75,0.7786951661109924,0.8272693821276851,0.0191403677030986,0.14677978825954124,0.7858248792527959,1.003090909,0.028490973
exactbaseline_matched_reference_distance_b0p1_2p0_lam1e00_s315,LHCb_7:10,late_0p22_0p32,21.75,0.7802796363830566,0.8272693821276851,0.0191403677030986,0.14677978825954124,0.787176781313823,1.003090909,0.028490973
exactbaseline_matched_reference_distance_b0p1_2p0_lam1e00_s316,LHCb_7:10,late_0p22_0p32,21.75,0.778334379196167,0.8272693821276851,0.0191403677030986,0.14677978825954124,0.7855170485649353,1.003090909,0.028490973
exactbaseline_matched_reference_distance_b0p1_2p0_lam1e00_s317,LHCb_7:10,late_0p22_0p32,21.75,0.7799738049507141,0.8272693821276851,0.0191403677030986,0.14677978825954124,0.7869158397543627,1.003090909,0.028490973
exactbaseline_matched_reference_distance_b0p1_2p0_lam1e00_s318,LHCb_7:10,late_0p22_0p32,21.75,0.7792174816131592,0.8272693821276851,0.0191403677030986,0.14677978825954124,0.7862705293961499,1.003090909,0.028490973
exactbaseline_matched_reference_distance_b0p1_2p0_lam1e00_s319,LHCb_7:10,late_0p22_0p32,21.75,0.7826938033103943,0.8272693821276851,0.0191403677030986,0.14677978825954124,0.7892365973307428,1.003090909,0.028490973
exactbaseline_matched_reference_distance_b0p1_2p0_lam1e00_s320,LHCb_7:10,late_0p22_0p32,21.75,0.7779152393341064,0.8272693821276851,0.0191403677030986,0.14677978825954124,0.7851594299630791,1.003090909,0.028490973
exactbaseline_matched_reference_distance_b0p1_2p0_lam1e00_s321,LHCb_7:10,late_0p22_0p32,21.75,0.7780917882919312,0.8272693821276851,0.0191403677030986,0.14677978825954124,0.7853100651022569,1.003090909,0.028490973
exactbaseline_matched_reference_distance_b0p1_2p0_lam1e00_s322,LHCb_7:10,late_0p22_0p32,21.75,0.7781652212142944,0.8272693821276851,0.0191403677030986,0.14677978825954124,0.7853727195558244,1.003090909,0.028490973
exactbaseline_matched_reference_distance_b0p1_2p0_lam1e00_s323,LHCb_7:10,late_0p22_0p32,21.75,0.7785296440124512,0.8272693821276851,0.0191403677030986,0.14677978825954124,0.7856836524528308,1.003090909,0.028490973
exactbaseline_matched_reference_distance_b0p1_2p0_lam1e00_s324,LHCb_7:10,late_0p22_0p32,21.75,0.7793025970458984,0.8272693821276851,0.0191403677030986,0.14677978825954124,0.7863431516036941,1.003090909,0.028490973
exactbaseline_matched_reference_distance_b0p1_2p0_lam1e00_s325,LHCb_7:10,late_0p22_0p32,21.75,0.7740185856819153,0.8272693821276851,0.0191403677030986,0.14677978825954124,0.7818347263088774,1.003090909,0.028490973
exactbaseline_matched_reference_distance_b0p1_2p0_lam1e00_s326,LHCb_7:10,late_0p22_0p32,21.75,0.783790647983551,0.8272693821276851,0.0191403677030986,0.14677978825954124,0.79017244737502,1.003090909,0.028490973
lambda1_start_expansion48_s327_cont320000,LHCb_7:10,late_0p22_0p32,21.75,0.78255295753479,0.8272693821276851,0.0191403677030986,0.14677978825954124,0.789116424868259,1.003090909,0.028490973
lambda1_start_expansion48_s328_cont240000,LHCb_7:10,late_0p22_0p32,21.75,0.7837511301040649,0.8272693821276851,0.0191403677030986,0.14677978825954124,0.7901387299215173,1.003090909,0.028490973
lambda1_start_expansion48_s329_cont200000,LHCb_7:10,late_0p22_0p32,21.75,0.781377911567688,0.8272693821276851,0.0191403677030986,0.14677978825954124,0.7881138518994034,1.003090909,0.028490973
lambda1_start_expansion48_s330_cont120000,LHCb_7:10,late_0p22_0p32,21.75,0.7799620032310486,0.8272693821276851,0.0191403677030986,0.14677978825954124,0.7869057702886109,1.003090909,0.028490973
lambda1_start_expansion48_s331_cont120000,LHCb_7:10,late_0p22_0p32,21.75,0.7836982011795044,0.8272693821276851,0.0191403677030986,0.14677978825954124,0.7900935698932966,1.003090909,0.028490973
lambda1_start_expansion48_s332_cont120000,LHCb_7:10,late_0p22_0p32,21.75,0.7805873155593872,0.8272693821276851,0.0191403677030986,0.14677978825954124,0.7874392994057998,1.003090909,0.028490973
lambda1_start_expansion48_s333_cont120000,LHCb_7:10,late_0p22_0p32,21.75,0.7759089469909668,0.8272693821276851,0.0191403677030986,0.14677978825954124,0.7834476207852522,1.003090909,0.028490973
lambda1_start_expansion48_s334_cont120000,LHCb_7:10,late_0p22_0p32,21.75,0.7831994295120239,0.8272693821276851,0.0191403677030986,0.14677978825954124,0.7896680078255588,1.003090909,0.028490973
lambda1_start_expansion48_s335_cont120000,LHCb_7:10,late_0p22_0p32,21.75,0.7755053639411926,0.8272693821276851,0.0191403677030986,0.14677978825954124,0.7831032755700691,1.003090909,0.028490973
lambda1_start_expansion48_s336_cont120000,LHCb_7:10,late_0p22_0p32,21.75,0.7834780216217041,0.8272693821276851,0.0191403677030986,0.14677978825954124,0.7899057082443692,1.003090909,0.028490973
lambda1_start_expansion48_s337_cont120000,LHCb_7:10,late_0p22_0p32,21.75,0.7885406017303467,0.8272693821276851,0.0191403677030986,0.14677978825954124,0.7942252039166183,1.003090909,0.028490973
lambda1_start_expansion48_s338_cont120000,LHCb_7:10,late_0p22_0p32,21.75,0.7841213941574097,0.8272693821276851,0.0191403677030986,0.14677978825954124,0.790454646695512,1.003090909,0.028490973
lambda1_start_expansion48_s339_cont120000,LHCb_7:10,late_0p22_0p32,21.75,0.7834593057632446,0.8272693821276851,0.0191403677030986,0.14677978825954124,0.7898897394956516,1.003090909,0.028490973
lambda1_start_expansion48_s340_cont120000,LHCb_7:10,late_0p22_0p32,21.75,0.7830824255943298,0.8272693821276851,0.0191403677030986,0.14677978825954124,0.7895681777181294,1.003090909,0.028490973
lambda1_start_expansion48_s341_cont120000,LHCb_7:10,late_0p22_0p32,21.75,0.7826427221298218,0.8272693821276851,0.0191403677030986,0.14677978825954124,0.7891930138350387,1.003090909,0.028490973
lambda1_start_expansion48_s342_cont120000,LHCb_7:10,late_0p22_0p32,21.75,0.7796461582183838,0.8272693821276851,0.0191403677030986,0.14677978825954124,0.7866362849400278,1.003090909,0.028490973
lambda1_start_expansion48_s343_cont120000,LHCb_7:10,late_0p22_0p32,21.75,0.7831855416297913,0.8272693821276851,0.0191403677030986,0.14677978825954124,0.7896561584037396,1.003090909,0.028490973
lambda1_start_expansion48_s344_cont120000,LHCb_7:10,late_0p22_0p32,21.75,0.7823072075843811,0.8272693821276851,0.0191403677030986,0.14677978825954124,0.7889067460435358,1.003090909,0.028490973
lambda1_start_expansion48_s345_cont120000,LHCb_7:10,late_0p22_0p32,21.75,0.7814782857894897,0.8272693821276851,0.0191403677030986,0.14677978825954124,0.7881994932141824,1.003090909,0.028490973
lambda1_start_expansion48_s346_cont120000,LHCb_7:10,late_0p22_0p32,21.75,0.7842811942100525,0.8272693821276851,0.0191403677030986,0.14677978825954124,0.790590991330264,1.003090909,0.028490973
lambda1_start_expansion48_s347_cont120000,LHCb_7:10,late_0p22_0p32,21.75,0.7820255160331726,0.8272693821276851,0.0191403677030986,0.14677978825954124,0.7886664011185682,1.003090909,0.028490973
lambda1_start_expansion48_s348_cont120000,LHCb_7:10,late_0p22_0p32,21.75,0.7851479649543762,0.8272693821276851,0.0191403677030986,0.14677978825954124,0.7913305376482663,1.003090909,0.028490973
lambda1_start_expansion48_s349_cont160000,LHCb_7:10,late_0p22_0p32,21.75,0.7819802165031433,0.8272693821276851,0.0191403677030986,0.14677978825954124,0.788627750643965,1.003090909,0.028490973
lambda1_start_expansion48_s350_cont120000,LHCb_7:10,late_0p22_0p32,21.75,0.7843539714813232,0.8272693821276851,0.0191403677030986,0.14677978825954124,0.7906530863690675,1.003090909,0.028490973
lambda1_start_expansion96_s351_cont120000,LHCb_7:10,late_0p22_0p32,21.75,0.7815279364585876,0.8272693821276851,0.0191403677030986,0.14677978825954124,0.7882418561685831,1.003090909,0.028490973
lambda1_start_expansion96_s352_cont120000,LHCb_7:10,late_0p22_0p32,21.75,0.7836578488349915,0.8272693821276851,0.0191403677030986,0.14677978825954124,0.790059140457367,1.003090909,0.028490973
lambda1_start_expansion96_s353_cont120000,LHCb_7:10,late_0p22_0p32,21.75,0.7819514870643616,0.8272693821276851,0.0191403677030986,0.14677978825954124,0.7886032381061243,1.003090909,0.028490973
lambda1_start_expansion96_s354_cont120000,LHCb_7:10,late_0p22_0p32,21.75,0.7799091339111328,0.8272693821276851,0.0191403677030986,0.14677978825954124,0.7868606611162777,1.003090909,0.028490973
lambda1_start_expansion96_s355_cont120000,LHCb_7:10,late_0p22_0p32,21.75,0.783725380897522,0.8272693821276851,0.0191403677030986,0.14677978825954124,0.7901167601780585,1.003090909,0.028490973
lambda1_start_expansion96_s356_cont120000,LHCb_7:10,late_0p22_0p32,21.75,0.7784995436668396,0.8272693821276851,0.0191403677030986,0.14677978825954124,0.7856579702295746,1.003090909,0.028490973
lambda1_start_expansion96_s357_cont120000,LHCb_7:10,late_0p22_0p32,21.75,0.7759111523628235,0.8272693821276851,0.0191403677030986,0.14677978825954124,0.7834495024530947,1.003090909,0.028490973
lambda1_start_expansion96_s358_cont120000,LHCb_7:10,late_0p22_0p32,21.75,0.7831074595451355,0.8272693821276851,0.0191403677030986,0.14677978825954124,0.7895895371909364,1.003090909,0.028490973
lambda1_start_expansion96_s359_cont120000,LHCb_7:10,late_0p22_0p32,21.75,0.7755353450775146,0.8272693821276851,0.0191403677030986,0.14677978825954124,0.78312885608155,1.003090909,0.028490973
lambda1_start_expansion96_s360_cont120000,LHCb_7:10,late_0p22_0p32,21.75,0.7834663987159729,0.8272693821276851,0.0191403677030986,0.14677978825954124,0.7898957913462803,1.003090909,0.028490973
lambda1_start_expansion96_s361_cont120000,LHCb_7:10,late_0p22_0p32,21.75,0.7882145643234253,0.8272693821276851,0.0191403677030986,0.14677978825954124,0.7939470222112496,1.003090909,0.028490973
lambda1_start_expansion96_s362_cont120000,LHCb_7:10,late_0p22_0p32,21.75,0.7847518920898438,0.8272693821276851,0.0191403677030986,0.14677978825954124,0.7909926002749254,1.003090909,0.028490973
lambda1_start_expansion96_s363_cont120000,LHCb_7:10,late_0p22_0p32,21.75,0.7831404209136963,0.8272693821276851,0.0191403677030986,0.14677978825954124,0.7896176604967992,1.003090909,0.028490973
lambda1_start_expansion96_s364_cont120000,LHCb_7:10,late_0p22_0p32,21.75,0.7817344665527344,0.8272693821276851,0.0191403677030986,0.14677978825954124,0.7884180718192417,1.003090909,0.028490973
lambda1_start_expansion96_s365_cont120000,LHCb_7:10,late_0p22_0p32,21.75,0.7812037467956543,0.8272693821276851,0.0191403677030986,0.14677978825954124,0.7879652509957311,1.003090909,0.028490973
lambda1_start_expansion96_s366_cont120000,LHCb_7:10,late_0p22_0p32,21.75,0.7802730798721313,0.8272693821276851,0.0191403677030986,0.14677978825954124,0.787171187166183,1.003090909,0.028490973
lambda1_start_expansion96_s367_cont120000,LHCb_7:10,late_0p22_0p32,21.75,0.7837282419204712,0.8272693821276851,0.0191403677030986,0.14677978825954124,0.7901192012606651,1.003090909,0.028490973
lambda1_start_expansion96_s368_cont120000,LHCb_7:10,late_0p22_0p32,21.75,0.7824056148529053,0.8272693821276851,0.0191403677030986,0.14677978825954124,0.7889907091140228,1.003090909,0.028490973
lambda1_start_expansion96_s369_cont120000,LHCb_7:10,late_0p22_0p32,21.75,0.7811670899391174,0.8272693821276851,0.0191403677030986,0.14677978825954124,0.7879339746248349,1.003090909,0.028490973
lambda1_start_expansion96_s370_cont120000,LHCb_7:10,late_0p22_0p32,21.75,0.7844277620315552,0.8272693821276851,0.0191403677030986,0.14677978825954124,0.7907160459579609,1.003090909,0.028490973
lambda1_start_expansion96_s371_cont120000,LHCb_7:10,late_0p22_0p32,21.75,0.7815902233123779,0.8272693821276851,0.0191403677030986,0.14677978825954124,0.7882950005711628,1.003090909,0.028490973
lambda1_start_expansion96_s372_cont120000,LHCb_7:10,late_0p22_0p32,21.75,0.7855234742164612,0.8272693821276851,0.0191403677030986,0.14677978825954124,0.791650929740373,1.003090909,0.028490973
lambda1_start_expansion96_s373_cont120000,LHCb_7:10,late_0p22_0p32,21.75,0.7815151214599609,0.8272693821276851,0.0191403677030986,0.14677978825954124,0.7882309221527414,1.003090909,0.028490973
lambda1_start_expansion96_s374_cont120000,LHCb_7:10,late_0p22_0p32,21.75,0.782896876335144,0.8272693821276851,0.0191403677030986,0.14677978825954124,0.7894098633399186,1.003090909,0.028490973
lambda1_start_expansion96_s375_cont120000,LHCb_7:10,late_0p22_0p32,21.75,0.7803810834884644,0.8272693821276851,0.0191403677030986,0.14677978825954124,0.7872633380345794,1.003090909,0.028490973
lambda1_start_expansion96_s376_cont120000,LHCb_7:10,late_0p22_0p32,21.75,0.7836044430732727,0.8272693821276851,0.0191403677030986,0.14677978825954124,0.7900135735820452,1.003090909,0.028490973
lambda1_start_expansion96_s377_cont120000,LHCb_7:10,late_0p22_0p32,21.75,0.7812908291816711,0.8272693821276851,0.0191403677030986,0.14677978825954124,0.7880395514475672,1.003090909,0.028490973
lambda1_start_expansion96_s378_cont120000,LHCb_7:10,late_0p22_0p32,21.75,0.7811253666877747,0.8272693821276851,0.0191403677030986,0.14677978825954124,0.7878983755034897,1.003090909,0.028490973
lambda1_start_expansion96_s379_cont120000,LHCb_7:10,late_0p22_0p32,21.75,0.7836177945137024,0.8272693821276851,0.0191403677030986,0.14677978825954124,0.7900249653008756,1.003090909,0.028490973
lambda1_start_expansion96_s380_cont120000,LHCb_7:10,late_0p22_0p32,21.75,0.7784934043884277,0.8272693821276851,0.0191403677030986,0.14677978825954124,0.7856527320731481,1.003090909,0.028490973
lambda1_start_expansion96_s381_cont120000,LHCb_7:10,late_0p22_0p32,21.75,0.7754805088043213,0.8272693821276851,0.0191403677030986,0.14677978825954124,0.7830820686649249,1.003090909,0.028490973
lambda1_start_expansion96_s382_cont120000,LHCb_7:10,late_0p22_0p32,21.75,0.7834274172782898,0.8272693821276851,0.0191403677030986,0.14677978825954124,0.7898625315957664,1.003090909,0.028490973
lambda1_start_expansion96_s383_cont120000,LHCb_7:10,late_0p22_0p32,21.75,0.7755069732666016,0.8272693821276851,0.0191403677030986,0.14677978825954124,0.7831046486790353,1.003090909,0.028490973
lambda1_start_expansion96_s384_cont120000,LHCb_7:10,late_0p22_0p32,21.75,0.7835885882377625,0.8272693821276851,0.0191403677030986,0.14677978825954124,0.790000045915934,1.003090909,0.028490973
lambda1_start_expansion96_s385_cont120000,LHCb_7:10,late_0p22_0p32,21.75,0.7879559993743896,0.8272693821276851,0.0191403677030986,0.14677978825954124,0.7937264093706847,1.003090909,0.028490973
lambda1_start_expansion96_s386_cont120000,LHCb_7:10,late_0p22_0p32,21.75,0.7852809429168701,0.8272693821276851,0.0191403677030986,0.14677978825954124,0.7914439971335823,1.003090909,0.028490973
lambda1_start_expansion96_s387_cont120000,LHCb_7:10,late_0p22_0p32,21.75,0.783115029335022,0.8272693821276851,0.0191403677030986,0.14677978825954124,0.7895959958886662,1.003090909,0.028490973
lambda1_start_expansion96_s388_cont120000,LHCb_7:10,late_0p22_0p32,21.75,0.7826427817344666,0.8272693821276851,0.0191403677030986,0.14677978825954124,0.7891930646909264,1.003090909,0.028490973
lambda1_start_expansion96_s389_cont120000,LHCb_7:10,late_0p22_0p32,21.75,0.782331645488739,0.8272693821276851,0.0191403677030986,0.14677978825954124,0.7889275969574666,1.003090909,0.028490973
lambda1_start_expansion96_s390_cont120000,LHCb_7:10,late_0p22_0p32,21.75,0.7807048559188843,0.8272693821276851,0.0191403677030986,0.14677978825954124,0.787539587216218,1.003090909,0.028490973
lambda1_start_expansion96_s391_cont120000,LHCb_7:10,late_0p22_0p32,21.75,0.7824119329452515,0.8272693821276851,0.0191403677030986,0.14677978825954124,0.7889960998381123,1.003090909,0.028490973
lambda1_start_expansion96_s392_cont120000,LHCb_7:10,late_0p22_0p32,21.75,0.7825720906257629,0.8272693821276851,0.0191403677030986,0.14677978825954124,0.7891327496081901,1.003090909,0.028490973
lambda1_start_expansion96_s393_cont120000,LHCb_7:10,late_0p22_0p32,21.75,0.7803519368171692,0.8272693821276851,0.0191403677030986,0.14677978825954124,0.7872384695055253,1.003090909,0.028490973
lambda1_start_expansion96_s394_cont120000,LHCb_7:10,late_0p22_0p32,21.75,0.7841026186943054,0.8272693821276851,0.0191403677030986,0.14677978825954124,0.7904386270909066,1.003090909,0.028490973
lambda1_start_expansion96_s395_cont120000,LHCb_7:10,late_0p22_0p32,21.75,0.7820835113525391,0.8272693821276851,0.0191403677030986,0.14677978825954124,0.788715883897238,1.003090909,0.028490973
lambda1_start_expansion96_s396_cont120000,LHCb_7:10,late_0p22_0p32,21.75,0.7847878336906433,0.8272693821276851,0.0191403677030986,0.14677978825954124,0.7910232663751698,1.003090909,0.028490973
lambda1_start_expansion96_s397_cont120000,LHCb_7:10,late_0p22_0p32,21.75,0.7817310690879822,0.8272693821276851,0.0191403677030986,0.14677978825954124,0.7884151730336465,1.003090909,0.028490973
lambda1_start_expansion96_s398_cont120000,LHCb_7:10,late_0p22_0p32,21.75,0.7814728021621704,0.8272693821276851,0.0191403677030986,0.14677978825954124,0.7881948144725198,1.003090909,0.028490973
exactbaseline_matched_reference_distance_b0p1_2p0_lam1e00_s303,LHCb_7:11,early_0p18_0p28,29.25,0.445834755897522,0.4711770335688618,0.0042586250126464,0.9999211686779653,0.4711750358036096,0.575263158,0.016701386
exactbaseline_matched_reference_distance_b0p1_2p0_lam1e00_s304,LHCb_7:11,early_0p18_0p28,29.25,0.4474233388900757,0.4711770335688618,0.0042586250126464,0.9999211686779653,0.47117516103370705,0.575263158,0.016701386
exactbaseline_matched_reference_distance_b0p1_2p0_lam1e00_s305,LHCb_7:11,early_0p18_0p28,29.25,0.44585931301116943,0.4711770335688618,0.0042586250126464,0.9999211686779653,0.47117503773947933,0.575263158,0.016701386
exactbaseline_matched_reference_distance_b0p1_2p0_lam1e00_s306,LHCb_7:11,early_0p18_0p28,29.25,0.44421327114105225,0.4711770335688618,0.0042586250126464,0.9999211686779653,0.4711749079798226,0.575263158,0.016701386
exactbaseline_matched_reference_distance_b0p1_2p0_lam1e00_s307,LHCb_7:11,early_0p18_0p28,29.25,0.44814205169677734,0.4711770335688618,0.0042586250126464,0.9999211686779653,0.4711752176907878,0.575263158,0.016701386
exactbaseline_matched_reference_distance_b0p1_2p0_lam1e00_s308,LHCb_7:11,early_0p18_0p28,29.25,0.4450463056564331,0.4711770335688618,0.0042586250126464,0.9999211686779653,0.47117497364903477,0.575263158,0.016701386
exactbaseline_matched_reference_distance_b0p1_2p0_lam1e00_s309,LHCb_7:11,early_0p18_0p28,29.25,0.44492578506469727,0.4711770335688618,0.0042586250126464,0.9999211686779653,0.4711749641482372,0.575263158,0.016701386
exactbaseline_matched_reference_distance_b0p1_2p0_lam1e00_s310,LHCb_7:11,early_0p18_0p28,29.25,0.44667792320251465,0.4711770335688618,0.0042586250126464,0.9999211686779653,0.471175102271603,0.575263158,0.016701386
exactbaseline_matched_reference_distance_b0p1_2p0_lam1e00_s311,LHCb_7:11,early_0p18_0p28,29.25,0.4442540407180786,0.4711770335688618,0.0042586250126464,0.9999211686779653,0.4711749111937423,0.575263158,0.016701386
exactbaseline_matched_reference_distance_b0p1_2p0_lam1e00_s312,LHCb_7:11,early_0p18_0p28,29.25,0.44576966762542725,0.4711770335688618,0.0042586250126464,0.9999211686779653,0.47117503067261507,0.575263158,0.016701386
exactbaseline_matched_reference_distance_b0p1_2p0_lam1e00_s313,LHCb_7:11,early_0p18_0p28,29.25,0.4471818208694458,0.4711770335688618,0.0042586250126464,0.9999211686779653,0.4711751419945222,0.575263158,0.016701386
exactbaseline_matched_reference_distance_b0p1_2p0_lam1e00_s314,LHCb_7:11,early_0p18_0p28,29.25,0.4460228681564331,0.4711770335688618,0.0042586250126464,0.9999211686779653,0.47117505063274767,0.575263158,0.016701386
exactbaseline_matched_reference_distance_b0p1_2p0_lam1e00_s315,LHCb_7:11,early_0p18_0p28,29.25,0.44648849964141846,0.4711770335688618,0.0042586250126464,0.9999211686779653,0.4711750873390932,0.575263158,0.016701386
exactbaseline_matched_reference_distance_b0p1_2p0_lam1e00_s316,LHCb_7:11,early_0p18_0p28,29.25,0.4458503723144531,0.4711770335688618,0.0042586250126464,0.9999211686779653,0.4711750370346724,0.575263158,0.016701386
exactbaseline_matched_reference_distance_b0p1_2p0_lam1e00_s317,LHCb_7:11,early_0p18_0p28,29.25,0.44644641876220703,0.4711770335688618,0.0042586250126464,0.9999211686779653,0.47117508402180186,0.575263158,0.016701386
exactbaseline_matched_reference_distance_b0p1_2p0_lam1e00_s318,LHCb_7:11,early_0p18_0p28,29.25,0.44615745544433594,0.4711770335688618,0.0042586250126464,0.9999211686779653,0.4711750612424415,0.575263158,0.016701386
exactbaseline_matched_reference_distance_b0p1_2p0_lam1e00_s319,LHCb_7:11,early_0p18_0p28,29.25,0.44731760025024414,0.4711770335688618,0.0042586250126464,0.9999211686779653,0.4711751526981903,0.575263158,0.016701386
exactbaseline_matched_reference_distance_b0p1_2p0_lam1e00_s320,LHCb_7:11,early_0p18_0p28,29.25,0.4457848072052002,0.4711770335688618,0.0042586250126464,0.9999211686779653,0.47117503186608817,0.575263158,0.016701386
exactbaseline_matched_reference_distance_b0p1_2p0_lam1e00_s321,LHCb_7:11,early_0p18_0p28,29.25,0.445709228515625,0.4711770335688618,0.0042586250126464,0.9999211686779653,0.47117502590812016,0.575263158,0.016701386
exactbaseline_matched_reference_distance_b0p1_2p0_lam1e00_s322,LHCb_7:11,early_0p18_0p28,29.25,0.44588661193847656,0.4711770335688618,0.0042586250126464,0.9999211686779653,0.47117503989148984,0.575263158,0.016701386
exactbaseline_matched_reference_distance_b0p1_2p0_lam1e00_s323,LHCb_7:11,early_0p18_0p28,29.25,0.44592738151550293,0.4711770335688618,0.0042586250126464,0.9999211686779653,0.47117504310540953,0.575263158,0.016701386
exactbaseline_matched_reference_distance_b0p1_2p0_lam1e00_s324,LHCb_7:11,early_0p18_0p28,29.25,0.4461320638656616,0.4711770335688618,0.0042586250126464,0.9999211686779653,0.4711750592407898,0.575263158,0.016701386
exactbaseline_matched_reference_distance_b0p1_2p0_lam1e00_s325,LHCb_7:11,early_0p18_0p28,29.25,0.4441624879837036,0.4711770335688618,0.0042586250126464,0.9999211686779653,0.4711749039765192,0.575263158,0.016701386
exactbaseline_matched_reference_distance_b0p1_2p0_lam1e00_s326,LHCb_7:11,early_0p18_0p28,29.25,0.4476369619369507,0.4711770335688618,0.0042586250126464,0.9999211686779653,0.4711751778738943,0.575263158,0.016701386
lambda1_start_expansion48_s327_cont320000,LHCb_7:11,early_0p18_0p28,29.25,0.44747650623321533,0.4711770335688618,0.0042586250126464,0.9999211686779653,0.471175165224959,0.575263158,0.016701386
lambda1_start_expansion48_s328_cont240000,LHCb_7:11,early_0p18_0p28,29.25,0.4479489326477051,0.4711770335688618,0.0042586250126464,0.9999211686779653,0.4711752024669578,0.575263158,0.016701386
lambda1_start_expansion48_s329_cont200000,LHCb_7:11,early_0p18_0p28,29.25,0.4470939636230469,0.4711770335688618,0.0042586250126464,0.9999211686779653,0.4711751350686193,0.575263158,0.016701386
lambda1_start_expansion48_s330_cont120000,LHCb_7:11,early_0p18_0p28,29.25,0.44657599925994873,0.4711770335688618,0.0042586250126464,0.9999211686779653,0.4711750942368038,0.575263158,0.016701386
lambda1_start_expansion48_s331_cont120000,LHCb_7:11,early_0p18_0p28,29.25,0.44798314571380615,0.4711770335688618,0.0042586250126464,0.9999211686779653,0.47117520516401906,0.575263158,0.016701386
lambda1_start_expansion48_s332_cont120000,LHCb_7:11,early_0p18_0p28,29.25,0.4467315673828125,0.4711770335688618,0.0042586250126464,0.9999211686779653,0.4711751065004446,0.575263158,0.016701386
lambda1_start_expansion48_s333_cont120000,LHCb_7:11,early_0p18_0p28,29.25,0.44478416442871094,0.4711770335688618,0.0042586250126464,0.9999211686779653,0.4711749529840952,0.575263158,0.016701386
lambda1_start_expansion48_s334_cont120000,LHCb_7:11,early_0p18_0p28,29.25,0.4476872682571411,0.4711770335688618,0.0042586250126464,0.9999211686779653,0.471175181839608,0.575263158,0.016701386
lambda1_start_expansion48_s335_cont120000,LHCb_7:11,early_0p18_0p28,29.25,0.4446268081665039,0.4711770335688618,0.0042586250126464,0.9999211686779653,0.471174940579493,0.575263158,0.016701386
lambda1_start_expansion48_s336_cont120000,LHCb_7:11,early_0p18_0p28,29.25,0.4478168487548828,0.4711770335688618,0.0042586250126464,0.9999211686779653,0.47117519205460995,0.575263158,0.016701386
lambda1_start_expansion48_s337_cont120000,LHCb_7:11,early_0p18_0p28,29.25,0.4495570659637451,0.4711770335688618,0.0042586250126464,0.9999211686779653,0.47117532923823313,0.575263158,0.016701386
lambda1_start_expansion48_s338_cont120000,LHCb_7:11,early_0p18_0p28,29.25,0.448012113571167,0.4711770335688618,0.0042586250126464,0.9999211686779653,0.47117520744759356,0.575263158,0.016701386
lambda1_start_expansion48_s339_cont120000,LHCb_7:11,early_0p18_0p28,29.25,0.44769883155822754,0.4711770335688618,0.0042586250126464,0.9999211686779653,0.47117518275115833,0.575263158,0.016701386
lambda1_start_expansion48_s340_cont120000,LHCb_7:11,early_0p18_0p28,29.25,0.44762659072875977,0.4711770335688618,0.0042586250126464,0.9999211686779653,0.47117517705631823,0.575263158,0.016701386
lambda1_start_expansion48_s341_cont120000,LHCb_7:11,early_0p18_0p28,29.25,0.4475499391555786,0.4711770335688618,0.0042586250126464,0.9999211686779653,0.4711751710137734,0.575263158,0.016701386
lambda1_start_expansion48_s342_cont120000,LHCb_7:11,early_0p18_0p28,29.25,0.4465329647064209,0.4711770335688618,0.0042586250126464,0.9999211686779653,0.47117509084433307,0.575263158,0.016701386
lambda1_start_expansion48_s343_cont120000,LHCb_7:11,early_0p18_0p28,29.25,0.4476814270019531,0.4711770335688618,0.0042586250126464,0.9999211686779653,0.4711751813791341,0.575263158,0.016701386
lambda1_start_expansion48_s344_cont120000,LHCb_7:11,early_0p18_0p28,29.25,0.44746291637420654,0.4711770335688618,0.0042586250126464,0.9999211686779653,0.47117516415365246,0.575263158,0.016701386
lambda1_start_expansion48_s345_cont120000,LHCb_7:11,early_0p18_0p28,29.25,0.4470505714416504,0.4711770335688618,0.0042586250126464,0.9999211686779653,0.4711751316479563,0.575263158,0.016701386
lambda1_start_expansion48_s346_cont120000,LHCb_7:11,early_0p18_0p28,29.25,0.4480893611907959,0.4711770335688618,0.0042586250126464,0.9999211686779653,0.47117521353712555,0.575263158,0.016701386
lambda1_start_expansion48_s347_cont120000,LHCb_7:11,early_0p18_0p28,29.25,0.4472759962081909,0.4711770335688618,0.0042586250126464,0.9999211686779653,0.47117514941848865,0.575263158,0.016701386
lambda1_start_expansion48_s348_cont120000,LHCb_7:11,early_0p18_0p28,29.25,0.4483429193496704,0.4711770335688618,0.0042586250126464,0.9999211686779653,0.47117523352545043,0.575263158,0.016701386
lambda1_start_expansion48_s349_cont160000,LHCb_7:11,early_0p18_0p28,29.25,0.447301983833313,0.4711770335688618,0.0042586250126464,0.9999211686779653,0.4711751514671275,0.575263158,0.016701386
lambda1_start_expansion48_s350_cont120000,LHCb_7:11,early_0p18_0p28,29.25,0.4481074810028076,0.4711770335688618,0.0042586250126464,0.9999211686779653,0.4711752149655343,0.575263158,0.016701386
lambda1_start_expansion96_s351_cont120000,LHCb_7:11,early_0p18_0p28,29.25,0.44715094566345215,0.4711770335688618,0.0042586250126464,0.9999211686779653,0.47117513956058893,0.575263158,0.016701386
lambda1_start_expansion96_s352_cont120000,LHCb_7:11,early_0p18_0p28,29.25,0.44790220260620117,0.4711770335688618,0.0042586250126464,0.9999211686779653,0.4711751987831669,0.575263158,0.016701386
lambda1_start_expansion96_s353_cont120000,LHCb_7:11,early_0p18_0p28,29.25,0.44723963737487793,0.4711770335688618,0.0042586250126464,0.9999211686779653,0.47117514655227377,0.575263158,0.016701386
lambda1_start_expansion96_s354_cont120000,LHCb_7:11,early_0p18_0p28,29.25,0.44655096530914307,0.4711770335688618,0.0042586250126464,0.9999211686779653,0.47117509226334436,0.575263158,0.016701386
lambda1_start_expansion96_s355_cont120000,LHCb_7:11,early_0p18_0p28,29.25,0.4479881525039673,0.4711770335688618,0.0042586250126464,0.9999211686779653,0.47117520555871095,0.575263158,0.016701386
lambda1_start_expansion96_s356_cont120000,LHCb_7:11,early_0p18_0p28,29.25,0.44600510597229004,0.4711770335688618,0.0042586250126464,0.9999211686779653,0.47117504923253123,0.575263158,0.016701386
lambda1_start_expansion96_s357_cont120000,LHCb_7:11,early_0p18_0p28,29.25,0.4447755813598633,0.4711770335688618,0.0042586250126464,0.9999211686779653,0.4711749523074805,0.575263158,0.016701386
lambda1_start_expansion96_s358_cont120000,LHCb_7:11,early_0p18_0p28,29.25,0.44765353202819824,0.4711770335688618,0.0042586250126464,0.9999211686779653,0.47117517918013646,0.575263158,0.016701386
lambda1_start_expansion96_s359_cont120000,LHCb_7:11,early_0p18_0p28,29.25,0.44463491439819336,0.4711770335688618,0.0042586250126464,0.9999211686779653,0.471174941218518,0.575263158,0.016701386
lambda1_start_expansion96_s360_cont120000,LHCb_7:11,early_0p18_0p28,29.25,0.4478025436401367,0.4711770335688618,0.0042586250126464,0.9999211686779653,0.47117519092691884,0.575263158,0.016701386
lambda1_start_expansion96_s361_cont120000,LHCb_7:11,early_0p18_0p28,29.25,0.4494525194168091,0.4711770335688618,0.0042586250126464,0.9999211686779653,0.4711753209966906,0.575263158,0.016701386
lambda1_start_expansion96_s362_cont120000,LHCb_7:11,early_0p18_0p28,29.25,0.44823217391967773,0.4711770335688618,0.0042586250126464,0.9999211686779653,0.47117522479524176,0.575263158,0.016701386
lambda1_start_expansion96_s363_cont120000,LHCb_7:11,early_0p18_0p28,29.25,0.44759273529052734,0.4711770335688618,0.0042586250126464,0.9999211686779653,0.47117517438744927,0.575263158,0.016701386
lambda1_start_expansion96_s364_cont120000,LHCb_7:11,early_0p18_0p28,29.25,0.447177529335022,0.4711770335688618,0.0042586250126464,0.9999211686779653,0.4711751416562149,0.575263158,0.016701386
lambda1_start_expansion96_s365_cont120000,LHCb_7:11,early_0p18_0p28,29.25,0.4470306634902954,0.4711770335688618,0.0042586250126464,0.9999211686779653,0.4711751300785862,0.575263158,0.016701386
lambda1_start_expansion96_s366_cont120000,LHCb_7:11,early_0p18_0p28,29.25,0.44670891761779785,0.4711770335688618,0.0042586250126464,0.9999211686779653,0.4711751047149337,0.575263158,0.016701386
lambda1_start_expansion96_s367_cont120000,LHCb_7:11,early_0p18_0p28,29.25,0.4478893280029297,0.4711770335688618,0.0042586250126464,0.9999211686779653,0.4711751977682449,0.575263158,0.016701386
lambda1_start_expansion96_s368_cont120000,LHCb_7:11,early_0p18_0p28,29.25,0.44748759269714355,0.4711770335688618,0.0042586250126464,0.9999211686779653,0.47117516609891963,0.575263158,0.016701386
lambda1_start_expansion96_s369_cont120000,LHCb_7:11,early_0p18_0p28,29.25,0.44694459438323975,0.4711770335688618,0.0042586250126464,0.9999211686779653,0.4711751232936447,0.575263158,0.016701386
lambda1_start_expansion96_s370_cont120000,LHCb_7:11,early_0p18_0p28,29.25,0.4481391906738281,0.4711770335688618,0.0042586250126464,0.9999211686779653,0.47117521746524954,0.575263158,0.016701386
lambda1_start_expansion96_s371_cont120000,LHCb_7:11,early_0p18_0p28,29.25,0.4471306800842285,0.4711770335688618,0.0042586250126464,0.9999211686779653,0.4711751379630265,0.575263158,0.016701386
lambda1_start_expansion96_s372_cont120000,LHCb_7:11,early_0p18_0p28,29.25,0.4484705924987793,0.4711770335688618,0.0042586250126464,0.9999211686779653,0.47117524359009355,0.575263158,0.016701386
lambda1_start_expansion96_s373_cont120000,LHCb_7:11,early_0p18_0p28,29.25,0.4469658136367798,0.4711770335688618,0.0042586250126464,0.9999211686779653,0.47117512496638647,0.575263158,0.016701386
lambda1_start_expansion96_s374_cont120000,LHCb_7:11,early_0p18_0p28,29.25,0.4476269483566284,0.4711770335688618,0.0042586250126464,0.9999211686779653,0.4711751770845105,0.575263158,0.016701386
lambda1_start_expansion96_s375_cont120000,LHCb_7:11,early_0p18_0p28,29.25,0.44676172733306885,0.4711770335688618,0.0042586250126464,0.9999211686779653,0.47117510887799335,0.575263158,0.016701386
lambda1_start_expansion96_s376_cont120000,LHCb_7:11,early_0p18_0p28,29.25,0.44788575172424316,0.4711770335688618,0.0042586250126464,0.9999211686779653,0.47117519748632214,0.575263158,0.016701386
lambda1_start_expansion96_s377_cont120000,LHCb_7:11,early_0p18_0p28,29.25,0.44704556465148926,0.4711770335688618,0.0042586250126464,0.9999211686779653,0.47117513125326443,0.575263158,0.016701386
lambda1_start_expansion96_s378_cont120000,LHCb_7:11,early_0p18_0p28,29.25,0.44692039489746094,0.4711770335688618,0.0042586250126464,0.9999211686779653,0.47117512138596723,0.575263158,0.016701386
lambda1_start_expansion96_s379_cont120000,LHCb_7:11,early_0p18_0p28,29.25,0.44795775413513184,0.4711770335688618,0.0042586250126464,0.9999211686779653,0.47117520316236733,0.575263158,0.016701386
lambda1_start_expansion96_s380_cont120000,LHCb_7:11,early_0p18_0p28,29.25,0.4459402561187744,0.4711770335688618,0.0042586250126464,0.9999211686779653,0.4711750441203315,0.575263158,0.016701386
lambda1_start_expansion96_s381_cont120000,LHCb_7:11,early_0p18_0p28,29.25,0.4446272850036621,0.4711770335688618,0.0042586250126464,0.9999211686779653,0.4711749406170827,0.575263158,0.016701386
lambda1_start_expansion96_s382_cont120000,LHCb_7:11,early_0p18_0p28,29.25,0.44780611991882324,0.4711770335688618,0.0042586250126464,0.9999211686779653,0.4711751912088416,0.575263158,0.016701386
lambda1_start_expansion96_s383_cont120000,LHCb_7:11,early_0p18_0p28,29.25,0.444629430770874,0.4711770335688618,0.0042586250126464,0.9999211686779653,0.4711749407862364,0.575263158,0.016701386
lambda1_start_expansion96_s384_cont120000,LHCb_7:11,early_0p18_0p28,29.25,0.4478250741958618,0.4711770335688618,0.0042586250126464,0.9999211686779653,0.4711751927030323,0.575263158,0.016701386
lambda1_start_expansion96_s385_cont120000,LHCb_7:11,early_0p18_0p28,29.25,0.4493696689605713,0.4711770335688618,0.0042586250126464,0.9999211686779653,0.47117531446547967,0.575263158,0.016701386
lambda1_start_expansion96_s386_cont120000,LHCb_7:11,early_0p18_0p28,29.25,0.4484196901321411,0.4711770335688618,0.0042586250126464,0.9999211686779653,0.4711752395773927,0.575263158,0.016701386
lambda1_start_expansion96_s387_cont120000,LHCb_7:11,early_0p18_0p28,29.25,0.44759225845336914,0.4711770335688618,0.0042586250126464,0.9999211686779653,0.47117517434985956,0.575263158,0.016701386
lambda1_start_expansion96_s388_cont120000,LHCb_7:11,early_0p18_0p28,29.25,0.4475001096725464,0.4711770335688618,0.0042586250126464,0.9999211686779653,0.4711751670856493,0.575263158,0.016701386
lambda1_start_expansion96_s389_cont120000,LHCb_7:11,early_0p18_0p28,29.25,0.447415828704834,0.4711770335688618,0.0042586250126464,0.9999211686779653,0.47117516044166924,0.575263158,0.016701386
lambda1_start_expansion96_s390_cont120000,LHCb_7:11,early_0p18_0p28,29.25,0.4468510150909424,0.4711770335688618,0.0042586250126464,0.9999211686779653,0.47117511591666533,0.575263158,0.016701386
lambda1_start_expansion96_s391_cont120000,LHCb_7:11,early_0p18_0p28,29.25,0.44739043712615967,0.4711770335688618,0.0042586250126464,0.9999211686779653,0.4711751584400175,0.575263158,0.016701386
lambda1_start_expansion96_s392_cont120000,LHCb_7:11,early_0p18_0p28,29.25,0.44754016399383545,0.4711770335688618,0.0042586250126464,0.9999211686779653,0.47117517024318445,0.575263158,0.016701386
lambda1_start_expansion96_s393_cont120000,LHCb_7:11,early_0p18_0p28,29.25,0.446663498878479,0.4711770335688618,0.0042586250126464,0.9999211686779653,0.47117510113451444,0.575263158,0.016701386
lambda1_start_expansion96_s394_cont120000,LHCb_7:11,early_0p18_0p28,29.25,0.44802165031433105,0.4711770335688618,0.0042586250126464,0.9999211686779653,0.47117520819938763,0.575263158,0.016701386
lambda1_start_expansion96_s395_cont120000,LHCb_7:11,early_0p18_0p28,29.25,0.44729626178741455,0.4711770335688618,0.0042586250126464,0.9999211686779653,0.47117515101605106,0.575263158,0.016701386
lambda1_start_expansion96_s396_cont120000,LHCb_7:11,early_0p18_0p28,29.25,0.44821345806121826,0.4711770335688618,0.0042586250126464,0.9999211686779653,0.4711752233198459,0.575263158,0.016701386
lambda1_start_expansion96_s397_cont120000,LHCb_7:11,early_0p18_0p28,29.25,0.4470170736312866,0.4711770335688618,0.0042586250126464,0.9999211686779653,0.47117512900727965,0.575263158,0.016701386
lambda1_start_expansion96_s398_cont120000,LHCb_7:11,early_0p18_0p28,29.25,0.44717323780059814,0.4711770335688618,0.0042586250126464,0.9999211686779653,0.47117514131790755,0.575263158,0.016701386
exactbaseline_matched_reference_distance_b0p1_2p0_lam1e00_s303,LHCb_7:11,central_0p20_0p30,29.25,0.445834755897522,0.4711770335688618,0.0042586250126464,0.9901643897773105,0.4709277768035313,0.575263158,0.016701386
exactbaseline_matched_reference_distance_b0p1_2p0_lam1e00_s304,LHCb_7:11,central_0p20_0p30,29.25,0.4474233388900757,0.4711770335688618,0.0042586250126464,0.9901643897773105,0.4709434014866525,0.575263158,0.016701386
exactbaseline_matched_reference_distance_b0p1_2p0_lam1e00_s305,LHCb_7:11,central_0p20_0p30,29.25,0.44585931301116943,0.4711770335688618,0.0042586250126464,0.9901643897773105,0.47092801833772935,0.575263158,0.016701386
exactbaseline_matched_reference_distance_b0p1_2p0_lam1e00_s306,LHCb_7:11,central_0p20_0p30,29.25,0.44421327114105225,0.4711770335688618,0.0042586250126464,0.9901643897773105,0.47091182851148466,0.575263158,0.016701386
exactbaseline_matched_reference_distance_b0p1_2p0_lam1e00_s307,LHCb_7:11,central_0p20_0p30,29.25,0.44814205169677734,0.4711770335688618,0.0042586250126464,0.9901643897773105,0.4709504704656813,0.575263158,0.016701386
exactbaseline_matched_reference_distance_b0p1_2p0_lam1e00_s308,LHCb_7:11,central_0p20_0p30,29.25,0.4450463056564331,0.4711770335688618,0.0042586250126464,0.9901643897773105,0.47092002191428,0.575263158,0.016701386
exactbaseline_matched_reference_distance_b0p1_2p0_lam1e00_s309,LHCb_7:11,central_0p20_0p30,29.25,0.44492578506469727,0.4711770335688618,0.0042586250126464,0.9901643897773105,0.47091883652071587,0.575263158,0.016701386
exactbaseline_matched_reference_distance_b0p1_2p0_lam1e00_s310,LHCb_7:11,central_0p20_0p30,29.25,0.44667792320251465,0.4711770335688618,0.0042586250126464,0.9901643897773105,0.4709360698684958,0.575263158,0.016701386
exactbaseline_matched_reference_distance_b0p1_2p0_lam1e00_s311,LHCb_7:11,central_0p20_0p30,29.25,0.4442540407180786,0.4711770335688618,0.0042586250126464,0.9901643897773105,0.47091222950515327,0.575263158,0.016701386
exactbaseline_matched_reference_distance_b0p1_2p0_lam1e00_s312,LHCb_7:11,central_0p20_0p30,29.25,0.44576966762542725,0.4711770335688618,0.0042586250126464,0.9901643897773105,0.47092713662065694,0.575263158,0.016701386
exactbaseline_matched_reference_distance_b0p1_2p0_lam1e00_s313,LHCb_7:11,central_0p20_0p30,29.25,0.4471818208694458,0.4711770335688618,0.0042586250126464,0.9901643897773105,0.4709410260095398,0.575263158,0.016701386
exactbaseline_matched_reference_distance_b0p1_2p0_lam1e00_s314,LHCb_7:11,central_0p20_0p30,29.25,0.4460228681564331,0.4711770335688618,0.0042586250126464,0.9901643897773105,0.4709296270023881,0.575263158,0.016701386
exactbaseline_matched_reference_distance_b0p1_2p0_lam1e00_s315,LHCb_7:11,central_0p20_0p30,29.25,0.44648849964141846,0.4711770335688618,0.0042586250126464,0.9901643897773105,0.47093420677218184,0.575263158,0.016701386
exactbaseline_matched_reference_distance_b0p1_2p0_lam1e00_s316,LHCb_7:11,central_0p20_0p30,29.25,0.4458503723144531,0.4711770335688618,0.0042586250126464,0.9901643897773105,0.47092793040052133,0.575263158,0.016701386
exactbaseline_matched_reference_distance_b0p1_2p0_lam1e00_s317,LHCb_7:11,central_0p20_0p30,29.25,0.44644641876220703,0.4711770335688618,0.0042586250126464,0.9901643897773105,0.4709337928810561,0.575263158,0.016701386
exactbaseline_matched_reference_distance_b0p1_2p0_lam1e00_s318,LHCb_7:11,central_0p20_0p30,29.25,0.44615745544433594,0.4711770335688618,0.0042586250126464,0.9901643897773105,0.47093095075049285,0.575263158,0.016701386
exactbaseline_matched_reference_distance_b0p1_2p0_lam1e00_s319,LHCb_7:11,central_0p20_0p30,29.25,0.44731760025024414,0.4711770335688618,0.0042586250126464,0.9901643897773105,0.47094236148260565,0.575263158,0.016701386
exactbaseline_matched_reference_distance_b0p1_2p0_lam1e00_s320,LHCb_7:11,central_0p20_0p30,29.25,0.4457848072052002,0.4711770335688618,0.0042586250126464,0.9901643897773105,0.47092728552766255,0.575263158,0.016701386
exactbaseline_matched_reference_distance_b0p1_2p0_lam1e00_s321,LHCb_7:11,central_0p20_0p30,29.25,0.445709228515625,0.4711770335688618,0.0042586250126464,0.9901643897773105,0.47092654216513075,0.575263158,0.016701386
exactbaseline_matched_reference_distance_b0p1_2p0_lam1e00_s322,LHCb_7:11,central_0p20_0p30,29.25,0.44588661193847656,0.4711770335688618,0.0042586250126464,0.9901643897773105,0.47092828683933785,0.575263158,0.016701386
exactbaseline_matched_reference_distance_b0p1_2p0_lam1e00_s323,LHCb_7:11,central_0p20_0p30,29.25,0.44592738151550293,0.4711770335688618,0.0042586250126464,0.9901643897773105,0.47092868783300645,0.575263158,0.016701386
exactbaseline_matched_reference_distance_b0p1_2p0_lam1e00_s324,LHCb_7:11,central_0p20_0p30,29.25,0.4461320638656616,0.4711770335688618,0.0042586250126464,0.9901643897773105,0.47093070100882206,0.575263158,0.016701386
exactbaseline_matched_reference_distance_b0p1_2p0_lam1e00_s325,LHCb_7:11,central_0p20_0p30,29.25,0.4441624879837036,0.4711770335688618,0.0042586250126464,0.9901643897773105,0.4709113290281431,0.575263158,0.016701386
exactbaseline_matched_reference_distance_b0p1_2p0_lam1e00_s326,LHCb_7:11,central_0p20_0p30,29.25,0.4476369619369507,0.4711770335688618,0.0042586250126464,0.9901643897773105,0.47094550259967616,0.575263158,0.016701386
lambda1_start_expansion48_s327_cont320000,LHCb_7:11,central_0p20_0p30,29.25,0.44747650623321533,0.4711770335688618,0.0042586250126464,0.9901643897773105,0.47094392441991617,0.575263158,0.016701386
lambda1_start_expansion48_s328_cont240000,LHCb_7:11,central_0p20_0p30,29.25,0.4479489326477051,0.4711770335688618,0.0042586250126464,0.9901643897773105,0.470948571021988,0.575263158,0.016701386
lambda1_start_expansion48_s329_cont200000,LHCb_7:11,central_0p20_0p30,29.25,0.4470939636230469,0.4711770335688618,0.0042586250126464,0.9901643897773105,0.470940161879909,0.575263158,0.016701386
lambda1_start_expansion48_s330_cont120000,LHCb_7:11,central_0p20_0p30,29.25,0.44657599925994873,0.4711770335688618,0.0042586250126464,0.9901643897773105,0.47093506738432434,0.575263158,0.016701386
lambda1_start_expansion48_s331_cont120000,LHCb_7:11,central_0p20_0p30,29.25,0.44798314571380615,0.4711770335688618,0.0042586250126464,0.9901643897773105,0.4709489075283707,0.575263158,0.016701386
lambda1_start_expansion48_s332_cont120000,LHCb_7:11,central_0p20_0p30,29.25,0.4467315673828125,0.4711770335688618,0.0042586250126464,0.9901643897773105,0.4709365974917439,0.575263158,0.016701386
lambda1_start_expansion48_s333_cont120000,LHCb_7:11,central_0p20_0p30,29.25,0.44478416442871094,0.4711770335688618,0.0042586250126464,0.9901643897773105,0.4709174435953408,0.575263158,0.016701386
lambda1_start_expansion48_s334_cont120000,LHCb_7:11,central_0p20_0p30,29.25,0.4476872682571411,0.4711770335688618,0.0042586250126464,0.9901643897773105,0.4709459973930333,0.575263158,0.016701386
lambda1_start_expansion48_s335_cont120000,LHCb_7:11,central_0p20_0p30,29.25,0.4446268081665039,0.4711770335688618,0.0042586250126464,0.9901643897773105,0.47091589590047966,0.575263158,0.016701386
lambda1_start_expansion48_s336_cont120000,LHCb_7:11,central_0p20_0p30,29.25,0.4478168487548828,0.4711770335688618,0.0042586250126464,0.9901643897773105,0.47094727189630153,0.575263158,0.016701386
lambda1_start_expansion48_s337_cont120000,LHCb_7:11,central_0p20_0p30,29.25,0.4495570659637451,0.4711770335688618,0.0042586250126464,0.9901643897773105,0.4709643879944707,0.575263158,0.016701386
lambda1_start_expansion48_s338_cont120000,LHCb_7:11,central_0p20_0p30,29.25,0.448012113571167,0.4711770335688618,0.0042586250126464,0.9901643897773105,0.47094919244492467,0.575263158,0.016701386
lambda1_start_expansion48_s339_cont120000,LHCb_7:11,central_0p20_0p30,29.25,0.44769883155822754,0.4711770335688618,0.0042586250126464,0.9901643897773105,0.47094611112515566,0.575263158,0.016701386
lambda1_start_expansion48_s340_cont120000,LHCb_7:11,central_0p20_0p30,29.25,0.44762659072875977,0.4711770335688618,0.0042586250126464,0.9901643897773105,0.47094540059251483,0.575263158,0.016701386
lambda1_start_expansion48_s341_cont120000,LHCb_7:11,central_0p20_0p30,29.25,0.4475499391555786,0.4711770335688618,0.0042586250126464,0.9901643897773105,0.47094464667751806,0.575263158,0.016701386
lambda1_start_expansion48_s342_cont120000,LHCb_7:11,central_0p20_0p30,29.25,0.4465329647064209,0.4711770335688618,0.0042586250126464,0.9901643897773105,0.4709346441132297,0.575263158,0.016701386
lambda1_start_expansion48_s343_cont120000,LHCb_7:11,central_0p20_0p30,29.25,0.4476814270019531,0.4711770335688618,0.0042586250126464,0.9901643897773105,0.47094593994072403,0.575263158,0.016701386
lambda1_start_expansion48_s344_cont120000,LHCb_7:11,central_0p20_0p30,29.25,0.44746291637420654,0.4711770335688618,0.0042586250126464,0.9901643897773105,0.47094379075535997,0.575263158,0.016701386
lambda1_start_expansion48_s345_cont120000,LHCb_7:11,central_0p20_0p30,29.25,0.4470505714416504,0.4711770335688618,0.0042586250126464,0.9901643897773105,0.4709397350913261,0.575263158,0.016701386
lambda1_start_expansion48_s346_cont120000,LHCb_7:11,central_0p20_0p30,29.25,0.4480893611907959,0.4711770335688618,0.0042586250126464,0.9901643897773105,0.470949952222402,0.575263158,0.016701386
lambda1_start_expansion48_s347_cont120000,LHCb_7:11,central_0p20_0p30,29.25,0.4472759962081909,0.4711770335688618,0.0042586250126464,0.9901643897773105,0.4709419522814643,0.575263158,0.016701386
lambda1_start_expansion48_s348_cont120000,LHCb_7:11,central_0p20_0p30,29.25,0.4483429193496704,0.4711770335688618,0.0042586250126464,0.9901643897773105,0.47095244612162146,0.575263158,0.016701386
lambda1_start_expansion48_s349_cont160000,LHCb_7:11,central_0p20_0p30,29.25,0.447301983833313,0.4711770335688618,0.0042586250126464,0.9901643897773105,0.47094220788561564,0.575263158,0.016701386
lambda1_start_expansion48_s350_cont120000,LHCb_7:11,central_0p20_0p30,29.25,0.4481074810028076,0.4711770335688618,0.0042586250126464,0.9901643897773105,0.4709501304418102,0.575263158,0.016701386
lambda1_start_expansion96_s351_cont120000,LHCb_7:11,central_0p20_0p30,29.25,0.44715094566345215,0.4711770335688618,0.0042586250126464,0.9901643897773105,0.4709407223330481,0.575263158,0.016701386
lambda1_start_expansion96_s352_cont120000,LHCb_7:11,central_0p20_0p30,29.25,0.44790220260620117,0.4711770335688618,0.0042586250126464,0.9901643897773105,0.4709481114035141,0.575263158,0.016701386
lambda1_start_expansion96_s353_cont120000,LHCb_7:11,central_0p20_0p30,29.25,0.44723963737487793,0.4711770335688618,0.0042586250126464,0.9901643897773105,0.4709415946701517,0.575263158,0.016701386
lambda1_start_expansion96_s354_cont120000,LHCb_7:11,central_0p20_0p30,29.25,0.44655096530914307,0.4711770335688618,0.0042586250126464,0.9901643897773105,0.47093482116014185,0.575263158,0.016701386
lambda1_start_expansion96_s355_cont120000,LHCb_7:11,central_0p20_0p30,29.25,0.4479881525039673,0.4711770335688618,0.0042586250126464,0.9901643897773105,0.4709489567732072,0.575263158,0.016701386
lambda1_start_expansion96_s356_cont120000,LHCb_7:11,central_0p20_0p30,29.25,0.44600510597229004,0.4711770335688618,0.0042586250126464,0.9901643897773105,0.4709294523004682,0.575263158,0.016701386
lambda1_start_expansion96_s357_cont120000,LHCb_7:11,central_0p20_0p30,29.25,0.4447755813598633,0.4711770335688618,0.0042586250126464,0.9901643897773105,0.4709173591756211,0.575263158,0.016701386
lambda1_start_expansion96_s358_cont120000,LHCb_7:11,central_0p20_0p30,29.25,0.44765353202819824,0.4711770335688618,0.0042586250126464,0.9901643897773105,0.470945665576635,0.575263158,0.016701386
lambda1_start_expansion96_s359_cont120000,LHCb_7:11,central_0p20_0p30,29.25,0.44463491439819336,0.4711770335688618,0.0042586250126464,0.9901643897773105,0.4709159756302149,0.575263158,0.016701386
lambda1_start_expansion96_s360_cont120000,LHCb_7:11,central_0p20_0p30,29.25,0.4478025436401367,0.4711770335688618,0.0042586250126464,0.9901643897773105,0.4709471311967687,0.575263158,0.016701386
lambda1_start_expansion96_s361_cont120000,LHCb_7:11,central_0p20_0p30,29.25,0.4494525194168091,0.4711770335688618,0.0042586250126464,0.9901643897773105,0.4709633597153849,0.575263158,0.016701386
lambda1_start_expansion96_s362_cont120000,LHCb_7:11,central_0p20_0p30,29.25,0.44823217391967773,0.4711770335688618,0.0042586250126464,0.9901643897773105,0.4709513568727381,0.575263158,0.016701386
lambda1_start_expansion96_s363_cont120000,LHCb_7:11,central_0p20_0p30,29.25,0.44759273529052734,0.4711770335688618,0.0042586250126464,0.9901643897773105,0.4709450676036205,0.575263158,0.016701386
lambda1_start_expansion96_s364_cont120000,LHCb_7:11,central_0p20_0p30,29.25,0.447177529335022,0.4711770335688618,0.0042586250126464,0.9901643897773105,0.47094098379967997,0.575263158,0.016701386
lambda1_start_expansion96_s365_cont120000,LHCb_7:11,central_0p20_0p30,29.25,0.4470306634902954,0.4711770335688618,0.0042586250126464,0.9901643897773105,0.4709395392844762,0.575263158,0.016701386
lambda1_start_expansion96_s366_cont120000,LHCb_7:11,central_0p20_0p30,29.25,0.44670891761779785,0.4711770335688618,0.0042586250126464,0.9901643897773105,0.47093637471748356,0.575263158,0.016701386
lambda1_start_expansion96_s367_cont120000,LHCb_7:11,central_0p20_0p30,29.25,0.4478893280029297,0.4711770335688618,0.0042586250126464,0.9901643897773105,0.4709479847739345,0.575263158,0.016701386
lambda1_start_expansion96_s368_cont120000,LHCb_7:11,central_0p20_0p30,29.25,0.44748759269714355,0.4711770335688618,0.0042586250126464,0.9901643897773105,0.47094403346205416,0.575263158,0.016701386
lambda1_start_expansion96_s369_cont120000,LHCb_7:11,central_0p20_0p30,29.25,0.44694459438323975,0.4711770335688618,0.0042586250126464,0.9901643897773105,0.470938692742287,0.575263158,0.016701386
lambda1_start_expansion96_s370_cont120000,LHCb_7:11,central_0p20_0p30,29.25,0.4481391906738281,0.4711770335688618,0.0042586250126464,0.9901643897773105,0.4709504423257747,0.575263158,0.016701386
lambda1_start_expansion96_s371_cont120000,LHCb_7:11,central_0p20_0p30,29.25,0.4471306800842285,0.4711770335688618,0.0042586250126464,0.9901643897773105,0.4709405230087099,0.575263158,0.016701386
lambda1_start_expansion96_s372_cont120000,LHCb_7:11,central_0p20_0p30,29.25,0.4484705924987793,0.4711770335688618,0.0042586250126464,0.9901643897773105,0.470953701864952,0.575263158,0.016701386
lambda1_start_expansion96_s373_cont120000,LHCb_7:11,central_0p20_0p30,29.25,0.4469658136367798,0.4711770335688618,0.0042586250126464,0.9901643897773105,0.470938901446594,0.575263158,0.016701386
lambda1_start_expansion96_s374_cont120000,LHCb_7:11,central_0p20_0p30,29.25,0.4476269483566284,0.4711770335688618,0.0042586250126464,0.9901643897773105,0.47094540411000313,0.575263158,0.016701386
lambda1_start_expansion96_s375_cont120000,LHCb_7:11,central_0p20_0p30,29.25,0.44676172733306885,0.4711770335688618,0.0042586250126464,0.9901643897773105,0.47093689413325895,0.575263158,0.016701386
lambda1_start_expansion96_s376_cont120000,LHCb_7:11,central_0p20_0p30,29.25,0.44788575172424316,0.4711770335688618,0.0042586250126464,0.9901643897773105,0.47094794959905134,0.575263158,0.016701386
lambda1_start_expansion96_s377_cont120000,LHCb_7:11,central_0p20_0p30,29.25,0.44704556465148926,0.4711770335688618,0.0042586250126464,0.9901643897773105,0.4709396858464896,0.575263158,0.016701386
lambda1_start_expansion96_s378_cont120000,LHCb_7:11,central_0p20_0p30,29.25,0.44692039489746094,0.4711770335688618,0.0042586250126464,0.9901643897773105,0.47093845472557727,0.575263158,0.016701386
lambda1_start_expansion96_s379_cont120000,LHCb_7:11,central_0p20_0p30,29.25,0.44795775413513184,0.4711770335688618,0.0042586250126464,0.9901643897773105,0.4709486577866999,0.575263158,0.016701386
lambda1_start_expansion96_s380_cont120000,LHCb_7:11,central_0p20_0p30,29.25,0.4459402561187744,0.4711770335688618,0.0042586250126464,0.9901643897773105,0.470928814462586,0.575263158,0.016701386
lambda1_start_expansion96_s381_cont120000,LHCb_7:11,central_0p20_0p30,29.25,0.4446272850036621,0.4711770335688618,0.0042586250126464,0.9901643897773105,0.47091590059046406,0.575263158,0.016701386
lambda1_start_expansion96_s382_cont120000,LHCb_7:11,central_0p20_0p30,29.25,0.44780611991882324,0.4711770335688618,0.0042586250126464,0.9901643897773105,0.4709471663716519,0.575263158,0.016701386
lambda1_start_expansion96_s383_cont120000,LHCb_7:11,central_0p20_0p30,29.25,0.444629430770874,0.4711770335688618,0.0042586250126464,0.9901643897773105,0.47091592169539404,0.575263158,0.016701386
lambda1_start_expansion96_s384_cont120000,LHCb_7:11,central_0p20_0p30,29.25,0.4478250741958618,0.4711770335688618,0.0042586250126464,0.9901643897773105,0.4709473527985329,0.575263158,0.016701386
lambda1_start_expansion96_s385_cont120000,LHCb_7:11,central_0p20_0p30,29.25,0.4493696689605713,0.4711770335688618,0.0042586250126464,0.9901643897773105,0.4709625448305906,0.575263158,0.016701386
lambda1_start_expansion96_s386_cont120000,LHCb_7:11,central_0p20_0p30,29.25,0.4484196901321411,0.4711770335688618,0.0042586250126464,0.9901643897773105,0.4709532012091143,0.575263158,0.016701386
lambda1_start_expansion96_s387_cont120000,LHCb_7:11,central_0p20_0p30,29.25,0.44759225845336914,0.4711770335688618,0.0042586250126464,0.9901643897773105,0.470945062913636,0.575263158,0.016701386
lambda1_start_expansion96_s388_cont120000,LHCb_7:11,central_0p20_0p30,29.25,0.4475001096725464,0.4711770335688618,0.0042586250126464,0.9901643897773105,0.47094415657414535,0.575263158,0.016701386
lambda1_start_expansion96_s389_cont120000,LHCb_7:11,central_0p20_0p30,29.25,0.447415828704834,0.4711770335688618,0.0042586250126464,0.9901643897773105,0.4709433276193978,0.575263158,0.016701386
lambda1_start_expansion96_s390_cont120000,LHCb_7:11,central_0p20_0p30,29.25,0.4468510150909424,0.4711770335688618,0.0042586250126464,0.9901643897773105,0.47093777233284306,0.575263158,0.016701386
lambda1_start_expansion96_s391_cont120000,LHCb_7:11,central_0p20_0p30,29.25,0.44739043712615967,0.4711770335688618,0.0042586250126464,0.9901643897773105,0.470943077877727,0.575263158,0.016701386
lambda1_start_expansion96_s392_cont120000,LHCb_7:11,central_0p20_0p30,29.25,0.44754016399383545,0.4711770335688618,0.0042586250126464,0.9901643897773105,0.4709445505328373,0.575263158,0.016701386
lambda1_start_expansion96_s393_cont120000,LHCb_7:11,central_0p20_0p30,29.25,0.446663498878479,0.4711770335688618,0.0042586250126464,0.9901643897773105,0.47093592799646683,0.575263158,0.016701386
lambda1_start_expansion96_s394_cont120000,LHCb_7:11,central_0p20_0p30,29.25,0.44802165031433105,0.4711770335688618,0.0042586250126464,0.9901643897773105,0.47094928624461324,0.575263158,0.016701386
lambda1_start_expansion96_s395_cont120000,LHCb_7:11,central_0p20_0p30,29.25,0.44729626178741455,0.4711770335688618,0.0042586250126464,0.9901643897773105,0.4709421516058025,0.575263158,0.016701386
lambda1_start_expansion96_s396_cont120000,LHCb_7:11,central_0p20_0p30,29.25,0.44821345806121826,0.4711770335688618,0.0042586250126464,0.9901643897773105,0.4709511727908493,0.575263158,0.016701386
lambda1_start_expansion96_s397_cont120000,LHCb_7:11,central_0p20_0p30,29.25,0.4470170736312866,0.4711770335688618,0.0042586250126464,0.9901643897773105,0.47093940561992004,0.575263158,0.016701386
lambda1_start_expansion96_s398_cont120000,LHCb_7:11,central_0p20_0p30,29.25,0.44717323780059814,0.4711770335688618,0.0042586250126464,0.9901643897773105,0.47094094158982014,0.575263158,0.016701386
exactbaseline_matched_reference_distance_b0p1_2p0_lam1e00_s303,LHCb_7:11,late_0p22_0p32,29.25,0.445834755897522,0.4711770335688618,0.0042586250126464,0.9360753047732475,0.46955703619236966,0.575263158,0.016701386
exactbaseline_matched_reference_distance_b0p1_2p0_lam1e00_s304,LHCb_7:11,late_0p22_0p32,29.25,0.4474233388900757,0.4711770335688618,0.0042586250126464,0.9360753047732475,0.46965858587601106,0.575263158,0.016701386
exactbaseline_matched_reference_distance_b0p1_2p0_lam1e00_s305,LHCb_7:11,late_0p22_0p32,29.25,0.44585931301116943,0.4711770335688618,0.0042586250126464,0.9360753047732475,0.46955860599837523,0.575263158,0.016701386
exactbaseline_matched_reference_distance_b0p1_2p0_lam1e00_s306,LHCb_7:11,late_0p22_0p32,29.25,0.44421327114105225,0.4711770335688618,0.0042586250126464,0.9360753047732475,0.4694533832734975,0.575263158,0.016701386
exactbaseline_matched_reference_distance_b0p1_2p0_lam1e00_s307,LHCb_7:11,late_0p22_0p32,29.25,0.44814205169677734,0.4711770335688618,0.0042586250126464,0.9360753047732475,0.46970452937313506,0.575263158,0.016701386
exactbaseline_matched_reference_distance_b0p1_2p0_lam1e00_s308,LHCb_7:11,late_0p22_0p32,29.25,0.4450463056564331,0.4711770335688618,0.0042586250126464,0.9360753047732475,0.4695066347510066,0.575263158,0.016701386
exactbaseline_matched_reference_distance_b0p1_2p0_lam1e00_s309,LHCb_7:11,late_0p22_0p32,29.25,0.44492578506469727,0.4711770335688618,0.0042586250126464,0.9360753047732475,0.46949893050891134,0.575263158,0.016701386
exactbaseline_matched_reference_distance_b0p1_2p0_lam1e00_s310,LHCb_7:11,late_0p22_0p32,29.25,0.44667792320251465,0.4711770335688618,0.0042586250126464,0.9360753047732475,0.46961093540536647,0.575263158,0.016701386
exactbaseline_matched_reference_distance_b0p1_2p0_lam1e00_s311,LHCb_7:11,late_0p22_0p32,29.25,0.4442540407180786,0.4711770335688618,0.0042586250126464,0.9360753047732475,0.4694559894562835,0.575263158,0.016701386
exactbaseline_matched_reference_distance_b0p1_2p0_lam1e00_s312,LHCb_7:11,late_0p22_0p32,29.25,0.44576966762542725,0.4711770335688618,0.0042586250126464,0.9360753047732475,0.4695528754444132,0.575263158,0.016701386
exactbaseline_matched_reference_distance_b0p1_2p0_lam1e00_s313,LHCb_7:11,late_0p22_0p32,29.25,0.4471818208694458,0.4711770335688618,0.0042586250126464,0.9360753047732475,0.4696431469101505,0.575263158,0.016701386
exactbaseline_matched_reference_distance_b0p1_2p0_lam1e00_s314,LHCb_7:11,late_0p22_0p32,29.25,0.4460228681564331,0.4711770335688618,0.0042586250126464,0.9360753047732475,0.46956906121118897,0.575263158,0.016701386
exactbaseline_matched_reference_distance_b0p1_2p0_lam1e00_s315,LHCb_7:11,late_0p22_0p32,29.25,0.44648849964141846,0.4711770335688618,0.0042586250126464,0.9360753047732475,0.4695988265619547,0.575263158,0.016701386
exactbaseline_matched_reference_distance_b0p1_2p0_lam1e00_s316,LHCb_7:11,late_0p22_0p32,29.25,0.4458503723144531,0.4711770335688618,0.0042586250126464,0.9360753047732475,0.4695580344670625,0.575263158,0.016701386
exactbaseline_matched_reference_distance_b0p1_2p0_lam1e00_s317,LHCb_7:11,late_0p22_0p32,29.25,0.44644641876220703,0.4711770335688618,0.0042586250126464,0.9360753047732475,0.4695961365545762,0.575263158,0.016701386
exactbaseline_matched_reference_distance_b0p1_2p0_lam1e00_s318,LHCb_7:11,late_0p22_0p32,29.25,0.44615745544433594,0.4711770335688618,0.0042586250126464,0.9360753047732475,0.4695776646625496,0.575263158,0.016701386
exactbaseline_matched_reference_distance_b0p1_2p0_lam1e00_s319,LHCb_7:11,late_0p22_0p32,29.25,0.44731760025024414,0.4711770335688618,0.0042586250126464,0.9360753047732475,0.46965182656568616,0.575263158,0.016701386
exactbaseline_matched_reference_distance_b0p1_2p0_lam1e00_s320,LHCb_7:11,late_0p22_0p32,29.25,0.4457848072052002,0.4711770335688618,0.0042586250126464,0.9360753047732475,0.46955384323743604,0.575263158,0.016701386
exactbaseline_matched_reference_distance_b0p1_2p0_lam1e00_s321,LHCb_7:11,late_0p22_0p32,29.25,0.445709228515625,0.4711770335688618,0.0042586250126464,0.9360753047732475,0.4695490118927393,0.575263158,0.016701386
exactbaseline_matched_reference_distance_b0p1_2p0_lam1e00_s322,LHCb_7:11,late_0p22_0p32,29.25,0.44588661193847656,0.4711770335688618,0.0042586250126464,0.9360753047732475,0.46956035107398336,0.575263158,0.016701386
exactbaseline_matched_reference_distance_b0p1_2p0_lam1e00_s323,LHCb_7:11,late_0p22_0p32,29.25,0.44592738151550293,0.4711770335688618,0.0042586250126464,0.9360753047732475,0.4695629572567693,0.575263158,0.016701386
exactbaseline_matched_reference_distance_b0p1_2p0_lam1e00_s324,LHCb_7:11,late_0p22_0p32,29.25,0.4461320638656616,0.4711770335688618,0.0042586250126464,0.9360753047732475,0.4695760415136215,0.575263158,0.016701386
exactbaseline_matched_reference_distance_b0p1_2p0_lam1e00_s325,LHCb_7:11,late_0p22_0p32,29.25,0.4441624879837036,0.4711770335688618,0.0042586250126464,0.9360753047732475,0.46945013697564136,0.575263158,0.016701386
exactbaseline_matched_reference_distance_b0p1_2p0_lam1e00_s326,LHCb_7:11,late_0p22_0p32,29.25,0.4476369619369507,0.4711770335688618,0.0042586250126464,0.9360753047732475,0.469672241664176,0.575263158,0.016701386
lambda1_start_expansion48_s327_cont320000,LHCb_7:11,late_0p22_0p32,29.25,0.44747650623321533,0.4711770335688618,0.0042586250126464,0.9360753047732475,0.4696619845822173,0.575263158,0.016701386
lambda1_start_expansion48_s328_cont240000,LHCb_7:11,late_0p22_0p32,29.25,0.4479489326477051,0.4711770335688618,0.0042586250126464,0.9360753047732475,0.4696921842967806,0.575263158,0.016701386
lambda1_start_expansion48_s329_cont200000,LHCb_7:11,late_0p22_0p32,29.25,0.4470939636230469,0.4711770335688618,0.0042586250126464,0.9360753047732475,0.469637530662451,0.575263158,0.016701386
lambda1_start_expansion48_s330_cont120000,LHCb_7:11,late_0p22_0p32,29.25,0.44657599925994873,0.4711770335688618,0.0042586250126464,0.9360753047732475,0.4696044199484017,0.575263158,0.016701386
lambda1_start_expansion48_s331_cont120000,LHCb_7:11,late_0p22_0p32,29.25,0.44798314571380615,0.4711770335688618,0.0042586250126464,0.9360753047732475,0.4696943713566039,0.575263158,0.016701386
lambda1_start_expansion48_s332_cont120000,LHCb_7:11,late_0p22_0p32,29.25,0.4467315673828125,0.4711770335688618,0.0042586250126464,0.9360753047732475,0.46961436459324274,0.575263158,0.016701386
lambda1_start_expansion48_s333_cont120000,LHCb_7:11,late_0p22_0p32,29.25,0.44478416442871094,0.4711770335688618,0.0042586250126464,0.9360753047732475,0.4694898774529181,0.575263158,0.016701386
lambda1_start_expansion48_s334_cont120000,LHCb_7:11,late_0p22_0p32,29.25,0.4476872682571411,0.4711770335688618,0.0042586250126464,0.9360753047732475,0.4696754574803621,0.575263158,0.016701386
lambda1_start_expansion48_s335_cont120000,LHCb_7:11,late_0p22_0p32,29.25,0.4446268081665039,0.4711770335688618,0.0042586250126464,0.9360753047732475,0.4694798185018145,0.575263158,0.016701386
lambda1_start_expansion48_s336_cont120000,LHCb_7:11,late_0p22_0p32,29.25,0.4478168487548828,0.4711770335688618,0.0042586250126464,0.9360753047732475,0.46968374087418757,0.575263158,0.016701386
lambda1_start_expansion48_s337_cont120000,LHCb_7:11,late_0p22_0p32,29.25,0.4495570659637451,0.4711770335688618,0.0042586250126464,0.9360753047732475,0.46979498372889245,0.575263158,0.016701386
lambda1_start_expansion48_s338_cont120000,LHCb_7:11,late_0p22_0p32,29.25,0.448012113571167,0.4711770335688618,0.0042586250126464,0.9360753047732475,0.4696962231180571,0.575263158,0.016701386
lambda1_start_expansion48_s339_cont120000,LHCb_7:11,late_0p22_0p32,29.25,0.44769883155822754,0.4711770335688618,0.0042586250126464,0.9360753047732475,0.4696761966608599,0.575263158,0.016701386
lambda1_start_expansion48_s340_cont120000,LHCb_7:11,late_0p22_0p32,29.25,0.44762659072875977,0.4711770335688618,0.0042586250126464,0.9360753047732475,0.46967157868785325,0.575263158,0.016701386
lambda1_start_expansion48_s341_cont120000,LHCb_7:11,late_0p22_0p32,29.25,0.4475499391555786,0.4711770335688618,0.0042586250126464,0.9360753047732475,0.469666678759399,0.575263158,0.016701386
lambda1_start_expansion48_s342_cont120000,LHCb_7:11,late_0p22_0p32,29.25,0.4465329647064209,0.4711770335688618,0.0042586250126464,0.9360753047732475,0.4696016689776832,0.575263158,0.016701386
lambda1_start_expansion48_s343_cont120000,LHCb_7:11,late_0p22_0p32,29.25,0.4476814270019531,0.4711770335688618,0.0042586250126464,0.9360753047732475,0.4696750840799045,0.575263158,0.016701386
lambda1_start_expansion48_s344_cont120000,LHCb_7:11,late_0p22_0p32,29.25,0.44746291637420654,0.4711770335688618,0.0042586250126464,0.9360753047732475,0.469661115854622,0.575263158,0.016701386
lambda1_start_expansion48_s345_cont120000,LHCb_7:11,late_0p22_0p32,29.25,0.4470505714416504,0.4711770335688618,0.0042586250126464,0.9360753047732475,0.46963475683048006,0.575263158,0.016701386
lambda1_start_expansion48_s346_cont120000,LHCb_7:11,late_0p22_0p32,29.25,0.4480893611907959,0.4711770335688618,0.0042586250126464,0.9360753047732475,0.46970116114859883,0.575263158,0.016701386
lambda1_start_expansion48_s347_cont120000,LHCb_7:11,late_0p22_0p32,29.25,0.4472759962081909,0.4711770335688618,0.0042586250126464,0.9360753047732475,0.4696491670399777,0.575263158,0.016701386
lambda1_start_expansion48_s348_cont120000,LHCb_7:11,late_0p22_0p32,29.25,0.4483429193496704,0.4711770335688618,0.0042586250126464,0.9360753047732475,0.46971736977662715,0.575263158,0.016701386
lambda1_start_expansion48_s349_cont160000,LHCb_7:11,late_0p22_0p32,29.25,0.447301983833313,0.4711770335688618,0.0042586250126464,0.9360753047732475,0.4696508282909933,0.575263158,0.016701386
lambda1_start_expansion48_s350_cont120000,LHCb_7:11,late_0p22_0p32,29.25,0.4481074810028076,0.4711770335688618,0.0042586250126464,0.9360753047732475,0.46970231945205926,0.575263158,0.016701386
lambda1_start_expansion96_s351_cont120000,LHCb_7:11,late_0p22_0p32,29.25,0.44715094566345215,0.4711770335688618,0.0042586250126464,0.9360753047732475,0.4696411732220173,0.575263158,0.016701386
lambda1_start_expansion96_s352_cont120000,LHCb_7:11,late_0p22_0p32,29.25,0.44790220260620117,0.4711770335688618,0.0042586250126464,0.9360753047732475,0.46968919709311957,0.575263158,0.016701386
lambda1_start_expansion96_s353_cont120000,LHCb_7:11,late_0p22_0p32,29.25,0.44723963737487793,0.4711770335688618,0.0042586250126464,0.9360753047732475,0.46964684281263935,0.575263158,0.016701386
lambda1_start_expansion96_s354_cont120000,LHCb_7:11,late_0p22_0p32,29.25,0.44655096530914307,0.4711770335688618,0.0042586250126464,0.9360753047732475,0.4696028196607261,0.575263158,0.016701386
lambda1_start_expansion96_s355_cont120000,LHCb_7:11,late_0p22_0p32,29.25,0.4479881525039673,0.4711770335688618,0.0042586250126464,0.9360753047732475,0.469694691414139,0.575263158,0.016701386
lambda1_start_expansion96_s356_cont120000,LHCb_7:11,late_0p22_0p32,29.25,0.44600510597229004,0.4711770335688618,0.0042586250126464,0.9360753047732475,0.4695679257689811,0.575263158,0.016701386
lambda1_start_expansion96_s357_cont120000,LHCb_7:11,late_0p22_0p32,29.25,0.4447755813598633,0.4711770335688618,0.0042586250126464,0.9360753047732475,0.46948932878285793,0.575263158,0.016701386
lambda1_start_expansion96_s358_cont120000,LHCb_7:11,late_0p22_0p32,29.25,0.44765353202819824,0.4711770335688618,0.0042586250126464,0.9360753047732475,0.4696733009022088,0.575263158,0.016701386
lambda1_start_expansion96_s359_cont120000,LHCb_7:11,late_0p22_0p32,29.25,0.44463491439819336,0.4711770335688618,0.0042586250126464,0.9360753047732475,0.46948033669020467,0.575263158,0.016701386
lambda1_start_expansion96_s360_cont120000,LHCb_7:11,late_0p22_0p32,29.25,0.4478025436401367,0.4711770335688618,0.0042586250126464,0.9360753047732475,0.46968282642408726,0.575263158,0.016701386
lambda1_start_expansion96_s361_cont120000,LHCb_7:11,late_0p22_0p32,29.25,0.4494525194168091,0.4711770335688618,0.0042586250126464,0.9360753047732475,0.46978830062274257,0.575263158,0.016701386
lambda1_start_expansion96_s362_cont120000,LHCb_7:11,late_0p22_0p32,29.25,0.44823217391967773,0.4711770335688618,0.0042586250126464,0.9360753047732475,0.4697102904087671,0.575263158,0.016701386
lambda1_start_expansion96_s363_cont120000,LHCb_7:11,late_0p22_0p32,29.25,0.44759273529052734,0.4711770335688618,0.0042586250126464,0.9360753047732475,0.46966941448928246,0.575263158,0.016701386
lambda1_start_expansion96_s364_cont120000,LHCb_7:11,late_0p22_0p32,29.25,0.447177529335022,0.4711770335688618,0.0042586250126464,0.9360753047732475,0.46964287257512044,0.575263158,0.016701386
lambda1_start_expansion96_s365_cont120000,LHCb_7:11,late_0p22_0p32,29.25,0.4470306634902954,0.4711770335688618,0.0042586250126464,0.9360753047732475,0.46963348422075707,0.575263158,0.016701386
lambda1_start_expansion96_s366_cont120000,LHCb_7:11,late_0p22_0p32,29.25,0.44670891761779785,0.4711770335688618,0.0042586250126464,0.9360753047732475,0.4696129167139172,0.575263158,0.016701386
lambda1_start_expansion96_s367_cont120000,LHCb_7:11,late_0p22_0p32,29.25,0.4478893280029297,0.4711770335688618,0.0042586250126464,0.9360753047732475,0.46968837408802927,0.575263158,0.016701386
lambda1_start_expansion96_s368_cont120000,LHCb_7:11,late_0p22_0p32,29.25,0.44748759269714355,0.4711770335688618,0.0042586250126464,0.9360753047732475,0.46966269328104504,0.575263158,0.016701386
lambda1_start_expansion96_s369_cont120000,LHCb_7:11,late_0p22_0p32,29.25,0.44694459438323975,0.4711770335688618,0.0042586250126464,0.9360753047732475,0.4696279822793201,0.575263158,0.016701386
lambda1_start_expansion96_s370_cont120000,LHCb_7:11,late_0p22_0p32,29.25,0.4481391906738281,0.4711770335688618,0.0042586250126464,0.9360753047732475,0.469704346483115,0.575263158,0.016701386
lambda1_start_expansion96_s371_cont120000,LHCb_7:11,late_0p22_0p32,29.25,0.4471306800842285,0.4711770335688618,0.0042586250126464,0.9360753047732475,0.4696398777510419,0.575263158,0.016701386
lambda1_start_expansion96_s372_cont120000,LHCb_7:11,late_0p22_0p32,29.25,0.4484705924987793,0.4711770335688618,0.0042586250126464,0.9360753047732475,0.4697255312437726,0.575263158,0.016701386
lambda1_start_expansion96_s373_cont120000,LHCb_7:11,late_0p22_0p32,29.25,0.4469658136367798,0.4711770335688618,0.0042586250126464,0.9360753047732475,0.4696293387136356,0.575263158,0.016701386
lambda1_start_expansion96_s374_cont120000,LHCb_7:11,late_0p22_0p32,29.25,0.4476269483566284,0.4711770335688618,0.0042586250126464,0.9360753047732475,0.46967160154910575,0.575263158,0.016701386
lambda1_start_expansion96_s375_cont120000,LHCb_7:11,late_0p22_0p32,29.25,0.44676172733306885,0.4711770335688618,0.0042586250126464,0.9360753047732475,0.46961629255887094,0.575263158,0.016701386
lambda1_start_expansion96_s376_cont120000,LHCb_7:11,late_0p22_0p32,29.25,0.44788575172424316,0.4711770335688618,0.0042586250126464,0.9360753047732475,0.4696881454755042,0.575263158,0.016701386
lambda1_start_expansion96_s377_cont120000,LHCb_7:11,late_0p22_0p32,29.25,0.44704556465148926,0.4711770335688618,0.0042586250126464,0.9360753047732475,0.4696344367729449,0.575263158,0.016701386
lambda1_start_expansion96_s378_cont120000,LHCb_7:11,late_0p22_0p32,29.25,0.44692039489746094,0.4711770335688618,0.0042586250126464,0.9360753047732475,0.46962643533456705,0.575263158,0.016701386
lambda1_start_expansion96_s379_cont120000,LHCb_7:11,late_0p22_0p32,29.25,0.44795775413513184,0.4711770335688618,0.0042586250126464,0.9360753047732475,0.4696927482076758,0.575263158,0.016701386
lambda1_start_expansion96_s380_cont120000,LHCb_7:11,late_0p22_0p32,29.25,0.4459402561187744,0.4711770335688618,0.0042586250126464,0.9360753047732475,0.4695637802618596,0.575263158,0.016701386
lambda1_start_expansion96_s381_cont120000,LHCb_7:11,late_0p22_0p32,29.25,0.4446272850036621,0.4711770335688618,0.0042586250126464,0.9360753047732475,0.4694798489834845,0.575263158,0.016701386
lambda1_start_expansion96_s382_cont120000,LHCb_7:11,late_0p22_0p32,29.25,0.44780611991882324,0.4711770335688618,0.0042586250126464,0.9360753047732475,0.46968305503661234,0.575263158,0.016701386
lambda1_start_expansion96_s383_cont120000,LHCb_7:11,late_0p22_0p32,29.25,0.444629430770874,0.4711770335688618,0.0042586250126464,0.9360753047732475,0.46947998615099956,0.575263158,0.016701386
lambda1_start_expansion96_s384_cont120000,LHCb_7:11,late_0p22_0p32,29.25,0.4478250741958618,0.4711770335688618,0.0042586250126464,0.9360753047732475,0.4696842666829953,0.575263158,0.016701386
lambda1_start_expansion96_s385_cont120000,LHCb_7:11,late_0p22_0p32,29.25,0.4493696689605713,0.4711770335688618,0.0042586250126464,0.9360753047732475,0.46978300443257814,0.575263158,0.016701386
lambda1_start_expansion96_s386_cont120000,LHCb_7:11,late_0p22_0p32,29.25,0.4484196901321411,0.4711770335688618,0.0042586250126464,0.9360753047732475,0.4697222773254989,0.575263158,0.016701386
lambda1_start_expansion96_s387_cont120000,LHCb_7:11,late_0p22_0p32,29.25,0.44759225845336914,0.4711770335688618,0.0042586250126464,0.9360753047732475,0.46966938400761243,0.575263158,0.016701386
lambda1_start_expansion96_s388_cont120000,LHCb_7:11,late_0p22_0p32,29.25,0.4475001096725464,0.4711770335688618,0.0042586250126464,0.9360753047732475,0.46966349342488284,0.575263158,0.016701386
lambda1_start_expansion96_s389_cont120000,LHCb_7:11,late_0p22_0p32,29.25,0.447415828704834,0.4711770335688618,0.0042586250126464,0.9360753047732475,0.4696581057897084,0.575263158,0.016701386
lambda1_start_expansion96_s390_cont120000,LHCb_7:11,late_0p22_0p32,29.25,0.4468510150909424,0.4711770335688618,0.0042586250126464,0.9360753047732475,0.46962200025158046,0.575263158,0.016701386
lambda1_start_expansion96_s391_cont120000,LHCb_7:11,late_0p22_0p32,29.25,0.44739043712615967,0.4711770335688618,0.0042586250126464,0.9360753047732475,0.4696564826407803,0.575263158,0.016701386
lambda1_start_expansion96_s392_cont120000,LHCb_7:11,late_0p22_0p32,29.25,0.44754016399383545,0.4711770335688618,0.0042586250126464,0.9360753047732475,0.46966605388516375,0.575263158,0.016701386
lambda1_start_expansion96_s393_cont120000,LHCb_7:11,late_0p22_0p32,29.25,0.446663498878479,0.4711770335688618,0.0042586250126464,0.9360753047732475,0.46961001333484864,0.575263158,0.016701386
lambda1_start_expansion96_s394_cont120000,LHCb_7:11,late_0p22_0p32,29.25,0.44802165031433105,0.4711770335688618,0.0042586250126464,0.9360753047732475,0.4696968327514573,0.575263158,0.016701386
lambda1_start_expansion96_s395_cont120000,LHCb_7:11,late_0p22_0p32,29.25,0.44729626178741455,0.4711770335688618,0.0042586250126464,0.9360753047732475,0.46965046251095316,0.575263158,0.016701386
lambda1_start_expansion96_s396_cont120000,LHCb_7:11,late_0p22_0p32,29.25,0.44821345806121826,0.4711770335688618,0.0042586250126464,0.9360753047732475,0.4697090940032192,0.575263158,0.016701386
lambda1_start_expansion96_s397_cont120000,LHCb_7:11,late_0p22_0p32,29.25,0.4470170736312866,0.4711770335688618,0.0042586250126464,0.9360753047732475,0.46963261549316176,0.575263158,0.016701386
lambda1_start_expansion96_s398_cont120000,LHCb_7:11,late_0p22_0p32,29.25,0.44717323780059814,0.4711770335688618,0.0042586250126464,0.9360753047732475,0.46964259824009036,0.575263158,0.016701386
exactbaseline_matched_reference_distance_b0p1_2p0_lam1e00_s303,LHCb_7:12,early_0p18_0p28,48.5,0.16028332710266113,0.1543864557409395,0.002930780886154,1.0,0.1543864557409395,0.19962069,0.0057891
exactbaseline_matched_reference_distance_b0p1_2p0_lam1e00_s304,LHCb_7:12,early_0p18_0p28,48.5,0.16058969497680664,0.1543864557409395,0.002930780886154,1.0,0.1543864557409395,0.19962069,0.0057891
exactbaseline_matched_reference_distance_b0p1_2p0_lam1e00_s305,LHCb_7:12,early_0p18_0p28,48.5,0.16028332710266113,0.1543864557409395,0.002930780886154,1.0,0.1543864557409395,0.19962069,0.0057891
exactbaseline_matched_reference_distance_b0p1_2p0_lam1e00_s306,LHCb_7:12,early_0p18_0p28,48.5,0.15994954109191895,0.1543864557409395,0.002930780886154,1.0,0.1543864557409395,0.19962069,0.0057891
exactbaseline_matched_reference_distance_b0p1_2p0_lam1e00_s307,LHCb_7:12,early_0p18_0p28,48.5,0.16072702407836914,0.1543864557409395,0.002930780886154,1.0,0.1543864557409395,0.19962069,0.0057891
exactbaseline_matched_reference_distance_b0p1_2p0_lam1e00_s308,LHCb_7:12,early_0p18_0p28,48.5,0.16014766693115234,0.1543864557409395,0.002930780886154,1.0,0.1543864557409395,0.19962069,0.0057891
exactbaseline_matched_reference_distance_b0p1_2p0_lam1e00_s309,LHCb_7:12,early_0p18_0p28,48.5,0.16006159782409668,0.1543864557409395,0.002930780886154,1.0,0.1543864557409395,0.19962069,0.0057891
exactbaseline_matched_reference_distance_b0p1_2p0_lam1e00_s310,LHCb_7:12,early_0p18_0p28,48.5,0.16040635108947754,0.1543864557409395,0.002930780886154,1.0,0.1543864557409395,0.19962069,0.0057891
exactbaseline_matched_reference_distance_b0p1_2p0_lam1e00_s311,LHCb_7:12,early_0p18_0p28,48.5,0.15994596481323242,0.1543864557409395,0.002930780886154,1.0,0.1543864557409395,0.19962069,0.0057891
exactbaseline_matched_reference_distance_b0p1_2p0_lam1e00_s312,LHCb_7:12,early_0p18_0p28,48.5,0.16026949882507324,0.1543864557409395,0.002930780886154,1.0,0.1543864557409395,0.19962069,0.0057891
exactbaseline_matched_reference_distance_b0p1_2p0_lam1e00_s313,LHCb_7:12,early_0p18_0p28,48.5,0.1605534553527832,0.1543864557409395,0.002930780886154,1.0,0.1543864557409395,0.19962069,0.0057891
exactbaseline_matched_reference_distance_b0p1_2p0_lam1e00_s314,LHCb_7:12,early_0p18_0p28,48.5,0.16032934188842773,0.1543864557409395,0.002930780886154,1.0,0.1543864557409395,0.19962069,0.0057891
exactbaseline_matched_reference_distance_b0p1_2p0_lam1e00_s315,LHCb_7:12,early_0p18_0p28,48.5,0.16037845611572266,0.1543864557409395,0.002930780886154,1.0,0.1543864557409395,0.19962069,0.0057891
exactbaseline_matched_reference_distance_b0p1_2p0_lam1e00_s316,LHCb_7:12,early_0p18_0p28,48.5,0.16028571128845215,0.1543864557409395,0.002930780886154,1.0,0.1543864557409395,0.19962069,0.0057891
exactbaseline_matched_reference_distance_b0p1_2p0_lam1e00_s317,LHCb_7:12,early_0p18_0p28,48.5,0.16039180755615234,0.1543864557409395,0.002930780886154,1.0,0.1543864557409395,0.19962069,0.0057891
exactbaseline_matched_reference_distance_b0p1_2p0_lam1e00_s318,LHCb_7:12,early_0p18_0p28,48.5,0.16033244132995605,0.1543864557409395,0.002930780886154,1.0,0.1543864557409395,0.19962069,0.0057891
exactbaseline_matched_reference_distance_b0p1_2p0_lam1e00_s319,LHCb_7:12,early_0p18_0p28,48.5,0.16052484512329102,0.1543864557409395,0.002930780886154,1.0,0.1543864557409395,0.19962069,0.0057891
exactbaseline_matched_reference_distance_b0p1_2p0_lam1e00_s320,LHCb_7:12,early_0p18_0p28,48.5,0.16029572486877441,0.1543864557409395,0.002930780886154,1.0,0.1543864557409395,0.19962069,0.0057891
exactbaseline_matched_reference_distance_b0p1_2p0_lam1e00_s321,LHCb_7:12,early_0p18_0p28,48.5,0.16024494171142578,0.1543864557409395,0.002930780886154,1.0,0.1543864557409395,0.19962069,0.0057891
exactbaseline_matched_reference_distance_b0p1_2p0_lam1e00_s322,LHCb_7:12,early_0p18_0p28,48.5,0.16031622886657715,0.1543864557409395,0.002930780886154,1.0,0.1543864557409395,0.19962069,0.0057891
exactbaseline_matched_reference_distance_b0p1_2p0_lam1e00_s323,LHCb_7:12,early_0p18_0p28,48.5,0.16030001640319824,0.1543864557409395,0.002930780886154,1.0,0.1543864557409395,0.19962069,0.0057891
exactbaseline_matched_reference_distance_b0p1_2p0_lam1e00_s324,LHCb_7:12,early_0p18_0p28,48.5,0.16031837463378906,0.1543864557409395,0.002930780886154,1.0,0.1543864557409395,0.19962069,0.0057891
exactbaseline_matched_reference_distance_b0p1_2p0_lam1e00_s325,LHCb_7:12,early_0p18_0p28,48.5,0.15994811058044434,0.1543864557409395,0.002930780886154,1.0,0.1543864557409395,0.19962069,0.0057891
exactbaseline_matched_reference_distance_b0p1_2p0_lam1e00_s326,LHCb_7:12,early_0p18_0p28,48.5,0.16056084632873535,0.1543864557409395,0.002930780886154,1.0,0.1543864557409395,0.19962069,0.0057891
lambda1_start_expansion48_s327_cont320000,LHCb_7:12,early_0p18_0p28,48.5,0.16060328483581543,0.1543864557409395,0.002930780886154,1.0,0.1543864557409395,0.19962069,0.0057891
lambda1_start_expansion48_s328_cont240000,LHCb_7:12,early_0p18_0p28,48.5,0.16070103645324707,0.1543864557409395,0.002930780886154,1.0,0.1543864557409395,0.19962069,0.0057891
lambda1_start_expansion48_s329_cont200000,LHCb_7:12,early_0p18_0p28,48.5,0.16054677963256836,0.1543864557409395,0.002930780886154,1.0,0.1543864557409395,0.19962069,0.0057891
lambda1_start_expansion48_s330_cont120000,LHCb_7:12,early_0p18_0p28,48.5,0.16044998168945312,0.1543864557409395,0.002930780886154,1.0,0.1543864557409395,0.19962069,0.0057891
lambda1_start_expansion48_s331_cont120000,LHCb_7:12,early_0p18_0p28,48.5,0.160722017288208,0.1543864557409395,0.002930780886154,1.0,0.1543864557409395,0.19962069,0.0057891
lambda1_start_expansion48_s332_cont120000,LHCb_7:12,early_0p18_0p28,48.5,0.16045856475830078,0.1543864557409395,0.002930780886154,1.0,0.1543864557409395,0.19962069,0.0057891
lambda1_start_expansion48_s333_cont120000,LHCb_7:12,early_0p18_0p28,48.5,0.16004514694213867,0.1543864557409395,0.002930780886154,1.0,0.1543864557409395,0.19962069,0.0057891
lambda1_start_expansion48_s334_cont120000,LHCb_7:12,early_0p18_0p28,48.5,0.16063523292541504,0.1543864557409395,0.002930780886154,1.0,0.1543864557409395,0.19962069,0.0057891
lambda1_start_expansion48_s335_cont120000,LHCb_7:12,early_0p18_0p28,48.5,0.16001176834106445,0.1543864557409395,0.002930780886154,1.0,0.1543864557409395,0.19962069,0.0057891
lambda1_start_expansion48_s336_cont120000,LHCb_7:12,early_0p18_0p28,48.5,0.16066551208496094,0.1543864557409395,0.002930780886154,1.0,0.1543864557409395,0.19962069,0.0057891
lambda1_start_expansion48_s337_cont120000,LHCb_7:12,early_0p18_0p28,48.5,0.16095852851867676,0.1543864557409395,0.002930780886154,1.0,0.1543864557409395,0.19962069,0.0057891
lambda1_start_expansion48_s338_cont120000,LHCb_7:12,early_0p18_0p28,48.5,0.1606919765472412,0.1543864557409395,0.002930780886154,1.0,0.1543864557409395,0.19962069,0.0057891
lambda1_start_expansion48_s339_cont120000,LHCb_7:12,early_0p18_0p28,48.5,0.1606144905090332,0.1543864557409395,0.002930780886154,1.0,0.1543864557409395,0.19962069,0.0057891
lambda1_start_expansion48_s340_cont120000,LHCb_7:12,early_0p18_0p28,48.5,0.16062068939208984,0.1543864557409395,0.002930780886154,1.0,0.1543864557409395,0.19962069,0.0057891
lambda1_start_expansion48_s341_cont120000,LHCb_7:12,early_0p18_0p28,48.5,0.16062688827514648,0.1543864557409395,0.002930780886154,1.0,0.1543864557409395,0.19962069,0.0057891
lambda1_start_expansion48_s342_cont120000,LHCb_7:12,early_0p18_0p28,48.5,0.1604616641998291,0.1543864557409395,0.002930780886154,1.0,0.1543864557409395,0.19962069,0.0057891
lambda1_start_expansion48_s343_cont120000,LHCb_7:12,early_0p18_0p28,48.5,0.16063523292541504,0.1543864557409395,0.002930780886154,1.0,0.1543864557409395,0.19962069,0.0057891
lambda1_start_expansion48_s344_cont120000,LHCb_7:12,early_0p18_0p28,48.5,0.16062116622924805,0.1543864557409395,0.002930780886154,1.0,0.1543864557409395,0.19962069,0.0057891
lambda1_start_expansion48_s345_cont120000,LHCb_7:12,early_0p18_0p28,48.5,0.16051578521728516,0.1543864557409395,0.002930780886154,1.0,0.1543864557409395,0.19962069,0.0057891
lambda1_start_expansion48_s346_cont120000,LHCb_7:12,early_0p18_0p28,48.5,0.16071128845214844,0.1543864557409395,0.002930780886154,1.0,0.1543864557409395,0.19962069,0.0057891
lambda1_start_expansion48_s347_cont120000,LHCb_7:12,early_0p18_0p28,48.5,0.16056513786315918,0.1543864557409395,0.002930780886154,1.0,0.1543864557409395,0.19962069,0.0057891
lambda1_start_expansion48_s348_cont120000,LHCb_7:12,early_0p18_0p28,48.5,0.16073966026306152,0.1543864557409395,0.002930780886154,1.0,0.1543864557409395,0.19962069,0.0057891
lambda1_start_expansion48_s349_cont160000,LHCb_7:12,early_0p18_0p28,48.5,0.16058063507080078,0.1543864557409395,0.002930780886154,1.0,0.1543864557409395,0.19962069,0.0057891
lambda1_start_expansion48_s350_cont120000,LHCb_7:12,early_0p18_0p28,48.5,0.16071343421936035,0.1543864557409395,0.002930780886154,1.0,0.1543864557409395,0.19962069,0.0057891
lambda1_start_expansion96_s351_cont120000,LHCb_7:12,early_0p18_0p28,48.5,0.16055655479431152,0.1543864557409395,0.002930780886154,1.0,0.1543864557409395,0.19962069,0.0057891
lambda1_start_expansion96_s352_cont120000,LHCb_7:12,early_0p18_0p28,48.5,0.1606886386871338,0.1543864557409395,0.002930780886154,1.0,0.1543864557409395,0.19962069,0.0057891
lambda1_start_expansion96_s353_cont120000,LHCb_7:12,early_0p18_0p28,48.5,0.16055679321289062,0.1543864557409395,0.002930780886154,1.0,0.1543864557409395,0.19962069,0.0057891
lambda1_start_expansion96_s354_cont120000,LHCb_7:12,early_0p18_0p28,48.5,0.16044330596923828,0.1543864557409395,0.002930780886154,1.0,0.1543864557409395,0.19962069,0.0057891
lambda1_start_expansion96_s355_cont120000,LHCb_7:12,early_0p18_0p28,48.5,0.1607215404510498,0.1543864557409395,0.002930780886154,1.0,0.1543864557409395,0.19962069,0.0057891
lambda1_start_expansion96_s356_cont120000,LHCb_7:12,early_0p18_0p28,48.5,0.16033482551574707,0.1543864557409395,0.002930780886154,1.0,0.1543864557409395,0.19962069,0.0057891
lambda1_start_expansion96_s357_cont120000,LHCb_7:12,early_0p18_0p28,48.5,0.16004085540771484,0.1543864557409395,0.002930780886154,1.0,0.1543864557409395,0.19962069,0.0057891
lambda1_start_expansion96_s358_cont120000,LHCb_7:12,early_0p18_0p28,48.5,0.1606287956237793,0.1543864557409395,0.002930780886154,1.0,0.1543864557409395,0.19962069,0.0057891
lambda1_start_expansion96_s359_cont120000,LHCb_7:12,early_0p18_0p28,48.5,0.16001248359680176,0.1543864557409395,0.002930780886154,1.0,0.1543864557409395,0.19962069,0.0057891
lambda1_start_expansion96_s360_cont120000,LHCb_7:12,early_0p18_0p28,48.5,0.160660982131958,0.1543864557409395,0.002930780886154,1.0,0.1543864557409395,0.19962069,0.0057891
lambda1_start_expansion96_s361_cont120000,LHCb_7:12,early_0p18_0p28,48.5,0.16094303131103516,0.1543864557409395,0.002930780886154,1.0,0.1543864557409395,0.19962069,0.0057891
lambda1_start_expansion96_s362_cont120000,LHCb_7:12,early_0p18_0p28,48.5,0.16072964668273926,0.1543864557409395,0.002930780886154,1.0,0.1543864557409395,0.19962069,0.0057891
lambda1_start_expansion96_s363_cont120000,LHCb_7:12,early_0p18_0p28,48.5,0.1605982780456543,0.1543864557409395,0.002930780886154,1.0,0.1543864557409395,0.19962069,0.0057891
lambda1_start_expansion96_s364_cont120000,LHCb_7:12,early_0p18_0p28,48.5,0.16054987907409668,0.1543864557409395,0.002930780886154,1.0,0.1543864557409395,0.19962069,0.0057891
lambda1_start_expansion96_s365_cont120000,LHCb_7:12,early_0p18_0p28,48.5,0.16053342819213867,0.1543864557409395,0.002930780886154,1.0,0.1543864557409395,0.19962069,0.0057891
lambda1_start_expansion96_s366_cont120000,LHCb_7:12,early_0p18_0p28,48.5,0.16048073768615723,0.1543864557409395,0.002930780886154,1.0,0.1543864557409395,0.19962069,0.0057891
lambda1_start_expansion96_s367_cont120000,LHCb_7:12,early_0p18_0p28,48.5,0.1606757640838623,0.1543864557409395,0.002930780886154,1.0,0.1543864557409395,0.19962069,0.0057891
lambda1_start_expansion96_s368_cont120000,LHCb_7:12,early_0p18_0p28,48.5,0.16062307357788086,0.1543864557409395,0.002930780886154,1.0,0.1543864557409395,0.19962069,0.0057891
lambda1_start_expansion96_s369_cont120000,LHCb_7:12,early_0p18_0p28,48.5,0.16049790382385254,0.1543864557409395,0.002930780886154,1.0,0.1543864557409395,0.19962069,0.0057891
lambda1_start_expansion96_s370_cont120000,LHCb_7:12,early_0p18_0p28,48.5,0.1607193946838379,0.1543864557409395,0.002930780886154,1.0,0.1543864557409395,0.19962069,0.0057891
lambda1_start_expansion96_s371_cont120000,LHCb_7:12,early_0p18_0p28,48.5,0.16054129600524902,0.1543864557409395,0.002930780886154,1.0,0.1543864557409395,0.19962069,0.0057891
lambda1_start_expansion96_s372_cont120000,LHCb_7:12,early_0p18_0p28,48.5,0.16076087951660156,0.1543864557409395,0.002930780886154,1.0,0.1543864557409395,0.19962069,0.0057891
lambda1_start_expansion96_s373_cont120000,LHCb_7:12,early_0p18_0p28,48.5,0.160475492477417,0.1543864557409395,0.002930780886154,1.0,0.1543864557409395,0.19962069,0.0057891
lambda1_start_expansion96_s374_cont120000,LHCb_7:12,early_0p18_0p28,48.5,0.16063833236694336,0.1543864557409395,0.002930780886154,1.0,0.1543864557409395,0.19962069,0.0057891
lambda1_start_expansion96_s375_cont120000,LHCb_7:12,early_0p18_0p28,48.5,0.1604933738708496,0.1543864557409395,0.002930780886154,1.0,0.1543864557409395,0.19962069,0.0057891
lambda1_start_expansion96_s376_cont120000,LHCb_7:12,early_0p18_0p28,48.5,0.16068601608276367,0.1543864557409395,0.002930780886154,1.0,0.1543864557409395,0.19962069,0.0057891
lambda1_start_expansion96_s377_cont120000,LHCb_7:12,early_0p18_0p28,48.5,0.16053342819213867,0.1543864557409395,0.002930780886154,1.0,0.1543864557409395,0.19962069,0.0057891
lambda1_start_expansion96_s378_cont120000,LHCb_7:12,early_0p18_0p28,48.5,0.160491943359375,0.1543864557409395,0.002930780886154,1.0,0.1543864557409395,0.19962069,0.0057891
lambda1_start_expansion96_s379_cont120000,LHCb_7:12,early_0p18_0p28,48.5,0.1607189178466797,0.1543864557409395,0.002930780886154,1.0,0.1543864557409395,0.19962069,0.0057891
lambda1_start_expansion96_s380_cont120000,LHCb_7:12,early_0p18_0p28,48.5,0.1603078842163086,0.1543864557409395,0.002930780886154,1.0,0.1543864557409395,0.19962069,0.0057891
lambda1_start_expansion96_s381_cont120000,LHCb_7:12,early_0p18_0p28,48.5,0.16001558303833008,0.1543864557409395,0.002930780886154,1.0,0.1543864557409395,0.19962069,0.0057891
lambda1_start_expansion96_s382_cont120000,LHCb_7:12,early_0p18_0p28,48.5,0.16066551208496094,0.1543864557409395,0.002930780886154,1.0,0.1543864557409395,0.19962069,0.0057891
lambda1_start_expansion96_s383_cont120000,LHCb_7:12,early_0p18_0p28,48.5,0.16001248359680176,0.1543864557409395,0.002930780886154,1.0,0.1543864557409395,0.19962069,0.0057891
lambda1_start_expansion96_s384_cont120000,LHCb_7:12,early_0p18_0p28,48.5,0.1606597900390625,0.1543864557409395,0.002930780886154,1.0,0.1543864557409395,0.19962069,0.0057891
lambda1_start_expansion96_s385_cont120000,LHCb_7:12,early_0p18_0p28,48.5,0.16093063354492188,0.1543864557409395,0.002930780886154,1.0,0.1543864557409395,0.19962069,0.0057891
lambda1_start_expansion96_s386_cont120000,LHCb_7:12,early_0p18_0p28,48.5,0.16076326370239258,0.1543864557409395,0.002930780886154,1.0,0.1543864557409395,0.19962069,0.0057891
lambda1_start_expansion96_s387_cont120000,LHCb_7:12,early_0p18_0p28,48.5,0.1606001853942871,0.1543864557409395,0.002930780886154,1.0,0.1543864557409395,0.19962069,0.0057891
lambda1_start_expansion96_s388_cont120000,LHCb_7:12,early_0p18_0p28,48.5,0.16060614585876465,0.1543864557409395,0.002930780886154,1.0,0.1543864557409395,0.19962069,0.0057891
lambda1_start_expansion96_s389_cont120000,LHCb_7:12,early_0p18_0p28,48.5,0.1605968475341797,0.1543864557409395,0.002930780886154,1.0,0.1543864557409395,0.19962069,0.0057891
lambda1_start_expansion96_s390_cont120000,LHCb_7:12,early_0p18_0p28,48.5,0.16050219535827637,0.1543864557409395,0.002930780886154,1.0,0.1543864557409395,0.19962069,0.0057891
lambda1_start_expansion96_s391_cont120000,LHCb_7:12,early_0p18_0p28,48.5,0.16057968139648438,0.1543864557409395,0.002930780886154,1.0,0.1543864557409395,0.19962069,0.0057891
lambda1_start_expansion96_s392_cont120000,LHCb_7:12,early_0p18_0p28,48.5,0.1606302261352539,0.1543864557409395,0.002930780886154,1.0,0.1543864557409395,0.19962069,0.0057891
lambda1_start_expansion96_s393_cont120000,LHCb_7:12,early_0p18_0p28,48.5,0.16044998168945312,0.1543864557409395,0.002930780886154,1.0,0.1543864557409395,0.19962069,0.0057891
lambda1_start_expansion96_s394_cont120000,LHCb_7:12,early_0p18_0p28,48.5,0.16069817543029785,0.1543864557409395,0.002930780886154,1.0,0.1543864557409395,0.19962069,0.0057891
lambda1_start_expansion96_s395_cont120000,LHCb_7:12,early_0p18_0p28,48.5,0.1605672836303711,0.1543864557409395,0.002930780886154,1.0,0.1543864557409395,0.19962069,0.0057891
lambda1_start_expansion96_s396_cont120000,LHCb_7:12,early_0p18_0p28,48.5,0.16071653366088867,0.1543864557409395,0.002930780886154,1.0,0.1543864557409395,0.19962069,0.0057891
lambda1_start_expansion96_s397_cont120000,LHCb_7:12,early_0p18_0p28,48.5,0.1604776382446289,0.1543864557409395,0.002930780886154,1.0,0.1543864557409395,0.19962069,0.0057891
lambda1_start_expansion96_s398_cont120000,LHCb_7:12,early_0p18_0p28,48.5,0.16057300567626953,0.1543864557409395,0.002930780886154,1.0,0.1543864557409395,0.19962069,0.0057891
exactbaseline_matched_reference_distance_b0p1_2p0_lam1e00_s303,LHCb_7:12,central_0p20_0p30,48.5,0.16028332710266113,0.1543864557409395,0.002930780886154,1.0,0.1543864557409395,0.19962069,0.0057891
exactbaseline_matched_reference_distance_b0p1_2p0_lam1e00_s304,LHCb_7:12,central_0p20_0p30,48.5,0.16058969497680664,0.1543864557409395,0.002930780886154,1.0,0.1543864557409395,0.19962069,0.0057891
exactbaseline_matched_reference_distance_b0p1_2p0_lam1e00_s305,LHCb_7:12,central_0p20_0p30,48.5,0.16028332710266113,0.1543864557409395,0.002930780886154,1.0,0.1543864557409395,0.19962069,0.0057891
exactbaseline_matched_reference_distance_b0p1_2p0_lam1e00_s306,LHCb_7:12,central_0p20_0p30,48.5,0.15994954109191895,0.1543864557409395,0.002930780886154,1.0,0.1543864557409395,0.19962069,0.0057891
exactbaseline_matched_reference_distance_b0p1_2p0_lam1e00_s307,LHCb_7:12,central_0p20_0p30,48.5,0.16072702407836914,0.1543864557409395,0.002930780886154,1.0,0.1543864557409395,0.19962069,0.0057891
exactbaseline_matched_reference_distance_b0p1_2p0_lam1e00_s308,LHCb_7:12,central_0p20_0p30,48.5,0.16014766693115234,0.1543864557409395,0.002930780886154,1.0,0.1543864557409395,0.19962069,0.0057891
exactbaseline_matched_reference_distance_b0p1_2p0_lam1e00_s309,LHCb_7:12,central_0p20_0p30,48.5,0.16006159782409668,0.1543864557409395,0.002930780886154,1.0,0.1543864557409395,0.19962069,0.0057891
exactbaseline_matched_reference_distance_b0p1_2p0_lam1e00_s310,LHCb_7:12,central_0p20_0p30,48.5,0.16040635108947754,0.1543864557409395,0.002930780886154,1.0,0.1543864557409395,0.19962069,0.0057891
exactbaseline_matched_reference_distance_b0p1_2p0_lam1e00_s311,LHCb_7:12,central_0p20_0p30,48.5,0.15994596481323242,0.1543864557409395,0.002930780886154,1.0,0.1543864557409395,0.19962069,0.0057891
exactbaseline_matched_reference_distance_b0p1_2p0_lam1e00_s312,LHCb_7:12,central_0p20_0p30,48.5,0.16026949882507324,0.1543864557409395,0.002930780886154,1.0,0.1543864557409395,0.19962069,0.0057891
exactbaseline_matched_reference_distance_b0p1_2p0_lam1e00_s313,LHCb_7:12,central_0p20_0p30,48.5,0.1605534553527832,0.1543864557409395,0.002930780886154,1.0,0.1543864557409395,0.19962069,0.0057891
exactbaseline_matched_reference_distance_b0p1_2p0_lam1e00_s314,LHCb_7:12,central_0p20_0p30,48.5,0.16032934188842773,0.1543864557409395,0.002930780886154,1.0,0.1543864557409395,0.19962069,0.0057891
exactbaseline_matched_reference_distance_b0p1_2p0_lam1e00_s315,LHCb_7:12,central_0p20_0p30,48.5,0.16037845611572266,0.1543864557409395,0.002930780886154,1.0,0.1543864557409395,0.19962069,0.0057891
exactbaseline_matched_reference_distance_b0p1_2p0_lam1e00_s316,LHCb_7:12,central_0p20_0p30,48.5,0.16028571128845215,0.1543864557409395,0.002930780886154,1.0,0.1543864557409395,0.19962069,0.0057891
exactbaseline_matched_reference_distance_b0p1_2p0_lam1e00_s317,LHCb_7:12,central_0p20_0p30,48.5,0.16039180755615234,0.1543864557409395,0.002930780886154,1.0,0.1543864557409395,0.19962069,0.0057891
exactbaseline_matched_reference_distance_b0p1_2p0_lam1e00_s318,LHCb_7:12,central_0p20_0p30,48.5,0.16033244132995605,0.1543864557409395,0.002930780886154,1.0,0.1543864557409395,0.19962069,0.0057891
exactbaseline_matched_reference_distance_b0p1_2p0_lam1e00_s319,LHCb_7:12,central_0p20_0p30,48.5,0.16052484512329102,0.1543864557409395,0.002930780886154,1.0,0.1543864557409395,0.19962069,0.0057891
exactbaseline_matched_reference_distance_b0p1_2p0_lam1e00_s320,LHCb_7:12,central_0p20_0p30,48.5,0.16029572486877441,0.1543864557409395,0.002930780886154,1.0,0.1543864557409395,0.19962069,0.0057891
exactbaseline_matched_reference_distance_b0p1_2p0_lam1e00_s321,LHCb_7:12,central_0p20_0p30,48.5,0.16024494171142578,0.1543864557409395,0.002930780886154,1.0,0.1543864557409395,0.19962069,0.0057891
exactbaseline_matched_reference_distance_b0p1_2p0_lam1e00_s322,LHCb_7:12,central_0p20_0p30,48.5,0.16031622886657715,0.1543864557409395,0.002930780886154,1.0,0.1543864557409395,0.19962069,0.0057891
exactbaseline_matched_reference_distance_b0p1_2p0_lam1e00_s323,LHCb_7:12,central_0p20_0p30,48.5,0.16030001640319824,0.1543864557409395,0.002930780886154,1.0,0.1543864557409395,0.19962069,0.0057891
exactbaseline_matched_reference_distance_b0p1_2p0_lam1e00_s324,LHCb_7:12,central_0p20_0p30,48.5,0.16031837463378906,0.1543864557409395,0.002930780886154,1.0,0.1543864557409395,0.19962069,0.0057891
exactbaseline_matched_reference_distance_b0p1_2p0_lam1e00_s325,LHCb_7:12,central_0p20_0p30,48.5,0.15994811058044434,0.1543864557409395,0.002930780886154,1.0,0.1543864557409395,0.19962069,0.0057891
exactbaseline_matched_reference_distance_b0p1_2p0_lam1e00_s326,LHCb_7:12,central_0p20_0p30,48.5,0.16056084632873535,0.1543864557409395,0.002930780886154,1.0,0.1543864557409395,0.19962069,0.0057891
lambda1_start_expansion48_s327_cont320000,LHCb_7:12,central_0p20_0p30,48.5,0.16060328483581543,0.1543864557409395,0.002930780886154,1.0,0.1543864557409395,0.19962069,0.0057891
lambda1_start_expansion48_s328_cont240000,LHCb_7:12,central_0p20_0p30,48.5,0.16070103645324707,0.1543864557409395,0.002930780886154,1.0,0.1543864557409395,0.19962069,0.0057891
lambda1_start_expansion48_s329_cont200000,LHCb_7:12,central_0p20_0p30,48.5,0.16054677963256836,0.1543864557409395,0.002930780886154,1.0,0.1543864557409395,0.19962069,0.0057891
lambda1_start_expansion48_s330_cont120000,LHCb_7:12,central_0p20_0p30,48.5,0.16044998168945312,0.1543864557409395,0.002930780886154,1.0,0.1543864557409395,0.19962069,0.0057891
lambda1_start_expansion48_s331_cont120000,LHCb_7:12,central_0p20_0p30,48.5,0.160722017288208,0.1543864557409395,0.002930780886154,1.0,0.1543864557409395,0.19962069,0.0057891
lambda1_start_expansion48_s332_cont120000,LHCb_7:12,central_0p20_0p30,48.5,0.16045856475830078,0.1543864557409395,0.002930780886154,1.0,0.1543864557409395,0.19962069,0.0057891
lambda1_start_expansion48_s333_cont120000,LHCb_7:12,central_0p20_0p30,48.5,0.16004514694213867,0.1543864557409395,0.002930780886154,1.0,0.1543864557409395,0.19962069,0.0057891
lambda1_start_expansion48_s334_cont120000,LHCb_7:12,central_0p20_0p30,48.5,0.16063523292541504,0.1543864557409395,0.002930780886154,1.0,0.1543864557409395,0.19962069,0.0057891
lambda1_start_expansion48_s335_cont120000,LHCb_7:12,central_0p20_0p30,48.5,0.16001176834106445,0.1543864557409395,0.002930780886154,1.0,0.1543864557409395,0.19962069,0.0057891
lambda1_start_expansion48_s336_cont120000,LHCb_7:12,central_0p20_0p30,48.5,0.16066551208496094,0.1543864557409395,0.002930780886154,1.0,0.1543864557409395,0.19962069,0.0057891
lambda1_start_expansion48_s337_cont120000,LHCb_7:12,central_0p20_0p30,48.5,0.16095852851867676,0.1543864557409395,0.002930780886154,1.0,0.1543864557409395,0.19962069,0.0057891
lambda1_start_expansion48_s338_cont120000,LHCb_7:12,central_0p20_0p30,48.5,0.1606919765472412,0.1543864557409395,0.002930780886154,1.0,0.1543864557409395,0.19962069,0.0057891
lambda1_start_expansion48_s339_cont120000,LHCb_7:12,central_0p20_0p30,48.5,0.1606144905090332,0.1543864557409395,0.002930780886154,1.0,0.1543864557409395,0.19962069,0.0057891
lambda1_start_expansion48_s340_cont120000,LHCb_7:12,central_0p20_0p30,48.5,0.16062068939208984,0.1543864557409395,0.002930780886154,1.0,0.1543864557409395,0.19962069,0.0057891
lambda1_start_expansion48_s341_cont120000,LHCb_7:12,central_0p20_0p30,48.5,0.16062688827514648,0.1543864557409395,0.002930780886154,1.0,0.1543864557409395,0.19962069,0.0057891
lambda1_start_expansion48_s342_cont120000,LHCb_7:12,central_0p20_0p30,48.5,0.1604616641998291,0.1543864557409395,0.002930780886154,1.0,0.1543864557409395,0.19962069,0.0057891
lambda1_start_expansion48_s343_cont120000,LHCb_7:12,central_0p20_0p30,48.5,0.16063523292541504,0.1543864557409395,0.002930780886154,1.0,0.1543864557409395,0.19962069,0.0057891
lambda1_start_expansion48_s344_cont120000,LHCb_7:12,central_0p20_0p30,48.5,0.16062116622924805,0.1543864557409395,0.002930780886154,1.0,0.1543864557409395,0.19962069,0.0057891
lambda1_start_expansion48_s345_cont120000,LHCb_7:12,central_0p20_0p30,48.5,0.16051578521728516,0.1543864557409395,0.002930780886154,1.0,0.1543864557409395,0.19962069,0.0057891
lambda1_start_expansion48_s346_cont120000,LHCb_7:12,central_0p20_0p30,48.5,0.16071128845214844,0.1543864557409395,0.002930780886154,1.0,0.1543864557409395,0.19962069,0.0057891
lambda1_start_expansion48_s347_cont120000,LHCb_7:12,central_0p20_0p30,48.5,0.16056513786315918,0.1543864557409395,0.002930780886154,1.0,0.1543864557409395,0.19962069,0.0057891
lambda1_start_expansion48_s348_cont120000,LHCb_7:12,central_0p20_0p30,48.5,0.16073966026306152,0.1543864557409395,0.002930780886154,1.0,0.1543864557409395,0.19962069,0.0057891
lambda1_start_expansion48_s349_cont160000,LHCb_7:12,central_0p20_0p30,48.5,0.16058063507080078,0.1543864557409395,0.002930780886154,1.0,0.1543864557409395,0.19962069,0.0057891
lambda1_start_expansion48_s350_cont120000,LHCb_7:12,central_0p20_0p30,48.5,0.16071343421936035,0.1543864557409395,0.002930780886154,1.0,0.1543864557409395,0.19962069,0.0057891
lambda1_start_expansion96_s351_cont120000,LHCb_7:12,central_0p20_0p30,48.5,0.16055655479431152,0.1543864557409395,0.002930780886154,1.0,0.1543864557409395,0.19962069,0.0057891
lambda1_start_expansion96_s352_cont120000,LHCb_7:12,central_0p20_0p30,48.5,0.1606886386871338,0.1543864557409395,0.002930780886154,1.0,0.1543864557409395,0.19962069,0.0057891
lambda1_start_expansion96_s353_cont120000,LHCb_7:12,central_0p20_0p30,48.5,0.16055679321289062,0.1543864557409395,0.002930780886154,1.0,0.1543864557409395,0.19962069,0.0057891
lambda1_start_expansion96_s354_cont120000,LHCb_7:12,central_0p20_0p30,48.5,0.16044330596923828,0.1543864557409395,0.002930780886154,1.0,0.1543864557409395,0.19962069,0.0057891
lambda1_start_expansion96_s355_cont120000,LHCb_7:12,central_0p20_0p30,48.5,0.1607215404510498,0.1543864557409395,0.002930780886154,1.0,0.1543864557409395,0.19962069,0.0057891
lambda1_start_expansion96_s356_cont120000,LHCb_7:12,central_0p20_0p30,48.5,0.16033482551574707,0.1543864557409395,0.002930780886154,1.0,0.1543864557409395,0.19962069,0.0057891
lambda1_start_expansion96_s357_cont120000,LHCb_7:12,central_0p20_0p30,48.5,0.16004085540771484,0.1543864557409395,0.002930780886154,1.0,0.1543864557409395,0.19962069,0.0057891
lambda1_start_expansion96_s358_cont120000,LHCb_7:12,central_0p20_0p30,48.5,0.1606287956237793,0.1543864557409395,0.002930780886154,1.0,0.1543864557409395,0.19962069,0.0057891
lambda1_start_expansion96_s359_cont120000,LHCb_7:12,central_0p20_0p30,48.5,0.16001248359680176,0.1543864557409395,0.002930780886154,1.0,0.1543864557409395,0.19962069,0.0057891
lambda1_start_expansion96_s360_cont120000,LHCb_7:12,central_0p20_0p30,48.5,0.160660982131958,0.1543864557409395,0.002930780886154,1.0,0.1543864557409395,0.19962069,0.0057891
lambda1_start_expansion96_s361_cont120000,LHCb_7:12,central_0p20_0p30,48.5,0.16094303131103516,0.1543864557409395,0.002930780886154,1.0,0.1543864557409395,0.19962069,0.0057891
lambda1_start_expansion96_s362_cont120000,LHCb_7:12,central_0p20_0p30,48.5,0.16072964668273926,0.1543864557409395,0.002930780886154,1.0,0.1543864557409395,0.19962069,0.0057891
lambda1_start_expansion96_s363_cont120000,LHCb_7:12,central_0p20_0p30,48.5,0.1605982780456543,0.1543864557409395,0.002930780886154,1.0,0.1543864557409395,0.19962069,0.0057891
lambda1_start_expansion96_s364_cont120000,LHCb_7:12,central_0p20_0p30,48.5,0.16054987907409668,0.1543864557409395,0.002930780886154,1.0,0.1543864557409395,0.19962069,0.0057891
lambda1_start_expansion96_s365_cont120000,LHCb_7:12,central_0p20_0p30,48.5,0.16053342819213867,0.1543864557409395,0.002930780886154,1.0,0.1543864557409395,0.19962069,0.0057891
lambda1_start_expansion96_s366_cont120000,LHCb_7:12,central_0p20_0p30,48.5,0.16048073768615723,0.1543864557409395,0.002930780886154,1.0,0.1543864557409395,0.19962069,0.0057891
lambda1_start_expansion96_s367_cont120000,LHCb_7:12,central_0p20_0p30,48.5,0.1606757640838623,0.1543864557409395,0.002930780886154,1.0,0.1543864557409395,0.19962069,0.0057891
lambda1_start_expansion96_s368_cont120000,LHCb_7:12,central_0p20_0p30,48.5,0.16062307357788086,0.1543864557409395,0.002930780886154,1.0,0.1543864557409395,0.19962069,0.0057891
lambda1_start_expansion96_s369_cont120000,LHCb_7:12,central_0p20_0p30,48.5,0.16049790382385254,0.1543864557409395,0.002930780886154,1.0,0.1543864557409395,0.19962069,0.0057891
lambda1_start_expansion96_s370_cont120000,LHCb_7:12,central_0p20_0p30,48.5,0.1607193946838379,0.1543864557409395,0.002930780886154,1.0,0.1543864557409395,0.19962069,0.0057891
lambda1_start_expansion96_s371_cont120000,LHCb_7:12,central_0p20_0p30,48.5,0.16054129600524902,0.1543864557409395,0.002930780886154,1.0,0.1543864557409395,0.19962069,0.0057891
lambda1_start_expansion96_s372_cont120000,LHCb_7:12,central_0p20_0p30,48.5,0.16076087951660156,0.1543864557409395,0.002930780886154,1.0,0.1543864557409395,0.19962069,0.0057891
lambda1_start_expansion96_s373_cont120000,LHCb_7:12,central_0p20_0p30,48.5,0.160475492477417,0.1543864557409395,0.002930780886154,1.0,0.1543864557409395,0.19962069,0.0057891
lambda1_start_expansion96_s374_cont120000,LHCb_7:12,central_0p20_0p30,48.5,0.16063833236694336,0.1543864557409395,0.002930780886154,1.0,0.1543864557409395,0.19962069,0.0057891
lambda1_start_expansion96_s375_cont120000,LHCb_7:12,central_0p20_0p30,48.5,0.1604933738708496,0.1543864557409395,0.002930780886154,1.0,0.1543864557409395,0.19962069,0.0057891
lambda1_start_expansion96_s376_cont120000,LHCb_7:12,central_0p20_0p30,48.5,0.16068601608276367,0.1543864557409395,0.002930780886154,1.0,0.1543864557409395,0.19962069,0.0057891
lambda1_start_expansion96_s377_cont120000,LHCb_7:12,central_0p20_0p30,48.5,0.16053342819213867,0.1543864557409395,0.002930780886154,1.0,0.1543864557409395,0.19962069,0.0057891
lambda1_start_expansion96_s378_cont120000,LHCb_7:12,central_0p20_0p30,48.5,0.160491943359375,0.1543864557409395,0.002930780886154,1.0,0.1543864557409395,0.19962069,0.0057891
lambda1_start_expansion96_s379_cont120000,LHCb_7:12,central_0p20_0p30,48.5,0.1607189178466797,0.1543864557409395,0.002930780886154,1.0,0.1543864557409395,0.19962069,0.0057891
lambda1_start_expansion96_s380_cont120000,LHCb_7:12,central_0p20_0p30,48.5,0.1603078842163086,0.1543864557409395,0.002930780886154,1.0,0.1543864557409395,0.19962069,0.0057891
lambda1_start_expansion96_s381_cont120000,LHCb_7:12,central_0p20_0p30,48.5,0.16001558303833008,0.1543864557409395,0.002930780886154,1.0,0.1543864557409395,0.19962069,0.0057891
lambda1_start_expansion96_s382_cont120000,LHCb_7:12,central_0p20_0p30,48.5,0.16066551208496094,0.1543864557409395,0.002930780886154,1.0,0.1543864557409395,0.19962069,0.0057891
lambda1_start_expansion96_s383_cont120000,LHCb_7:12,central_0p20_0p30,48.5,0.16001248359680176,0.1543864557409395,0.002930780886154,1.0,0.1543864557409395,0.19962069,0.0057891
lambda1_start_expansion96_s384_cont120000,LHCb_7:12,central_0p20_0p30,48.5,0.1606597900390625,0.1543864557409395,0.002930780886154,1.0,0.1543864557409395,0.19962069,0.0057891
lambda1_start_expansion96_s385_cont120000,LHCb_7:12,central_0p20_0p30,48.5,0.16093063354492188,0.1543864557409395,0.002930780886154,1.0,0.1543864557409395,0.19962069,0.0057891
lambda1_start_expansion96_s386_cont120000,LHCb_7:12,central_0p20_0p30,48.5,0.16076326370239258,0.1543864557409395,0.002930780886154,1.0,0.1543864557409395,0.19962069,0.0057891
lambda1_start_expansion96_s387_cont120000,LHCb_7:12,central_0p20_0p30,48.5,0.1606001853942871,0.1543864557409395,0.002930780886154,1.0,0.1543864557409395,0.19962069,0.0057891
lambda1_start_expansion96_s388_cont120000,LHCb_7:12,central_0p20_0p30,48.5,0.16060614585876465,0.1543864557409395,0.002930780886154,1.0,0.1543864557409395,0.19962069,0.0057891
lambda1_start_expansion96_s389_cont120000,LHCb_7:12,central_0p20_0p30,48.5,0.1605968475341797,0.1543864557409395,0.002930780886154,1.0,0.1543864557409395,0.19962069,0.0057891
lambda1_start_expansion96_s390_cont120000,LHCb_7:12,central_0p20_0p30,48.5,0.16050219535827637,0.1543864557409395,0.002930780886154,1.0,0.1543864557409395,0.19962069,0.0057891
lambda1_start_expansion96_s391_cont120000,LHCb_7:12,central_0p20_0p30,48.5,0.16057968139648438,0.1543864557409395,0.002930780886154,1.0,0.1543864557409395,0.19962069,0.0057891
lambda1_start_expansion96_s392_cont120000,LHCb_7:12,central_0p20_0p30,48.5,0.1606302261352539,0.1543864557409395,0.002930780886154,1.0,0.1543864557409395,0.19962069,0.0057891
lambda1_start_expansion96_s393_cont120000,LHCb_7:12,central_0p20_0p30,48.5,0.16044998168945312,0.1543864557409395,0.002930780886154,1.0,0.1543864557409395,0.19962069,0.0057891
lambda1_start_expansion96_s394_cont120000,LHCb_7:12,central_0p20_0p30,48.5,0.16069817543029785,0.1543864557409395,0.002930780886154,1.0,0.1543864557409395,0.19962069,0.0057891
lambda1_start_expansion96_s395_cont120000,LHCb_7:12,central_0p20_0p30,48.5,0.1605672836303711,0.1543864557409395,0.002930780886154,1.0,0.1543864557409395,0.19962069,0.0057891
lambda1_start_expansion96_s396_cont120000,LHCb_7:12,central_0p20_0p30,48.5,0.16071653366088867,0.1543864557409395,0.002930780886154,1.0,0.1543864557409395,0.19962069,0.0057891
lambda1_start_expansion96_s397_cont120000,LHCb_7:12,central_0p20_0p30,48.5,0.1604776382446289,0.1543864557409395,0.002930780886154,1.0,0.1543864557409395,0.19962069,0.0057891
lambda1_start_expansion96_s398_cont120000,LHCb_7:12,central_0p20_0p30,48.5,0.16057300567626953,0.1543864557409395,0.002930780886154,1.0,0.1543864557409395,0.19962069,0.0057891
exactbaseline_matched_reference_distance_b0p1_2p0_lam1e00_s303,LHCb_7:12,late_0p22_0p32,48.5,0.16028332710266113,0.1543864557409395,0.002930780886154,1.0,0.1543864557409395,0.19962069,0.0057891
exactbaseline_matched_reference_distance_b0p1_2p0_lam1e00_s304,LHCb_7:12,late_0p22_0p32,48.5,0.16058969497680664,0.1543864557409395,0.002930780886154,1.0,0.1543864557409395,0.19962069,0.0057891
exactbaseline_matched_reference_distance_b0p1_2p0_lam1e00_s305,LHCb_7:12,late_0p22_0p32,48.5,0.16028332710266113,0.1543864557409395,0.002930780886154,1.0,0.1543864557409395,0.19962069,0.0057891
exactbaseline_matched_reference_distance_b0p1_2p0_lam1e00_s306,LHCb_7:12,late_0p22_0p32,48.5,0.15994954109191895,0.1543864557409395,0.002930780886154,1.0,0.1543864557409395,0.19962069,0.0057891
exactbaseline_matched_reference_distance_b0p1_2p0_lam1e00_s307,LHCb_7:12,late_0p22_0p32,48.5,0.16072702407836914,0.1543864557409395,0.002930780886154,1.0,0.1543864557409395,0.19962069,0.0057891
exactbaseline_matched_reference_distance_b0p1_2p0_lam1e00_s308,LHCb_7:12,late_0p22_0p32,48.5,0.16014766693115234,0.1543864557409395,0.002930780886154,1.0,0.1543864557409395,0.19962069,0.0057891
exactbaseline_matched_reference_distance_b0p1_2p0_lam1e00_s309,LHCb_7:12,late_0p22_0p32,48.5,0.16006159782409668,0.1543864557409395,0.002930780886154,1.0,0.1543864557409395,0.19962069,0.0057891
exactbaseline_matched_reference_distance_b0p1_2p0_lam1e00_s310,LHCb_7:12,late_0p22_0p32,48.5,0.16040635108947754,0.1543864557409395,0.002930780886154,1.0,0.1543864557409395,0.19962069,0.0057891
exactbaseline_matched_reference_distance_b0p1_2p0_lam1e00_s311,LHCb_7:12,late_0p22_0p32,48.5,0.15994596481323242,0.1543864557409395,0.002930780886154,1.0,0.1543864557409395,0.19962069,0.0057891
exactbaseline_matched_reference_distance_b0p1_2p0_lam1e00_s312,LHCb_7:12,late_0p22_0p32,48.5,0.16026949882507324,0.1543864557409395,0.002930780886154,1.0,0.1543864557409395,0.19962069,0.0057891
exactbaseline_matched_reference_distance_b0p1_2p0_lam1e00_s313,LHCb_7:12,late_0p22_0p32,48.5,0.1605534553527832,0.1543864557409395,0.002930780886154,1.0,0.1543864557409395,0.19962069,0.0057891
exactbaseline_matched_reference_distance_b0p1_2p0_lam1e00_s314,LHCb_7:12,late_0p22_0p32,48.5,0.16032934188842773,0.1543864557409395,0.002930780886154,1.0,0.1543864557409395,0.19962069,0.0057891
exactbaseline_matched_reference_distance_b0p1_2p0_lam1e00_s315,LHCb_7:12,late_0p22_0p32,48.5,0.16037845611572266,0.1543864557409395,0.002930780886154,1.0,0.1543864557409395,0.19962069,0.0057891
exactbaseline_matched_reference_distance_b0p1_2p0_lam1e00_s316,LHCb_7:12,late_0p22_0p32,48.5,0.16028571128845215,0.1543864557409395,0.002930780886154,1.0,0.1543864557409395,0.19962069,0.0057891
exactbaseline_matched_reference_distance_b0p1_2p0_lam1e00_s317,LHCb_7:12,late_0p22_0p32,48.5,0.16039180755615234,0.1543864557409395,0.002930780886154,1.0,0.1543864557409395,0.19962069,0.0057891
exactbaseline_matched_reference_distance_b0p1_2p0_lam1e00_s318,LHCb_7:12,late_0p22_0p32,48.5,0.16033244132995605,0.1543864557409395,0.002930780886154,1.0,0.1543864557409395,0.19962069,0.0057891
exactbaseline_matched_reference_distance_b0p1_2p0_lam1e00_s319,LHCb_7:12,late_0p22_0p32,48.5,0.16052484512329102,0.1543864557409395,0.002930780886154,1.0,0.1543864557409395,0.19962069,0.0057891
exactbaseline_matched_reference_distance_b0p1_2p0_lam1e00_s320,LHCb_7:12,late_0p22_0p32,48.5,0.16029572486877441,0.1543864557409395,0.002930780886154,1.0,0.1543864557409395,0.19962069,0.0057891
exactbaseline_matched_reference_distance_b0p1_2p0_lam1e00_s321,LHCb_7:12,late_0p22_0p32,48.5,0.16024494171142578,0.1543864557409395,0.002930780886154,1.0,0.1543864557409395,0.19962069,0.0057891
exactbaseline_matched_reference_distance_b0p1_2p0_lam1e00_s322,LHCb_7:12,late_0p22_0p32,48.5,0.16031622886657715,0.1543864557409395,0.002930780886154,1.0,0.1543864557409395,0.19962069,0.0057891
exactbaseline_matched_reference_distance_b0p1_2p0_lam1e00_s323,LHCb_7:12,late_0p22_0p32,48.5,0.16030001640319824,0.1543864557409395,0.002930780886154,1.0,0.1543864557409395,0.19962069,0.0057891
exactbaseline_matched_reference_distance_b0p1_2p0_lam1e00_s324,LHCb_7:12,late_0p22_0p32,48.5,0.16031837463378906,0.1543864557409395,0.002930780886154,1.0,0.1543864557409395,0.19962069,0.0057891
exactbaseline_matched_reference_distance_b0p1_2p0_lam1e00_s325,LHCb_7:12,late_0p22_0p32,48.5,0.15994811058044434,0.1543864557409395,0.002930780886154,1.0,0.1543864557409395,0.19962069,0.0057891
exactbaseline_matched_reference_distance_b0p1_2p0_lam1e00_s326,LHCb_7:12,late_0p22_0p32,48.5,0.16056084632873535,0.1543864557409395,0.002930780886154,1.0,0.1543864557409395,0.19962069,0.0057891
lambda1_start_expansion48_s327_cont320000,LHCb_7:12,late_0p22_0p32,48.5,0.16060328483581543,0.1543864557409395,0.002930780886154,1.0,0.1543864557409395,0.19962069,0.0057891
lambda1_start_expansion48_s328_cont240000,LHCb_7:12,late_0p22_0p32,48.5,0.16070103645324707,0.1543864557409395,0.002930780886154,1.0,0.1543864557409395,0.19962069,0.0057891
lambda1_start_expansion48_s329_cont200000,LHCb_7:12,late_0p22_0p32,48.5,0.16054677963256836,0.1543864557409395,0.002930780886154,1.0,0.1543864557409395,0.19962069,0.0057891
lambda1_start_expansion48_s330_cont120000,LHCb_7:12,late_0p22_0p32,48.5,0.16044998168945312,0.1543864557409395,0.002930780886154,1.0,0.1543864557409395,0.19962069,0.0057891
lambda1_start_expansion48_s331_cont120000,LHCb_7:12,late_0p22_0p32,48.5,0.160722017288208,0.1543864557409395,0.002930780886154,1.0,0.1543864557409395,0.19962069,0.0057891
lambda1_start_expansion48_s332_cont120000,LHCb_7:12,late_0p22_0p32,48.5,0.16045856475830078,0.1543864557409395,0.002930780886154,1.0,0.1543864557409395,0.19962069,0.0057891
lambda1_start_expansion48_s333_cont120000,LHCb_7:12,late_0p22_0p32,48.5,0.16004514694213867,0.1543864557409395,0.002930780886154,1.0,0.1543864557409395,0.19962069,0.0057891
lambda1_start_expansion48_s334_cont120000,LHCb_7:12,late_0p22_0p32,48.5,0.16063523292541504,0.1543864557409395,0.002930780886154,1.0,0.1543864557409395,0.19962069,0.0057891
lambda1_start_expansion48_s335_cont120000,LHCb_7:12,late_0p22_0p32,48.5,0.16001176834106445,0.1543864557409395,0.002930780886154,1.0,0.1543864557409395,0.19962069,0.0057891
lambda1_start_expansion48_s336_cont120000,LHCb_7:12,late_0p22_0p32,48.5,0.16066551208496094,0.1543864557409395,0.002930780886154,1.0,0.1543864557409395,0.19962069,0.0057891
lambda1_start_expansion48_s337_cont120000,LHCb_7:12,late_0p22_0p32,48.5,0.16095852851867676,0.1543864557409395,0.002930780886154,1.0,0.1543864557409395,0.19962069,0.0057891
lambda1_start_expansion48_s338_cont120000,LHCb_7:12,late_0p22_0p32,48.5,0.1606919765472412,0.1543864557409395,0.002930780886154,1.0,0.1543864557409395,0.19962069,0.0057891
lambda1_start_expansion48_s339_cont120000,LHCb_7:12,late_0p22_0p32,48.5,0.1606144905090332,0.1543864557409395,0.002930780886154,1.0,0.1543864557409395,0.19962069,0.0057891
lambda1_start_expansion48_s340_cont120000,LHCb_7:12,late_0p22_0p32,48.5,0.16062068939208984,0.1543864557409395,0.002930780886154,1.0,0.1543864557409395,0.19962069,0.0057891
lambda1_start_expansion48_s341_cont120000,LHCb_7:12,late_0p22_0p32,48.5,0.16062688827514648,0.1543864557409395,0.002930780886154,1.0,0.1543864557409395,0.19962069,0.0057891
lambda1_start_expansion48_s342_cont120000,LHCb_7:12,late_0p22_0p32,48.5,0.1604616641998291,0.1543864557409395,0.002930780886154,1.0,0.1543864557409395,0.19962069,0.0057891
lambda1_start_expansion48_s343_cont120000,LHCb_7:12,late_0p22_0p32,48.5,0.16063523292541504,0.1543864557409395,0.002930780886154,1.0,0.1543864557409395,0.19962069,0.0057891
lambda1_start_expansion48_s344_cont120000,LHCb_7:12,late_0p22_0p32,48.5,0.16062116622924805,0.1543864557409395,0.002930780886154,1.0,0.1543864557409395,0.19962069,0.0057891
lambda1_start_expansion48_s345_cont120000,LHCb_7:12,late_0p22_0p32,48.5,0.16051578521728516,0.1543864557409395,0.002930780886154,1.0,0.1543864557409395,0.19962069,0.0057891
lambda1_start_expansion48_s346_cont120000,LHCb_7:12,late_0p22_0p32,48.5,0.16071128845214844,0.1543864557409395,0.002930780886154,1.0,0.1543864557409395,0.19962069,0.0057891
lambda1_start_expansion48_s347_cont120000,LHCb_7:12,late_0p22_0p32,48.5,0.16056513786315918,0.1543864557409395,0.002930780886154,1.0,0.1543864557409395,0.19962069,0.0057891
lambda1_start_expansion48_s348_cont120000,LHCb_7:12,late_0p22_0p32,48.5,0.16073966026306152,0.1543864557409395,0.002930780886154,1.0,0.1543864557409395,0.19962069,0.0057891
lambda1_start_expansion48_s349_cont160000,LHCb_7:12,late_0p22_0p32,48.5,0.16058063507080078,0.1543864557409395,0.002930780886154,1.0,0.1543864557409395,0.19962069,0.0057891
lambda1_start_expansion48_s350_cont120000,LHCb_7:12,late_0p22_0p32,48.5,0.16071343421936035,0.1543864557409395,0.002930780886154,1.0,0.1543864557409395,0.19962069,0.0057891
lambda1_start_expansion96_s351_cont120000,LHCb_7:12,late_0p22_0p32,48.5,0.16055655479431152,0.1543864557409395,0.002930780886154,1.0,0.1543864557409395,0.19962069,0.0057891
lambda1_start_expansion96_s352_cont120000,LHCb_7:12,late_0p22_0p32,48.5,0.1606886386871338,0.1543864557409395,0.002930780886154,1.0,0.1543864557409395,0.19962069,0.0057891
lambda1_start_expansion96_s353_cont120000,LHCb_7:12,late_0p22_0p32,48.5,0.16055679321289062,0.1543864557409395,0.002930780886154,1.0,0.1543864557409395,0.19962069,0.0057891
lambda1_start_expansion96_s354_cont120000,LHCb_7:12,late_0p22_0p32,48.5,0.16044330596923828,0.1543864557409395,0.002930780886154,1.0,0.1543864557409395,0.19962069,0.0057891
lambda1_start_expansion96_s355_cont120000,LHCb_7:12,late_0p22_0p32,48.5,0.1607215404510498,0.1543864557409395,0.002930780886154,1.0,0.1543864557409395,0.19962069,0.0057891
lambda1_start_expansion96_s356_cont120000,LHCb_7:12,late_0p22_0p32,48.5,0.16033482551574707,0.1543864557409395,0.002930780886154,1.0,0.1543864557409395,0.19962069,0.0057891
lambda1_start_expansion96_s357_cont120000,LHCb_7:12,late_0p22_0p32,48.5,0.16004085540771484,0.1543864557409395,0.002930780886154,1.0,0.1543864557409395,0.19962069,0.0057891
lambda1_start_expansion96_s358_cont120000,LHCb_7:12,late_0p22_0p32,48.5,0.1606287956237793,0.1543864557409395,0.002930780886154,1.0,0.1543864557409395,0.19962069,0.0057891
lambda1_start_expansion96_s359_cont120000,LHCb_7:12,late_0p22_0p32,48.5,0.16001248359680176,0.1543864557409395,0.002930780886154,1.0,0.1543864557409395,0.19962069,0.0057891
lambda1_start_expansion96_s360_cont120000,LHCb_7:12,late_0p22_0p32,48.5,0.160660982131958,0.1543864557409395,0.002930780886154,1.0,0.1543864557409395,0.19962069,0.0057891
lambda1_start_expansion96_s361_cont120000,LHCb_7:12,late_0p22_0p32,48.5,0.16094303131103516,0.1543864557409395,0.002930780886154,1.0,0.1543864557409395,0.19962069,0.0057891
lambda1_start_expansion96_s362_cont120000,LHCb_7:12,late_0p22_0p32,48.5,0.16072964668273926,0.1543864557409395,0.002930780886154,1.0,0.1543864557409395,0.19962069,0.0057891
lambda1_start_expansion96_s363_cont120000,LHCb_7:12,late_0p22_0p32,48.5,0.1605982780456543,0.1543864557409395,0.002930780886154,1.0,0.1543864557409395,0.19962069,0.0057891
lambda1_start_expansion96_s364_cont120000,LHCb_7:12,late_0p22_0p32,48.5,0.16054987907409668,0.1543864557409395,0.002930780886154,1.0,0.1543864557409395,0.19962069,0.0057891
lambda1_start_expansion96_s365_cont120000,LHCb_7:12,late_0p22_0p32,48.5,0.16053342819213867,0.1543864557409395,0.002930780886154,1.0,0.1543864557409395,0.19962069,0.0057891
lambda1_start_expansion96_s366_cont120000,LHCb_7:12,late_0p22_0p32,48.5,0.16048073768615723,0.1543864557409395,0.002930780886154,1.0,0.1543864557409395,0.19962069,0.0057891
lambda1_start_expansion96_s367_cont120000,LHCb_7:12,late_0p22_0p32,48.5,0.1606757640838623,0.1543864557409395,0.002930780886154,1.0,0.1543864557409395,0.19962069,0.0057891
lambda1_start_expansion96_s368_cont120000,LHCb_7:12,late_0p22_0p32,48.5,0.16062307357788086,0.1543864557409395,0.002930780886154,1.0,0.1543864557409395,0.19962069,0.0057891
lambda1_start_expansion96_s369_cont120000,LHCb_7:12,late_0p22_0p32,48.5,0.16049790382385254,0.1543864557409395,0.002930780886154,1.0,0.1543864557409395,0.19962069,0.0057891
lambda1_start_expansion96_s370_cont120000,LHCb_7:12,late_0p22_0p32,48.5,0.1607193946838379,0.1543864557409395,0.002930780886154,1.0,0.1543864557409395,0.19962069,0.0057891
lambda1_start_expansion96_s371_cont120000,LHCb_7:12,late_0p22_0p32,48.5,0.16054129600524902,0.1543864557409395,0.002930780886154,1.0,0.1543864557409395,0.19962069,0.0057891
lambda1_start_expansion96_s372_cont120000,LHCb_7:12,late_0p22_0p32,48.5,0.16076087951660156,0.1543864557409395,0.002930780886154,1.0,0.1543864557409395,0.19962069,0.0057891
lambda1_start_expansion96_s373_cont120000,LHCb_7:12,late_0p22_0p32,48.5,0.160475492477417,0.1543864557409395,0.002930780886154,1.0,0.1543864557409395,0.19962069,0.0057891
lambda1_start_expansion96_s374_cont120000,LHCb_7:12,late_0p22_0p32,48.5,0.16063833236694336,0.1543864557409395,0.002930780886154,1.0,0.1543864557409395,0.19962069,0.0057891
lambda1_start_expansion96_s375_cont120000,LHCb_7:12,late_0p22_0p32,48.5,0.1604933738708496,0.1543864557409395,0.002930780886154,1.0,0.1543864557409395,0.19962069,0.0057891
lambda1_start_expansion96_s376_cont120000,LHCb_7:12,late_0p22_0p32,48.5,0.16068601608276367,0.1543864557409395,0.002930780886154,1.0,0.1543864557409395,0.19962069,0.0057891
lambda1_start_expansion96_s377_cont120000,LHCb_7:12,late_0p22_0p32,48.5,0.16053342819213867,0.1543864557409395,0.002930780886154,1.0,0.1543864557409395,0.19962069,0.0057891
lambda1_start_expansion96_s378_cont120000,LHCb_7:12,late_0p22_0p32,48.5,0.160491943359375,0.1543864557409395,0.002930780886154,1.0,0.1543864557409395,0.19962069,0.0057891
lambda1_start_expansion96_s379_cont120000,LHCb_7:12,late_0p22_0p32,48.5,0.1607189178466797,0.1543864557409395,0.002930780886154,1.0,0.1543864557409395,0.19962069,0.0057891
lambda1_start_expansion96_s380_cont120000,LHCb_7:12,late_0p22_0p32,48.5,0.1603078842163086,0.1543864557409395,0.002930780886154,1.0,0.1543864557409395,0.19962069,0.0057891
lambda1_start_expansion96_s381_cont120000,LHCb_7:12,late_0p22_0p32,48.5,0.16001558303833008,0.1543864557409395,0.002930780886154,1.0,0.1543864557409395,0.19962069,0.0057891
lambda1_start_expansion96_s382_cont120000,LHCb_7:12,late_0p22_0p32,48.5,0.16066551208496094,0.1543864557409395,0.002930780886154,1.0,0.1543864557409395,0.19962069,0.0057891
lambda1_start_expansion96_s383_cont120000,LHCb_7:12,late_0p22_0p32,48.5,0.16001248359680176,0.1543864557409395,0.002930780886154,1.0,0.1543864557409395,0.19962069,0.0057891
lambda1_start_expansion96_s384_cont120000,LHCb_7:12,late_0p22_0p32,48.5,0.1606597900390625,0.1543864557409395,0.002930780886154,1.0,0.1543864557409395,0.19962069,0.0057891
lambda1_start_expansion96_s385_cont120000,LHCb_7:12,late_0p22_0p32,48.5,0.16093063354492188,0.1543864557409395,0.002930780886154,1.0,0.1543864557409395,0.19962069,0.0057891
lambda1_start_expansion96_s386_cont120000,LHCb_7:12,late_0p22_0p32,48.5,0.16076326370239258,0.1543864557409395,0.002930780886154,1.0,0.1543864557409395,0.19962069,0.0057891
lambda1_start_expansion96_s387_cont120000,LHCb_7:12,late_0p22_0p32,48.5,0.1606001853942871,0.1543864557409395,0.002930780886154,1.0,0.1543864557409395,0.19962069,0.0057891
lambda1_start_expansion96_s388_cont120000,LHCb_7:12,late_0p22_0p32,48.5,0.16060614585876465,0.1543864557409395,0.002930780886154,1.0,0.1543864557409395,0.19962069,0.0057891
lambda1_start_expansion96_s389_cont120000,LHCb_7:12,late_0p22_0p32,48.5,0.1605968475341797,0.1543864557409395,0.002930780886154,1.0,0.1543864557409395,0.19962069,0.0057891
lambda1_start_expansion96_s390_cont120000,LHCb_7:12,late_0p22_0p32,48.5,0.16050219535827637,0.1543864557409395,0.002930780886154,1.0,0.1543864557409395,0.19962069,0.0057891
lambda1_start_expansion96_s391_cont120000,LHCb_7:12,late_0p22_0p32,48.5,0.16057968139648438,0.1543864557409395,0.002930780886154,1.0,0.1543864557409395,0.19962069,0.0057891
lambda1_start_expansion96_s392_cont120000,LHCb_7:12,late_0p22_0p32,48.5,0.1606302261352539,0.1543864557409395,0.002930780886154,1.0,0.1543864557409395,0.19962069,0.0057891
lambda1_start_expansion96_s393_cont120000,LHCb_7:12,late_0p22_0p32,48.5,0.16044998168945312,0.1543864557409395,0.002930780886154,1.0,0.1543864557409395,0.19962069,0.0057891
lambda1_start_expansion96_s394_cont120000,LHCb_7:12,late_0p22_0p32,48.5,0.16069817543029785,0.1543864557409395,0.002930780886154,1.0,0.1543864557409395,0.19962069,0.0057891
lambda1_start_expansion96_s395_cont120000,LHCb_7:12,late_0p22_0p32,48.5,0.1605672836303711,0.1543864557409395,0.002930780886154,1.0,0.1543864557409395,0.19962069,0.0057891
lambda1_start_expansion96_s396_cont120000,LHCb_7:12,late_0p22_0p32,48.5,0.16071653366088867,0.1543864557409395,0.002930780886154,1.0,0.1543864557409395,0.19962069,0.0057891
lambda1_start_expansion96_s397_cont120000,LHCb_7:12,late_0p22_0p32,48.5,0.1604776382446289,0.1543864557409395,0.002930780886154,1.0,0.1543864557409395,0.19962069,0.0057891
lambda1_start_expansion96_s398_cont120000,LHCb_7:12,late_0p22_0p32,48.5,0.16057300567626953,0.1543864557409395,0.002930780886154,1.0,0.1543864557409395,0.19962069,0.0057891
exactbaseline_matched_reference_distance_b0p1_2p0_lam1e00_s303,LHCb_7:13,early_0p18_0p28,166.5,-2.3825721740722656,0.0065046602082933,5.651268588766392e-05,1.0,0.0065046602082933,0.007323671,0.000335462
exactbaseline_matched_reference_distance_b0p1_2p0_lam1e00_s304,LHCb_7:13,early_0p18_0p28,166.5,-2.3681845664978027,0.0065046602082933,5.651268588766392e-05,1.0,0.0065046602082933,0.007323671,0.000335462
exactbaseline_matched_reference_distance_b0p1_2p0_lam1e00_s305,LHCb_7:13,early_0p18_0p28,166.5,-2.3836584091186523,0.0065046602082933,5.651268588766392e-05,1.0,0.0065046602082933,0.007323671,0.000335462
exactbaseline_matched_reference_distance_b0p1_2p0_lam1e00_s306,LHCb_7:13,early_0p18_0p28,166.5,-2.4009156227111816,0.0065046602082933,5.651268588766392e-05,1.0,0.0065046602082933,0.007323671,0.000335462
exactbaseline_matched_reference_distance_b0p1_2p0_lam1e00_s307,LHCb_7:13,early_0p18_0p28,166.5,-2.3602840900421143,0.0065046602082933,5.651268588766392e-05,1.0,0.0065046602082933,0.007323671,0.000335462
exactbaseline_matched_reference_distance_b0p1_2p0_lam1e00_s308,LHCb_7:13,early_0p18_0p28,166.5,-2.3865432739257812,0.0065046602082933,5.651268588766392e-05,1.0,0.0065046602082933,0.007323671,0.000335462
exactbaseline_matched_reference_distance_b0p1_2p0_lam1e00_s309,LHCb_7:13,early_0p18_0p28,166.5,-2.3985586166381836,0.0065046602082933,5.651268588766392e-05,1.0,0.0065046602082933,0.007323671,0.000335462
exactbaseline_matched_reference_distance_b0p1_2p0_lam1e00_s310,LHCb_7:13,early_0p18_0p28,166.5,-2.380091905593872,0.0065046602082933,5.651268588766392e-05,1.0,0.0065046602082933,0.007323671,0.000335462
exactbaseline_matched_reference_distance_b0p1_2p0_lam1e00_s311,LHCb_7:13,early_0p18_0p28,166.5,-2.4033124446868896,0.0065046602082933,5.651268588766392e-05,1.0,0.0065046602082933,0.007323671,0.000335462
exactbaseline_matched_reference_distance_b0p1_2p0_lam1e00_s312,LHCb_7:13,early_0p18_0p28,166.5,-2.385618209838867,0.0065046602082933,5.651268588766392e-05,1.0,0.0065046602082933,0.007323671,0.000335462
exactbaseline_matched_reference_distance_b0p1_2p0_lam1e00_s313,LHCb_7:13,early_0p18_0p28,166.5,-2.3683974742889404,0.0065046602082933,5.651268588766392e-05,1.0,0.0065046602082933,0.007323671,0.000335462
exactbaseline_matched_reference_distance_b0p1_2p0_lam1e00_s314,LHCb_7:13,early_0p18_0p28,166.5,-2.377223014831543,0.0065046602082933,5.651268588766392e-05,1.0,0.0065046602082933,0.007323671,0.000335462
exactbaseline_matched_reference_distance_b0p1_2p0_lam1e00_s315,LHCb_7:13,early_0p18_0p28,166.5,-2.3879590034484863,0.0065046602082933,5.651268588766392e-05,1.0,0.0065046602082933,0.007323671,0.000335462
exactbaseline_matched_reference_distance_b0p1_2p0_lam1e00_s316,LHCb_7:13,early_0p18_0p28,166.5,-2.3814897537231445,0.0065046602082933,5.651268588766392e-05,1.0,0.0065046602082933,0.007323671,0.000335462
exactbaseline_matched_reference_distance_b0p1_2p0_lam1e00_s317,LHCb_7:13,early_0p18_0p28,166.5,-2.380847930908203,0.0065046602082933,5.651268588766392e-05,1.0,0.0065046602082933,0.007323671,0.000335462
exactbaseline_matched_reference_distance_b0p1_2p0_lam1e00_s318,LHCb_7:13,early_0p18_0p28,166.5,-2.3855862617492676,0.0065046602082933,5.651268588766392e-05,1.0,0.0065046602082933,0.007323671,0.000335462
exactbaseline_matched_reference_distance_b0p1_2p0_lam1e00_s319,LHCb_7:13,early_0p18_0p28,166.5,-2.3750064373016357,0.0065046602082933,5.651268588766392e-05,1.0,0.0065046602082933,0.007323671,0.000335462
exactbaseline_matched_reference_distance_b0p1_2p0_lam1e00_s320,LHCb_7:13,early_0p18_0p28,166.5,-2.375967502593994,0.0065046602082933,5.651268588766392e-05,1.0,0.0065046602082933,0.007323671,0.000335462
exactbaseline_matched_reference_distance_b0p1_2p0_lam1e00_s321,LHCb_7:13,early_0p18_0p28,166.5,-2.388345241546631,0.0065046602082933,5.651268588766392e-05,1.0,0.0065046602082933,0.007323671,0.000335462
exactbaseline_matched_reference_distance_b0p1_2p0_lam1e00_s322,LHCb_7:13,early_0p18_0p28,166.5,-2.3769216537475586,0.0065046602082933,5.651268588766392e-05,1.0,0.0065046602082933,0.007323671,0.000335462
exactbaseline_matched_reference_distance_b0p1_2p0_lam1e00_s323,LHCb_7:13,early_0p18_0p28,166.5,-2.3817758560180664,0.0065046602082933,5.651268588766392e-05,1.0,0.0065046602082933,0.007323671,0.000335462
exactbaseline_matched_reference_distance_b0p1_2p0_lam1e00_s324,LHCb_7:13,early_0p18_0p28,166.5,-2.3828117847442627,0.0065046602082933,5.651268588766392e-05,1.0,0.0065046602082933,0.007323671,0.000335462
exactbaseline_matched_reference_distance_b0p1_2p0_lam1e00_s325,LHCb_7:13,early_0p18_0p28,166.5,-2.400485038757324,0.0065046602082933,5.651268588766392e-05,1.0,0.0065046602082933,0.007323671,0.000335462
exactbaseline_matched_reference_distance_b0p1_2p0_lam1e00_s326,LHCb_7:13,early_0p18_0p28,166.5,-2.3768818378448486,0.0065046602082933,5.651268588766392e-05,1.0,0.0065046602082933,0.007323671,0.000335462
lambda1_start_expansion48_s327_cont320000,LHCb_7:13,early_0p18_0p28,166.5,-2.3675448894500732,0.0065046602082933,5.651268588766392e-05,1.0,0.0065046602082933,0.007323671,0.000335462
lambda1_start_expansion48_s328_cont240000,LHCb_7:13,early_0p18_0p28,166.5,-2.361964702606201,0.0065046602082933,5.651268588766392e-05,1.0,0.0065046602082933,0.007323671,0.000335462
lambda1_start_expansion48_s329_cont200000,LHCb_7:13,early_0p18_0p28,166.5,-2.3665826320648193,0.0065046602082933,5.651268588766392e-05,1.0,0.0065046602082933,0.007323671,0.000335462
lambda1_start_expansion48_s330_cont120000,LHCb_7:13,early_0p18_0p28,166.5,-2.3707528114318848,0.0065046602082933,5.651268588766392e-05,1.0,0.0065046602082933,0.007323671,0.000335462
lambda1_start_expansion48_s331_cont120000,LHCb_7:13,early_0p18_0p28,166.5,-2.359832286834717,0.0065046602082933,5.651268588766392e-05,1.0,0.0065046602082933,0.007323671,0.000335462
lambda1_start_expansion48_s332_cont120000,LHCb_7:13,early_0p18_0p28,166.5,-2.3741953372955322,0.0065046602082933,5.651268588766392e-05,1.0,0.0065046602082933,0.007323671,0.000335462
lambda1_start_expansion48_s333_cont120000,LHCb_7:13,early_0p18_0p28,166.5,-2.398160696029663,0.0065046602082933,5.651268588766392e-05,1.0,0.0065046602082933,0.007323671,0.000335462
lambda1_start_expansion48_s334_cont120000,LHCb_7:13,early_0p18_0p28,166.5,-2.365607261657715,0.0065046602082933,5.651268588766392e-05,1.0,0.0065046602082933,0.007323671,0.000335462
lambda1_start_expansion48_s335_cont120000,LHCb_7:13,early_0p18_0p28,166.5,-2.4001898765563965,0.0065046602082933,5.651268588766392e-05,1.0,0.0065046602082933,0.007323671,0.000335462
lambda1_start_expansion48_s336_cont120000,LHCb_7:13,early_0p18_0p28,166.5,-2.365084409713745,0.0065046602082933,5.651268588766392e-05,1.0,0.0065046602082933,0.007323671,0.000335462
lambda1_start_expansion48_s337_cont120000,LHCb_7:13,early_0p18_0p28,166.5,-2.354839324951172,0.0065046602082933,5.651268588766392e-05,1.0,0.0065046602082933,0.007323671,0.000335462
lambda1_start_expansion48_s338_cont120000,LHCb_7:13,early_0p18_0p28,166.5,-2.3644111156463623,0.0065046602082933,5.651268588766392e-05,1.0,0.0065046602082933,0.007323671,0.000335462
lambda1_start_expansion48_s339_cont120000,LHCb_7:13,early_0p18_0p28,166.5,-2.3723371028900146,0.0065046602082933,5.651268588766392e-05,1.0,0.0065046602082933,0.007323671,0.000335462
lambda1_start_expansion48_s340_cont120000,LHCb_7:13,early_0p18_0p28,166.5,-2.3666391372680664,0.0065046602082933,5.651268588766392e-05,1.0,0.0065046602082933,0.007323671,0.000335462
lambda1_start_expansion48_s341_cont120000,LHCb_7:13,early_0p18_0p28,166.5,-2.366797685623169,0.0065046602082933,5.651268588766392e-05,1.0,0.0065046602082933,0.007323671,0.000335462
lambda1_start_expansion48_s342_cont120000,LHCb_7:13,early_0p18_0p28,166.5,-2.3678479194641113,0.0065046602082933,5.651268588766392e-05,1.0,0.0065046602082933,0.007323671,0.000335462
lambda1_start_expansion48_s343_cont120000,LHCb_7:13,early_0p18_0p28,166.5,-2.366291046142578,0.0065046602082933,5.651268588766392e-05,1.0,0.0065046602082933,0.007323671,0.000335462
lambda1_start_expansion48_s344_cont120000,LHCb_7:13,early_0p18_0p28,166.5,-2.363637924194336,0.0065046602082933,5.651268588766392e-05,1.0,0.0065046602082933,0.007323671,0.000335462
lambda1_start_expansion48_s345_cont120000,LHCb_7:13,early_0p18_0p28,166.5,-2.3706650733947754,0.0065046602082933,5.651268588766392e-05,1.0,0.0065046602082933,0.007323671,0.000335462
lambda1_start_expansion48_s346_cont120000,LHCb_7:13,early_0p18_0p28,166.5,-2.3615808486938477,0.0065046602082933,5.651268588766392e-05,1.0,0.0065046602082933,0.007323671,0.000335462
lambda1_start_expansion48_s347_cont120000,LHCb_7:13,early_0p18_0p28,166.5,-2.369201421737671,0.0065046602082933,5.651268588766392e-05,1.0,0.0065046602082933,0.007323671,0.000335462
lambda1_start_expansion48_s348_cont120000,LHCb_7:13,early_0p18_0p28,166.5,-2.36350154876709,0.0065046602082933,5.651268588766392e-05,1.0,0.0065046602082933,0.007323671,0.000335462
lambda1_start_expansion48_s349_cont160000,LHCb_7:13,early_0p18_0p28,166.5,-2.3668746948242188,0.0065046602082933,5.651268588766392e-05,1.0,0.0065046602082933,0.007323671,0.000335462
lambda1_start_expansion48_s350_cont120000,LHCb_7:13,early_0p18_0p28,166.5,-2.3624367713928223,0.0065046602082933,5.651268588766392e-05,1.0,0.0065046602082933,0.007323671,0.000335462
lambda1_start_expansion96_s351_cont120000,LHCb_7:13,early_0p18_0p28,166.5,-2.3662378787994385,0.0065046602082933,5.651268588766392e-05,1.0,0.0065046602082933,0.007323671,0.000335462
lambda1_start_expansion96_s352_cont120000,LHCb_7:13,early_0p18_0p28,166.5,-2.3623147010803223,0.0065046602082933,5.651268588766392e-05,1.0,0.0065046602082933,0.007323671,0.000335462
lambda1_start_expansion96_s353_cont120000,LHCb_7:13,early_0p18_0p28,166.5,-2.3676719665527344,0.0065046602082933,5.651268588766392e-05,1.0,0.0065046602082933,0.007323671,0.000335462
lambda1_start_expansion96_s354_cont120000,LHCb_7:13,early_0p18_0p28,166.5,-2.371973991394043,0.0065046602082933,5.651268588766392e-05,1.0,0.0065046602082933,0.007323671,0.000335462
lambda1_start_expansion96_s355_cont120000,LHCb_7:13,early_0p18_0p28,166.5,-2.3601226806640625,0.0065046602082933,5.651268588766392e-05,1.0,0.0065046602082933,0.007323671,0.000335462
lambda1_start_expansion96_s356_cont120000,LHCb_7:13,early_0p18_0p28,166.5,-2.378509283065796,0.0065046602082933,5.651268588766392e-05,1.0,0.0065046602082933,0.007323671,0.000335462
lambda1_start_expansion96_s357_cont120000,LHCb_7:13,early_0p18_0p28,166.5,-2.399210214614868,0.0065046602082933,5.651268588766392e-05,1.0,0.0065046602082933,0.007323671,0.000335462
lambda1_start_expansion96_s358_cont120000,LHCb_7:13,early_0p18_0p28,166.5,-2.3659534454345703,0.0065046602082933,5.651268588766392e-05,1.0,0.0065046602082933,0.007323671,0.000335462
lambda1_start_expansion96_s359_cont120000,LHCb_7:13,early_0p18_0p28,166.5,-2.400284767150879,0.0065046602082933,5.651268588766392e-05,1.0,0.0065046602082933,0.007323671,0.000335462
lambda1_start_expansion96_s360_cont120000,LHCb_7:13,early_0p18_0p28,166.5,-2.3649630546569824,0.0065046602082933,5.651268588766392e-05,1.0,0.0065046602082933,0.007323671,0.000335462
lambda1_start_expansion96_s361_cont120000,LHCb_7:13,early_0p18_0p28,166.5,-2.3552615642547607,0.0065046602082933,5.651268588766392e-05,1.0,0.0065046602082933,0.007323671,0.000335462
lambda1_start_expansion96_s362_cont120000,LHCb_7:13,early_0p18_0p28,166.5,-2.362954616546631,0.0065046602082933,5.651268588766392e-05,1.0,0.0065046602082933,0.007323671,0.000335462
lambda1_start_expansion96_s363_cont120000,LHCb_7:13,early_0p18_0p28,166.5,-2.3730313777923584,0.0065046602082933,5.651268588766392e-05,1.0,0.0065046602082933,0.007323671,0.000335462
lambda1_start_expansion96_s364_cont120000,LHCb_7:13,early_0p18_0p28,166.5,-2.3682966232299805,0.0065046602082933,5.651268588766392e-05,1.0,0.0065046602082933,0.007323671,0.000335462
lambda1_start_expansion96_s365_cont120000,LHCb_7:13,early_0p18_0p28,166.5,-2.3685224056243896,0.0065046602082933,5.651268588766392e-05,1.0,0.0065046602082933,0.007323671,0.000335462
lambda1_start_expansion96_s366_cont120000,LHCb_7:13,early_0p18_0p28,166.5,-2.368685007095337,0.0065046602082933,5.651268588766392e-05,1.0,0.0065046602082933,0.007323671,0.000335462
lambda1_start_expansion96_s367_cont120000,LHCb_7:13,early_0p18_0p28,166.5,-2.3642234802246094,0.0065046602082933,5.651268588766392e-05,1.0,0.0065046602082933,0.007323671,0.000335462
lambda1_start_expansion96_s368_cont120000,LHCb_7:13,early_0p18_0p28,166.5,-2.3636977672576904,0.0065046602082933,5.651268588766392e-05,1.0,0.0065046602082933,0.007323671,0.000335462
lambda1_start_expansion96_s369_cont120000,LHCb_7:13,early_0p18_0p28,166.5,-2.3713440895080566,0.0065046602082933,5.651268588766392e-05,1.0,0.0065046602082933,0.007323671,0.000335462
lambda1_start_expansion96_s370_cont120000,LHCb_7:13,early_0p18_0p28,166.5,-2.3614249229431152,0.0065046602082933,5.651268588766392e-05,1.0,0.0065046602082933,0.007323671,0.000335462
lambda1_start_expansion96_s371_cont120000,LHCb_7:13,early_0p18_0p28,166.5,-2.370023727416992,0.0065046602082933,5.651268588766392e-05,1.0,0.0065046602082933,0.007323671,0.000335462
lambda1_start_expansion96_s372_cont120000,LHCb_7:13,early_0p18_0p28,166.5,-2.3630499839782715,0.0065046602082933,5.651268588766392e-05,1.0,0.0065046602082933,0.007323671,0.000335462
lambda1_start_expansion96_s373_cont120000,LHCb_7:13,early_0p18_0p28,166.5,-2.37589168548584,0.0065046602082933,5.651268588766392e-05,1.0,0.0065046602082933,0.007323671,0.000335462
lambda1_start_expansion96_s374_cont120000,LHCb_7:13,early_0p18_0p28,166.5,-2.363311529159546,0.0065046602082933,5.651268588766392e-05,1.0,0.0065046602082933,0.007323671,0.000335462
lambda1_start_expansion96_s375_cont120000,LHCb_7:13,early_0p18_0p28,166.5,-2.3674402236938477,0.0065046602082933,5.651268588766392e-05,1.0,0.0065046602082933,0.007323671,0.000335462
lambda1_start_expansion96_s376_cont120000,LHCb_7:13,early_0p18_0p28,166.5,-2.3624191284179688,0.0065046602082933,5.651268588766392e-05,1.0,0.0065046602082933,0.007323671,0.000335462
lambda1_start_expansion96_s377_cont120000,LHCb_7:13,early_0p18_0p28,166.5,-2.36773681640625,0.0065046602082933,5.651268588766392e-05,1.0,0.0065046602082933,0.007323671,0.000335462
lambda1_start_expansion96_s378_cont120000,LHCb_7:13,early_0p18_0p28,166.5,-2.3728725910186768,0.0065046602082933,5.651268588766392e-05,1.0,0.0065046602082933,0.007323671,0.000335462
lambda1_start_expansion96_s379_cont120000,LHCb_7:13,early_0p18_0p28,166.5,-2.3599514961242676,0.0065046602082933,5.651268588766392e-05,1.0,0.0065046602082933,0.007323671,0.000335462
lambda1_start_expansion96_s380_cont120000,LHCb_7:13,early_0p18_0p28,166.5,-2.3806698322296143,0.0065046602082933,5.651268588766392e-05,1.0,0.0065046602082933,0.007323671,0.000335462
lambda1_start_expansion96_s381_cont120000,LHCb_7:13,early_0p18_0p28,166.5,-2.3997573852539062,0.0065046602082933,5.651268588766392e-05,1.0,0.0065046602082933,0.007323671,0.000335462
lambda1_start_expansion96_s382_cont120000,LHCb_7:13,early_0p18_0p28,166.5,-2.3633224964141846,0.0065046602082933,5.651268588766392e-05,1.0,0.0065046602082933,0.007323671,0.000335462
lambda1_start_expansion96_s383_cont120000,LHCb_7:13,early_0p18_0p28,166.5,-2.4004225730895996,0.0065046602082933,5.651268588766392e-05,1.0,0.0065046602082933,0.007323671,0.000335462
lambda1_start_expansion96_s384_cont120000,LHCb_7:13,early_0p18_0p28,166.5,-2.364821434020996,0.0065046602082933,5.651268588766392e-05,1.0,0.0065046602082933,0.007323671,0.000335462
lambda1_start_expansion96_s385_cont120000,LHCb_7:13,early_0p18_0p28,166.5,-2.355395793914795,0.0065046602082933,5.651268588766392e-05,1.0,0.0065046602082933,0.007323671,0.000335462
lambda1_start_expansion96_s386_cont120000,LHCb_7:13,early_0p18_0p28,166.5,-2.3606228828430176,0.0065046602082933,5.651268588766392e-05,1.0,0.0065046602082933,0.007323671,0.000335462
lambda1_start_expansion96_s387_cont120000,LHCb_7:13,early_0p18_0p28,166.5,-2.372983455657959,0.0065046602082933,5.651268588766392e-05,1.0,0.0065046602082933,0.007323671,0.000335462
lambda1_start_expansion96_s388_cont120000,LHCb_7:13,early_0p18_0p28,166.5,-2.3659214973449707,0.0065046602082933,5.651268588766392e-05,1.0,0.0065046602082933,0.007323671,0.000335462
lambda1_start_expansion96_s389_cont120000,LHCb_7:13,early_0p18_0p28,166.5,-2.3675551414489746,0.0065046602082933,5.651268588766392e-05,1.0,0.0065046602082933,0.007323671,0.000335462
lambda1_start_expansion96_s390_cont120000,LHCb_7:13,early_0p18_0p28,166.5,-2.367828130722046,0.0065046602082933,5.651268588766392e-05,1.0,0.0065046602082933,0.007323671,0.000335462
lambda1_start_expansion96_s391_cont120000,LHCb_7:13,early_0p18_0p28,166.5,-2.368290901184082,0.0065046602082933,5.651268588766392e-05,1.0,0.0065046602082933,0.007323671,0.000335462
lambda1_start_expansion96_s392_cont120000,LHCb_7:13,early_0p18_0p28,166.5,-2.363321304321289,0.0065046602082933,5.651268588766392e-05,1.0,0.0065046602082933,0.007323671,0.000335462
lambda1_start_expansion96_s393_cont120000,LHCb_7:13,early_0p18_0p28,166.5,-2.373591423034668,0.0065046602082933,5.651268588766392e-05,1.0,0.0065046602082933,0.007323671,0.000335462
lambda1_start_expansion96_s394_cont120000,LHCb_7:13,early_0p18_0p28,166.5,-2.3623104095458984,0.0065046602082933,5.651268588766392e-05,1.0,0.0065046602082933,0.007323671,0.000335462
lambda1_start_expansion96_s395_cont120000,LHCb_7:13,early_0p18_0p28,166.5,-2.3701562881469727,0.0065046602082933,5.651268588766392e-05,1.0,0.0065046602082933,0.007323671,0.000335462
lambda1_start_expansion96_s396_cont120000,LHCb_7:13,early_0p18_0p28,166.5,-2.3643460273742676,0.0065046602082933,5.651268588766392e-05,1.0,0.0065046602082933,0.007323671,0.000335462
lambda1_start_expansion96_s397_cont120000,LHCb_7:13,early_0p18_0p28,166.5,-2.376330614089966,0.0065046602082933,5.651268588766392e-05,1.0,0.0065046602082933,0.007323671,0.000335462
lambda1_start_expansion96_s398_cont120000,LHCb_7:13,early_0p18_0p28,166.5,-2.3643760681152344,0.0065046602082933,5.651268588766392e-05,1.0,0.0065046602082933,0.007323671,0.000335462
exactbaseline_matched_reference_distance_b0p1_2p0_lam1e00_s303,LHCb_7:13,central_0p20_0p30,166.5,-2.3825721740722656,0.0065046602082933,5.651268588766392e-05,1.0,0.0065046602082933,0.007323671,0.000335462
exactbaseline_matched_reference_distance_b0p1_2p0_lam1e00_s304,LHCb_7:13,central_0p20_0p30,166.5,-2.3681845664978027,0.0065046602082933,5.651268588766392e-05,1.0,0.0065046602082933,0.007323671,0.000335462
exactbaseline_matched_reference_distance_b0p1_2p0_lam1e00_s305,LHCb_7:13,central_0p20_0p30,166.5,-2.3836584091186523,0.0065046602082933,5.651268588766392e-05,1.0,0.0065046602082933,0.007323671,0.000335462
exactbaseline_matched_reference_distance_b0p1_2p0_lam1e00_s306,LHCb_7:13,central_0p20_0p30,166.5,-2.4009156227111816,0.0065046602082933,5.651268588766392e-05,1.0,0.0065046602082933,0.007323671,0.000335462
exactbaseline_matched_reference_distance_b0p1_2p0_lam1e00_s307,LHCb_7:13,central_0p20_0p30,166.5,-2.3602840900421143,0.0065046602082933,5.651268588766392e-05,1.0,0.0065046602082933,0.007323671,0.000335462
exactbaseline_matched_reference_distance_b0p1_2p0_lam1e00_s308,LHCb_7:13,central_0p20_0p30,166.5,-2.3865432739257812,0.0065046602082933,5.651268588766392e-05,1.0,0.0065046602082933,0.007323671,0.000335462
exactbaseline_matched_reference_distance_b0p1_2p0_lam1e00_s309,LHCb_7:13,central_0p20_0p30,166.5,-2.3985586166381836,0.0065046602082933,5.651268588766392e-05,1.0,0.0065046602082933,0.007323671,0.000335462
exactbaseline_matched_reference_distance_b0p1_2p0_lam1e00_s310,LHCb_7:13,central_0p20_0p30,166.5,-2.380091905593872,0.0065046602082933,5.651268588766392e-05,1.0,0.0065046602082933,0.007323671,0.000335462
exactbaseline_matched_reference_distance_b0p1_2p0_lam1e00_s311,LHCb_7:13,central_0p20_0p30,166.5,-2.4033124446868896,0.0065046602082933,5.651268588766392e-05,1.0,0.0065046602082933,0.007323671,0.000335462
exactbaseline_matched_reference_distance_b0p1_2p0_lam1e00_s312,LHCb_7:13,central_0p20_0p30,166.5,-2.385618209838867,0.0065046602082933,5.651268588766392e-05,1.0,0.0065046602082933,0.007323671,0.000335462
exactbaseline_matched_reference_distance_b0p1_2p0_lam1e00_s313,LHCb_7:13,central_0p20_0p30,166.5,-2.3683974742889404,0.0065046602082933,5.651268588766392e-05,1.0,0.0065046602082933,0.007323671,0.000335462
exactbaseline_matched_reference_distance_b0p1_2p0_lam1e00_s314,LHCb_7:13,central_0p20_0p30,166.5,-2.377223014831543,0.0065046602082933,5.651268588766392e-05,1.0,0.0065046602082933,0.007323671,0.000335462
exactbaseline_matched_reference_distance_b0p1_2p0_lam1e00_s315,LHCb_7:13,central_0p20_0p30,166.5,-2.3879590034484863,0.0065046602082933,5.651268588766392e-05,1.0,0.0065046602082933,0.007323671,0.000335462
exactbaseline_matched_reference_distance_b0p1_2p0_lam1e00_s316,LHCb_7:13,central_0p20_0p30,166.5,-2.3814897537231445,0.0065046602082933,5.651268588766392e-05,1.0,0.0065046602082933,0.007323671,0.000335462
exactbaseline_matched_reference_distance_b0p1_2p0_lam1e00_s317,LHCb_7:13,central_0p20_0p30,166.5,-2.380847930908203,0.0065046602082933,5.651268588766392e-05,1.0,0.0065046602082933,0.007323671,0.000335462
exactbaseline_matched_reference_distance_b0p1_2p0_lam1e00_s318,LHCb_7:13,central_0p20_0p30,166.5,-2.3855862617492676,0.0065046602082933,5.651268588766392e-05,1.0,0.0065046602082933,0.007323671,0.000335462
exactbaseline_matched_reference_distance_b0p1_2p0_lam1e00_s319,LHCb_7:13,central_0p20_0p30,166.5,-2.3750064373016357,0.0065046602082933,5.651268588766392e-05,1.0,0.0065046602082933,0.007323671,0.000335462
exactbaseline_matched_reference_distance_b0p1_2p0_lam1e00_s320,LHCb_7:13,central_0p20_0p30,166.5,-2.375967502593994,0.0065046602082933,5.651268588766392e-05,1.0,0.0065046602082933,0.007323671,0.000335462
exactbaseline_matched_reference_distance_b0p1_2p0_lam1e00_s321,LHCb_7:13,central_0p20_0p30,166.5,-2.388345241546631,0.0065046602082933,5.651268588766392e-05,1.0,0.0065046602082933,0.007323671,0.000335462
exactbaseline_matched_reference_distance_b0p1_2p0_lam1e00_s322,LHCb_7:13,central_0p20_0p30,166.5,-2.3769216537475586,0.0065046602082933,5.651268588766392e-05,1.0,0.0065046602082933,0.007323671,0.000335462
exactbaseline_matched_reference_distance_b0p1_2p0_lam1e00_s323,LHCb_7:13,central_0p20_0p30,166.5,-2.3817758560180664,0.0065046602082933,5.651268588766392e-05,1.0,0.0065046602082933,0.007323671,0.000335462
exactbaseline_matched_reference_distance_b0p1_2p0_lam1e00_s324,LHCb_7:13,central_0p20_0p30,166.5,-2.3828117847442627,0.0065046602082933,5.651268588766392e-05,1.0,0.0065046602082933,0.007323671,0.000335462
exactbaseline_matched_reference_distance_b0p1_2p0_lam1e00_s325,LHCb_7:13,central_0p20_0p30,166.5,-2.400485038757324,0.0065046602082933,5.651268588766392e-05,1.0,0.0065046602082933,0.007323671,0.000335462
exactbaseline_matched_reference_distance_b0p1_2p0_lam1e00_s326,LHCb_7:13,central_0p20_0p30,166.5,-2.3768818378448486,0.0065046602082933,5.651268588766392e-05,1.0,0.0065046602082933,0.007323671,0.000335462
lambda1_start_expansion48_s327_cont320000,LHCb_7:13,central_0p20_0p30,166.5,-2.3675448894500732,0.0065046602082933,5.651268588766392e-05,1.0,0.0065046602082933,0.007323671,0.000335462
lambda1_start_expansion48_s328_cont240000,LHCb_7:13,central_0p20_0p30,166.5,-2.361964702606201,0.0065046602082933,5.651268588766392e-05,1.0,0.0065046602082933,0.007323671,0.000335462
lambda1_start_expansion48_s329_cont200000,LHCb_7:13,central_0p20_0p30,166.5,-2.3665826320648193,0.0065046602082933,5.651268588766392e-05,1.0,0.0065046602082933,0.007323671,0.000335462
lambda1_start_expansion48_s330_cont120000,LHCb_7:13,central_0p20_0p30,166.5,-2.3707528114318848,0.0065046602082933,5.651268588766392e-05,1.0,0.0065046602082933,0.007323671,0.000335462
lambda1_start_expansion48_s331_cont120000,LHCb_7:13,central_0p20_0p30,166.5,-2.359832286834717,0.0065046602082933,5.651268588766392e-05,1.0,0.0065046602082933,0.007323671,0.000335462
lambda1_start_expansion48_s332_cont120000,LHCb_7:13,central_0p20_0p30,166.5,-2.3741953372955322,0.0065046602082933,5.651268588766392e-05,1.0,0.0065046602082933,0.007323671,0.000335462
lambda1_start_expansion48_s333_cont120000,LHCb_7:13,central_0p20_0p30,166.5,-2.398160696029663,0.0065046602082933,5.651268588766392e-05,1.0,0.0065046602082933,0.007323671,0.000335462
lambda1_start_expansion48_s334_cont120000,LHCb_7:13,central_0p20_0p30,166.5,-2.365607261657715,0.0065046602082933,5.651268588766392e-05,1.0,0.0065046602082933,0.007323671,0.000335462
lambda1_start_expansion48_s335_cont120000,LHCb_7:13,central_0p20_0p30,166.5,-2.4001898765563965,0.0065046602082933,5.651268588766392e-05,1.0,0.0065046602082933,0.007323671,0.000335462
lambda1_start_expansion48_s336_cont120000,LHCb_7:13,central_0p20_0p30,166.5,-2.365084409713745,0.0065046602082933,5.651268588766392e-05,1.0,0.0065046602082933,0.007323671,0.000335462
lambda1_start_expansion48_s337_cont120000,LHCb_7:13,central_0p20_0p30,166.5,-2.354839324951172,0.0065046602082933,5.651268588766392e-05,1.0,0.0065046602082933,0.007323671,0.000335462
lambda1_start_expansion48_s338_cont120000,LHCb_7:13,central_0p20_0p30,166.5,-2.3644111156463623,0.0065046602082933,5.651268588766392e-05,1.0,0.0065046602082933,0.007323671,0.000335462
lambda1_start_expansion48_s339_cont120000,LHCb_7:13,central_0p20_0p30,166.5,-2.3723371028900146,0.0065046602082933,5.651268588766392e-05,1.0,0.0065046602082933,0.007323671,0.000335462
lambda1_start_expansion48_s340_cont120000,LHCb_7:13,central_0p20_0p30,166.5,-2.3666391372680664,0.0065046602082933,5.651268588766392e-05,1.0,0.0065046602082933,0.007323671,0.000335462
lambda1_start_expansion48_s341_cont120000,LHCb_7:13,central_0p20_0p30,166.5,-2.366797685623169,0.0065046602082933,5.651268588766392e-05,1.0,0.0065046602082933,0.007323671,0.000335462
lambda1_start_expansion48_s342_cont120000,LHCb_7:13,central_0p20_0p30,166.5,-2.3678479194641113,0.0065046602082933,5.651268588766392e-05,1.0,0.0065046602082933,0.007323671,0.000335462
lambda1_start_expansion48_s343_cont120000,LHCb_7:13,central_0p20_0p30,166.5,-2.366291046142578,0.0065046602082933,5.651268588766392e-05,1.0,0.0065046602082933,0.007323671,0.000335462
lambda1_start_expansion48_s344_cont120000,LHCb_7:13,central_0p20_0p30,166.5,-2.363637924194336,0.0065046602082933,5.651268588766392e-05,1.0,0.0065046602082933,0.007323671,0.000335462
lambda1_start_expansion48_s345_cont120000,LHCb_7:13,central_0p20_0p30,166.5,-2.3706650733947754,0.0065046602082933,5.651268588766392e-05,1.0,0.0065046602082933,0.007323671,0.000335462
lambda1_start_expansion48_s346_cont120000,LHCb_7:13,central_0p20_0p30,166.5,-2.3615808486938477,0.0065046602082933,5.651268588766392e-05,1.0,0.0065046602082933,0.007323671,0.000335462
lambda1_start_expansion48_s347_cont120000,LHCb_7:13,central_0p20_0p30,166.5,-2.369201421737671,0.0065046602082933,5.651268588766392e-05,1.0,0.0065046602082933,0.007323671,0.000335462
lambda1_start_expansion48_s348_cont120000,LHCb_7:13,central_0p20_0p30,166.5,-2.36350154876709,0.0065046602082933,5.651268588766392e-05,1.0,0.0065046602082933,0.007323671,0.000335462
lambda1_start_expansion48_s349_cont160000,LHCb_7:13,central_0p20_0p30,166.5,-2.3668746948242188,0.0065046602082933,5.651268588766392e-05,1.0,0.0065046602082933,0.007323671,0.000335462
lambda1_start_expansion48_s350_cont120000,LHCb_7:13,central_0p20_0p30,166.5,-2.3624367713928223,0.0065046602082933,5.651268588766392e-05,1.0,0.0065046602082933,0.007323671,0.000335462
lambda1_start_expansion96_s351_cont120000,LHCb_7:13,central_0p20_0p30,166.5,-2.3662378787994385,0.0065046602082933,5.651268588766392e-05,1.0,0.0065046602082933,0.007323671,0.000335462
lambda1_start_expansion96_s352_cont120000,LHCb_7:13,central_0p20_0p30,166.5,-2.3623147010803223,0.0065046602082933,5.651268588766392e-05,1.0,0.0065046602082933,0.007323671,0.000335462
lambda1_start_expansion96_s353_cont120000,LHCb_7:13,central_0p20_0p30,166.5,-2.3676719665527344,0.0065046602082933,5.651268588766392e-05,1.0,0.0065046602082933,0.007323671,0.000335462
lambda1_start_expansion96_s354_cont120000,LHCb_7:13,central_0p20_0p30,166.5,-2.371973991394043,0.0065046602082933,5.651268588766392e-05,1.0,0.0065046602082933,0.007323671,0.000335462
lambda1_start_expansion96_s355_cont120000,LHCb_7:13,central_0p20_0p30,166.5,-2.3601226806640625,0.0065046602082933,5.651268588766392e-05,1.0,0.0065046602082933,0.007323671,0.000335462
lambda1_start_expansion96_s356_cont120000,LHCb_7:13,central_0p20_0p30,166.5,-2.378509283065796,0.0065046602082933,5.651268588766392e-05,1.0,0.0065046602082933,0.007323671,0.000335462
lambda1_start_expansion96_s357_cont120000,LHCb_7:13,central_0p20_0p30,166.5,-2.399210214614868,0.0065046602082933,5.651268588766392e-05,1.0,0.0065046602082933,0.007323671,0.000335462
lambda1_start_expansion96_s358_cont120000,LHCb_7:13,central_0p20_0p30,166.5,-2.3659534454345703,0.0065046602082933,5.651268588766392e-05,1.0,0.0065046602082933,0.007323671,0.000335462
lambda1_start_expansion96_s359_cont120000,LHCb_7:13,central_0p20_0p30,166.5,-2.400284767150879,0.0065046602082933,5.651268588766392e-05,1.0,0.0065046602082933,0.007323671,0.000335462
lambda1_start_expansion96_s360_cont120000,LHCb_7:13,central_0p20_0p30,166.5,-2.3649630546569824,0.0065046602082933,5.651268588766392e-05,1.0,0.0065046602082933,0.007323671,0.000335462
lambda1_start_expansion96_s361_cont120000,LHCb_7:13,central_0p20_0p30,166.5,-2.3552615642547607,0.0065046602082933,5.651268588766392e-05,1.0,0.0065046602082933,0.007323671,0.000335462
lambda1_start_expansion96_s362_cont120000,LHCb_7:13,central_0p20_0p30,166.5,-2.362954616546631,0.0065046602082933,5.651268588766392e-05,1.0,0.0065046602082933,0.007323671,0.000335462
lambda1_start_expansion96_s363_cont120000,LHCb_7:13,central_0p20_0p30,166.5,-2.3730313777923584,0.0065046602082933,5.651268588766392e-05,1.0,0.0065046602082933,0.007323671,0.000335462
lambda1_start_expansion96_s364_cont120000,LHCb_7:13,central_0p20_0p30,166.5,-2.3682966232299805,0.0065046602082933,5.651268588766392e-05,1.0,0.0065046602082933,0.007323671,0.000335462
lambda1_start_expansion96_s365_cont120000,LHCb_7:13,central_0p20_0p30,166.5,-2.3685224056243896,0.0065046602082933,5.651268588766392e-05,1.0,0.0065046602082933,0.007323671,0.000335462
lambda1_start_expansion96_s366_cont120000,LHCb_7:13,central_0p20_0p30,166.5,-2.368685007095337,0.0065046602082933,5.651268588766392e-05,1.0,0.0065046602082933,0.007323671,0.000335462
lambda1_start_expansion96_s367_cont120000,LHCb_7:13,central_0p20_0p30,166.5,-2.3642234802246094,0.0065046602082933,5.651268588766392e-05,1.0,0.0065046602082933,0.007323671,0.000335462
lambda1_start_expansion96_s368_cont120000,LHCb_7:13,central_0p20_0p30,166.5,-2.3636977672576904,0.0065046602082933,5.651268588766392e-05,1.0,0.0065046602082933,0.007323671,0.000335462
lambda1_start_expansion96_s369_cont120000,LHCb_7:13,central_0p20_0p30,166.5,-2.3713440895080566,0.0065046602082933,5.651268588766392e-05,1.0,0.0065046602082933,0.007323671,0.000335462
lambda1_start_expansion96_s370_cont120000,LHCb_7:13,central_0p20_0p30,166.5,-2.3614249229431152,0.0065046602082933,5.651268588766392e-05,1.0,0.0065046602082933,0.007323671,0.000335462
lambda1_start_expansion96_s371_cont120000,LHCb_7:13,central_0p20_0p30,166.5,-2.370023727416992,0.0065046602082933,5.651268588766392e-05,1.0,0.0065046602082933,0.007323671,0.000335462
lambda1_start_expansion96_s372_cont120000,LHCb_7:13,central_0p20_0p30,166.5,-2.3630499839782715,0.0065046602082933,5.651268588766392e-05,1.0,0.0065046602082933,0.007323671,0.000335462
lambda1_start_expansion96_s373_cont120000,LHCb_7:13,central_0p20_0p30,166.5,-2.37589168548584,0.0065046602082933,5.651268588766392e-05,1.0,0.0065046602082933,0.007323671,0.000335462
lambda1_start_expansion96_s374_cont120000,LHCb_7:13,central_0p20_0p30,166.5,-2.363311529159546,0.0065046602082933,5.651268588766392e-05,1.0,0.0065046602082933,0.007323671,0.000335462
lambda1_start_expansion96_s375_cont120000,LHCb_7:13,central_0p20_0p30,166.5,-2.3674402236938477,0.0065046602082933,5.651268588766392e-05,1.0,0.0065046602082933,0.007323671,0.000335462
lambda1_start_expansion96_s376_cont120000,LHCb_7:13,central_0p20_0p30,166.5,-2.3624191284179688,0.0065046602082933,5.651268588766392e-05,1.0,0.0065046602082933,0.007323671,0.000335462
lambda1_start_expansion96_s377_cont120000,LHCb_7:13,central_0p20_0p30,166.5,-2.36773681640625,0.0065046602082933,5.651268588766392e-05,1.0,0.0065046602082933,0.007323671,0.000335462
lambda1_start_expansion96_s378_cont120000,LHCb_7:13,central_0p20_0p30,166.5,-2.3728725910186768,0.0065046602082933,5.651268588766392e-05,1.0,0.0065046602082933,0.007323671,0.000335462
lambda1_start_expansion96_s379_cont120000,LHCb_7:13,central_0p20_0p30,166.5,-2.3599514961242676,0.0065046602082933,5.651268588766392e-05,1.0,0.0065046602082933,0.007323671,0.000335462
lambda1_start_expansion96_s380_cont120000,LHCb_7:13,central_0p20_0p30,166.5,-2.3806698322296143,0.0065046602082933,5.651268588766392e-05,1.0,0.0065046602082933,0.007323671,0.000335462
lambda1_start_expansion96_s381_cont120000,LHCb_7:13,central_0p20_0p30,166.5,-2.3997573852539062,0.0065046602082933,5.651268588766392e-05,1.0,0.0065046602082933,0.007323671,0.000335462
lambda1_start_expansion96_s382_cont120000,LHCb_7:13,central_0p20_0p30,166.5,-2.3633224964141846,0.0065046602082933,5.651268588766392e-05,1.0,0.0065046602082933,0.007323671,0.000335462
lambda1_start_expansion96_s383_cont120000,LHCb_7:13,central_0p20_0p30,166.5,-2.4004225730895996,0.0065046602082933,5.651268588766392e-05,1.0,0.0065046602082933,0.007323671,0.000335462
lambda1_start_expansion96_s384_cont120000,LHCb_7:13,central_0p20_0p30,166.5,-2.364821434020996,0.0065046602082933,5.651268588766392e-05,1.0,0.0065046602082933,0.007323671,0.000335462
lambda1_start_expansion96_s385_cont120000,LHCb_7:13,central_0p20_0p30,166.5,-2.355395793914795,0.0065046602082933,5.651268588766392e-05,1.0,0.0065046602082933,0.007323671,0.000335462
lambda1_start_expansion96_s386_cont120000,LHCb_7:13,central_0p20_0p30,166.5,-2.3606228828430176,0.0065046602082933,5.651268588766392e-05,1.0,0.0065046602082933,0.007323671,0.000335462
lambda1_start_expansion96_s387_cont120000,LHCb_7:13,central_0p20_0p30,166.5,-2.372983455657959,0.0065046602082933,5.651268588766392e-05,1.0,0.0065046602082933,0.007323671,0.000335462
lambda1_start_expansion96_s388_cont120000,LHCb_7:13,central_0p20_0p30,166.5,-2.3659214973449707,0.0065046602082933,5.651268588766392e-05,1.0,0.0065046602082933,0.007323671,0.000335462
lambda1_start_expansion96_s389_cont120000,LHCb_7:13,central_0p20_0p30,166.5,-2.3675551414489746,0.0065046602082933,5.651268588766392e-05,1.0,0.0065046602082933,0.007323671,0.000335462
lambda1_start_expansion96_s390_cont120000,LHCb_7:13,central_0p20_0p30,166.5,-2.367828130722046,0.0065046602082933,5.651268588766392e-05,1.0,0.0065046602082933,0.007323671,0.000335462
lambda1_start_expansion96_s391_cont120000,LHCb_7:13,central_0p20_0p30,166.5,-2.368290901184082,0.0065046602082933,5.651268588766392e-05,1.0,0.0065046602082933,0.007323671,0.000335462
lambda1_start_expansion96_s392_cont120000,LHCb_7:13,central_0p20_0p30,166.5,-2.363321304321289,0.0065046602082933,5.651268588766392e-05,1.0,0.0065046602082933,0.007323671,0.000335462
lambda1_start_expansion96_s393_cont120000,LHCb_7:13,central_0p20_0p30,166.5,-2.373591423034668,0.0065046602082933,5.651268588766392e-05,1.0,0.0065046602082933,0.007323671,0.000335462
lambda1_start_expansion96_s394_cont120000,LHCb_7:13,central_0p20_0p30,166.5,-2.3623104095458984,0.0065046602082933,5.651268588766392e-05,1.0,0.0065046602082933,0.007323671,0.000335462
lambda1_start_expansion96_s395_cont120000,LHCb_7:13,central_0p20_0p30,166.5,-2.3701562881469727,0.0065046602082933,5.651268588766392e-05,1.0,0.0065046602082933,0.007323671,0.000335462
lambda1_start_expansion96_s396_cont120000,LHCb_7:13,central_0p20_0p30,166.5,-2.3643460273742676,0.0065046602082933,5.651268588766392e-05,1.0,0.0065046602082933,0.007323671,0.000335462
lambda1_start_expansion96_s397_cont120000,LHCb_7:13,central_0p20_0p30,166.5,-2.376330614089966,0.0065046602082933,5.651268588766392e-05,1.0,0.0065046602082933,0.007323671,0.000335462
lambda1_start_expansion96_s398_cont120000,LHCb_7:13,central_0p20_0p30,166.5,-2.3643760681152344,0.0065046602082933,5.651268588766392e-05,1.0,0.0065046602082933,0.007323671,0.000335462
exactbaseline_matched_reference_distance_b0p1_2p0_lam1e00_s303,LHCb_7:13,late_0p22_0p32,166.5,-2.3825721740722656,0.0065046602082933,5.651268588766392e-05,1.0,0.0065046602082933,0.007323671,0.000335462
exactbaseline_matched_reference_distance_b0p1_2p0_lam1e00_s304,LHCb_7:13,late_0p22_0p32,166.5,-2.3681845664978027,0.0065046602082933,5.651268588766392e-05,1.0,0.0065046602082933,0.007323671,0.000335462
exactbaseline_matched_reference_distance_b0p1_2p0_lam1e00_s305,LHCb_7:13,late_0p22_0p32,166.5,-2.3836584091186523,0.0065046602082933,5.651268588766392e-05,1.0,0.0065046602082933,0.007323671,0.000335462
exactbaseline_matched_reference_distance_b0p1_2p0_lam1e00_s306,LHCb_7:13,late_0p22_0p32,166.5,-2.4009156227111816,0.0065046602082933,5.651268588766392e-05,1.0,0.0065046602082933,0.007323671,0.000335462
exactbaseline_matched_reference_distance_b0p1_2p0_lam1e00_s307,LHCb_7:13,late_0p22_0p32,166.5,-2.3602840900421143,0.0065046602082933,5.651268588766392e-05,1.0,0.0065046602082933,0.007323671,0.000335462
exactbaseline_matched_reference_distance_b0p1_2p0_lam1e00_s308,LHCb_7:13,late_0p22_0p32,166.5,-2.3865432739257812,0.0065046602082933,5.651268588766392e-05,1.0,0.0065046602082933,0.007323671,0.000335462
exactbaseline_matched_reference_distance_b0p1_2p0_lam1e00_s309,LHCb_7:13,late_0p22_0p32,166.5,-2.3985586166381836,0.0065046602082933,5.651268588766392e-05,1.0,0.0065046602082933,0.007323671,0.000335462
exactbaseline_matched_reference_distance_b0p1_2p0_lam1e00_s310,LHCb_7:13,late_0p22_0p32,166.5,-2.380091905593872,0.0065046602082933,5.651268588766392e-05,1.0,0.0065046602082933,0.007323671,0.000335462
exactbaseline_matched_reference_distance_b0p1_2p0_lam1e00_s311,LHCb_7:13,late_0p22_0p32,166.5,-2.4033124446868896,0.0065046602082933,5.651268588766392e-05,1.0,0.0065046602082933,0.007323671,0.000335462
exactbaseline_matched_reference_distance_b0p1_2p0_lam1e00_s312,LHCb_7:13,late_0p22_0p32,166.5,-2.385618209838867,0.0065046602082933,5.651268588766392e-05,1.0,0.0065046602082933,0.007323671,0.000335462
exactbaseline_matched_reference_distance_b0p1_2p0_lam1e00_s313,LHCb_7:13,late_0p22_0p32,166.5,-2.3683974742889404,0.0065046602082933,5.651268588766392e-05,1.0,0.0065046602082933,0.007323671,0.000335462
exactbaseline_matched_reference_distance_b0p1_2p0_lam1e00_s314,LHCb_7:13,late_0p22_0p32,166.5,-2.377223014831543,0.0065046602082933,5.651268588766392e-05,1.0,0.0065046602082933,0.007323671,0.000335462
exactbaseline_matched_reference_distance_b0p1_2p0_lam1e00_s315,LHCb_7:13,late_0p22_0p32,166.5,-2.3879590034484863,0.0065046602082933,5.651268588766392e-05,1.0,0.0065046602082933,0.007323671,0.000335462
exactbaseline_matched_reference_distance_b0p1_2p0_lam1e00_s316,LHCb_7:13,late_0p22_0p32,166.5,-2.3814897537231445,0.0065046602082933,5.651268588766392e-05,1.0,0.0065046602082933,0.007323671,0.000335462
exactbaseline_matched_reference_distance_b0p1_2p0_lam1e00_s317,LHCb_7:13,late_0p22_0p32,166.5,-2.380847930908203,0.0065046602082933,5.651268588766392e-05,1.0,0.0065046602082933,0.007323671,0.000335462
exactbaseline_matched_reference_distance_b0p1_2p0_lam1e00_s318,LHCb_7:13,late_0p22_0p32,166.5,-2.3855862617492676,0.0065046602082933,5.651268588766392e-05,1.0,0.0065046602082933,0.007323671,0.000335462
exactbaseline_matched_reference_distance_b0p1_2p0_lam1e00_s319,LHCb_7:13,late_0p22_0p32,166.5,-2.3750064373016357,0.0065046602082933,5.651268588766392e-05,1.0,0.0065046602082933,0.007323671,0.000335462
exactbaseline_matched_reference_distance_b0p1_2p0_lam1e00_s320,LHCb_7:13,late_0p22_0p32,166.5,-2.375967502593994,0.0065046602082933,5.651268588766392e-05,1.0,0.0065046602082933,0.007323671,0.000335462
exactbaseline_matched_reference_distance_b0p1_2p0_lam1e00_s321,LHCb_7:13,late_0p22_0p32,166.5,-2.388345241546631,0.0065046602082933,5.651268588766392e-05,1.0,0.0065046602082933,0.007323671,0.000335462
exactbaseline_matched_reference_distance_b0p1_2p0_lam1e00_s322,LHCb_7:13,late_0p22_0p32,166.5,-2.3769216537475586,0.0065046602082933,5.651268588766392e-05,1.0,0.0065046602082933,0.007323671,0.000335462
exactbaseline_matched_reference_distance_b0p1_2p0_lam1e00_s323,LHCb_7:13,late_0p22_0p32,166.5,-2.3817758560180664,0.0065046602082933,5.651268588766392e-05,1.0,0.0065046602082933,0.007323671,0.000335462
exactbaseline_matched_reference_distance_b0p1_2p0_lam1e00_s324,LHCb_7:13,late_0p22_0p32,166.5,-2.3828117847442627,0.0065046602082933,5.651268588766392e-05,1.0,0.0065046602082933,0.007323671,0.000335462
exactbaseline_matched_reference_distance_b0p1_2p0_lam1e00_s325,LHCb_7:13,late_0p22_0p32,166.5,-2.400485038757324,0.0065046602082933,5.651268588766392e-05,1.0,0.0065046602082933,0.007323671,0.000335462
exactbaseline_matched_reference_distance_b0p1_2p0_lam1e00_s326,LHCb_7:13,late_0p22_0p32,166.5,-2.3768818378448486,0.0065046602082933,5.651268588766392e-05,1.0,0.0065046602082933,0.007323671,0.000335462
lambda1_start_expansion48_s327_cont320000,LHCb_7:13,late_0p22_0p32,166.5,-2.3675448894500732,0.0065046602082933,5.651268588766392e-05,1.0,0.0065046602082933,0.007323671,0.000335462
lambda1_start_expansion48_s328_cont240000,LHCb_7:13,late_0p22_0p32,166.5,-2.361964702606201,0.0065046602082933,5.651268588766392e-05,1.0,0.0065046602082933,0.007323671,0.000335462
lambda1_start_expansion48_s329_cont200000,LHCb_7:13,late_0p22_0p32,166.5,-2.3665826320648193,0.0065046602082933,5.651268588766392e-05,1.0,0.0065046602082933,0.007323671,0.000335462
lambda1_start_expansion48_s330_cont120000,LHCb_7:13,late_0p22_0p32,166.5,-2.3707528114318848,0.0065046602082933,5.651268588766392e-05,1.0,0.0065046602082933,0.007323671,0.000335462
lambda1_start_expansion48_s331_cont120000,LHCb_7:13,late_0p22_0p32,166.5,-2.359832286834717,0.0065046602082933,5.651268588766392e-05,1.0,0.0065046602082933,0.007323671,0.000335462
lambda1_start_expansion48_s332_cont120000,LHCb_7:13,late_0p22_0p32,166.5,-2.3741953372955322,0.0065046602082933,5.651268588766392e-05,1.0,0.0065046602082933,0.007323671,0.000335462
lambda1_start_expansion48_s333_cont120000,LHCb_7:13,late_0p22_0p32,166.5,-2.398160696029663,0.0065046602082933,5.651268588766392e-05,1.0,0.0065046602082933,0.007323671,0.000335462
lambda1_start_expansion48_s334_cont120000,LHCb_7:13,late_0p22_0p32,166.5,-2.365607261657715,0.0065046602082933,5.651268588766392e-05,1.0,0.0065046602082933,0.007323671,0.000335462
lambda1_start_expansion48_s335_cont120000,LHCb_7:13,late_0p22_0p32,166.5,-2.4001898765563965,0.0065046602082933,5.651268588766392e-05,1.0,0.0065046602082933,0.007323671,0.000335462
lambda1_start_expansion48_s336_cont120000,LHCb_7:13,late_0p22_0p32,166.5,-2.365084409713745,0.0065046602082933,5.651268588766392e-05,1.0,0.0065046602082933,0.007323671,0.000335462
lambda1_start_expansion48_s337_cont120000,LHCb_7:13,late_0p22_0p32,166.5,-2.354839324951172,0.0065046602082933,5.651268588766392e-05,1.0,0.0065046602082933,0.007323671,0.000335462
lambda1_start_expansion48_s338_cont120000,LHCb_7:13,late_0p22_0p32,166.5,-2.3644111156463623,0.0065046602082933,5.651268588766392e-05,1.0,0.0065046602082933,0.007323671,0.000335462
lambda1_start_expansion48_s339_cont120000,LHCb_7:13,late_0p22_0p32,166.5,-2.3723371028900146,0.0065046602082933,5.651268588766392e-05,1.0,0.0065046602082933,0.007323671,0.000335462
lambda1_start_expansion48_s340_cont120000,LHCb_7:13,late_0p22_0p32,166.5,-2.3666391372680664,0.0065046602082933,5.651268588766392e-05,1.0,0.0065046602082933,0.007323671,0.000335462
lambda1_start_expansion48_s341_cont120000,LHCb_7:13,late_0p22_0p32,166.5,-2.366797685623169,0.0065046602082933,5.651268588766392e-05,1.0,0.0065046602082933,0.007323671,0.000335462
lambda1_start_expansion48_s342_cont120000,LHCb_7:13,late_0p22_0p32,166.5,-2.3678479194641113,0.0065046602082933,5.651268588766392e-05,1.0,0.0065046602082933,0.007323671,0.000335462
lambda1_start_expansion48_s343_cont120000,LHCb_7:13,late_0p22_0p32,166.5,-2.366291046142578,0.0065046602082933,5.651268588766392e-05,1.0,0.0065046602082933,0.007323671,0.000335462
lambda1_start_expansion48_s344_cont120000,LHCb_7:13,late_0p22_0p32,166.5,-2.363637924194336,0.0065046602082933,5.651268588766392e-05,1.0,0.0065046602082933,0.007323671,0.000335462
lambda1_start_expansion48_s345_cont120000,LHCb_7:13,late_0p22_0p32,166.5,-2.3706650733947754,0.0065046602082933,5.651268588766392e-05,1.0,0.0065046602082933,0.007323671,0.000335462
lambda1_start_expansion48_s346_cont120000,LHCb_7:13,late_0p22_0p32,166.5,-2.3615808486938477,0.0065046602082933,5.651268588766392e-05,1.0,0.0065046602082933,0.007323671,0.000335462
lambda1_start_expansion48_s347_cont120000,LHCb_7:13,late_0p22_0p32,166.5,-2.369201421737671,0.0065046602082933,5.651268588766392e-05,1.0,0.0065046602082933,0.007323671,0.000335462
lambda1_start_expansion48_s348_cont120000,LHCb_7:13,late_0p22_0p32,166.5,-2.36350154876709,0.0065046602082933,5.651268588766392e-05,1.0,0.0065046602082933,0.007323671,0.000335462
lambda1_start_expansion48_s349_cont160000,LHCb_7:13,late_0p22_0p32,166.5,-2.3668746948242188,0.0065046602082933,5.651268588766392e-05,1.0,0.0065046602082933,0.007323671,0.000335462
lambda1_start_expansion48_s350_cont120000,LHCb_7:13,late_0p22_0p32,166.5,-2.3624367713928223,0.0065046602082933,5.651268588766392e-05,1.0,0.0065046602082933,0.007323671,0.000335462
lambda1_start_expansion96_s351_cont120000,LHCb_7:13,late_0p22_0p32,166.5,-2.3662378787994385,0.0065046602082933,5.651268588766392e-05,1.0,0.0065046602082933,0.007323671,0.000335462
lambda1_start_expansion96_s352_cont120000,LHCb_7:13,late_0p22_0p32,166.5,-2.3623147010803223,0.0065046602082933,5.651268588766392e-05,1.0,0.0065046602082933,0.007323671,0.000335462
lambda1_start_expansion96_s353_cont120000,LHCb_7:13,late_0p22_0p32,166.5,-2.3676719665527344,0.0065046602082933,5.651268588766392e-05,1.0,0.0065046602082933,0.007323671,0.000335462
lambda1_start_expansion96_s354_cont120000,LHCb_7:13,late_0p22_0p32,166.5,-2.371973991394043,0.0065046602082933,5.651268588766392e-05,1.0,0.0065046602082933,0.007323671,0.000335462
lambda1_start_expansion96_s355_cont120000,LHCb_7:13,late_0p22_0p32,166.5,-2.3601226806640625,0.0065046602082933,5.651268588766392e-05,1.0,0.0065046602082933,0.007323671,0.000335462
lambda1_start_expansion96_s356_cont120000,LHCb_7:13,late_0p22_0p32,166.5,-2.378509283065796,0.0065046602082933,5.651268588766392e-05,1.0,0.0065046602082933,0.007323671,0.000335462
lambda1_start_expansion96_s357_cont120000,LHCb_7:13,late_0p22_0p32,166.5,-2.399210214614868,0.0065046602082933,5.651268588766392e-05,1.0,0.0065046602082933,0.007323671,0.000335462
lambda1_start_expansion96_s358_cont120000,LHCb_7:13,late_0p22_0p32,166.5,-2.3659534454345703,0.0065046602082933,5.651268588766392e-05,1.0,0.0065046602082933,0.007323671,0.000335462
lambda1_start_expansion96_s359_cont120000,LHCb_7:13,late_0p22_0p32,166.5,-2.400284767150879,0.0065046602082933,5.651268588766392e-05,1.0,0.0065046602082933,0.007323671,0.000335462
lambda1_start_expansion96_s360_cont120000,LHCb_7:13,late_0p22_0p32,166.5,-2.3649630546569824,0.0065046602082933,5.651268588766392e-05,1.0,0.0065046602082933,0.007323671,0.000335462
lambda1_start_expansion96_s361_cont120000,LHCb_7:13,late_0p22_0p32,166.5,-2.3552615642547607,0.0065046602082933,5.651268588766392e-05,1.0,0.0065046602082933,0.007323671,0.000335462
lambda1_start_expansion96_s362_cont120000,LHCb_7:13,late_0p22_0p32,166.5,-2.362954616546631,0.0065046602082933,5.651268588766392e-05,1.0,0.0065046602082933,0.007323671,0.000335462
lambda1_start_expansion96_s363_cont120000,LHCb_7:13,late_0p22_0p32,166.5,-2.3730313777923584,0.0065046602082933,5.651268588766392e-05,1.0,0.0065046602082933,0.007323671,0.000335462
lambda1_start_expansion96_s364_cont120000,LHCb_7:13,late_0p22_0p32,166.5,-2.3682966232299805,0.0065046602082933,5.651268588766392e-05,1.0,0.0065046602082933,0.007323671,0.000335462
lambda1_start_expansion96_s365_cont120000,LHCb_7:13,late_0p22_0p32,166.5,-2.3685224056243896,0.0065046602082933,5.651268588766392e-05,1.0,0.0065046602082933,0.007323671,0.000335462
lambda1_start_expansion96_s366_cont120000,LHCb_7:13,late_0p22_0p32,166.5,-2.368685007095337,0.0065046602082933,5.651268588766392e-05,1.0,0.0065046602082933,0.007323671,0.000335462
lambda1_start_expansion96_s367_cont120000,LHCb_7:13,late_0p22_0p32,166.5,-2.3642234802246094,0.0065046602082933,5.651268588766392e-05,1.0,0.0065046602082933,0.007323671,0.000335462
lambda1_start_expansion96_s368_cont120000,LHCb_7:13,late_0p22_0p32,166.5,-2.3636977672576904,0.0065046602082933,5.651268588766392e-05,1.0,0.0065046602082933,0.007323671,0.000335462
lambda1_start_expansion96_s369_cont120000,LHCb_7:13,late_0p22_0p32,166.5,-2.3713440895080566,0.0065046602082933,5.651268588766392e-05,1.0,0.0065046602082933,0.007323671,0.000335462
lambda1_start_expansion96_s370_cont120000,LHCb_7:13,late_0p22_0p32,166.5,-2.3614249229431152,0.0065046602082933,5.651268588766392e-05,1.0,0.0065046602082933,0.007323671,0.000335462
lambda1_start_expansion96_s371_cont120000,LHCb_7:13,late_0p22_0p32,166.5,-2.370023727416992,0.0065046602082933,5.651268588766392e-05,1.0,0.0065046602082933,0.007323671,0.000335462
lambda1_start_expansion96_s372_cont120000,LHCb_7:13,late_0p22_0p32,166.5,-2.3630499839782715,0.0065046602082933,5.651268588766392e-05,1.0,0.0065046602082933,0.007323671,0.000335462
lambda1_start_expansion96_s373_cont120000,LHCb_7:13,late_0p22_0p32,166.5,-2.37589168548584,0.0065046602082933,5.651268588766392e-05,1.0,0.0065046602082933,0.007323671,0.000335462
lambda1_start_expansion96_s374_cont120000,LHCb_7:13,late_0p22_0p32,166.5,-2.363311529159546,0.0065046602082933,5.651268588766392e-05,1.0,0.0065046602082933,0.007323671,0.000335462
lambda1_start_expansion96_s375_cont120000,LHCb_7:13,late_0p22_0p32,166.5,-2.3674402236938477,0.0065046602082933,5.651268588766392e-05,1.0,0.0065046602082933,0.007323671,0.000335462
lambda1_start_expansion96_s376_cont120000,LHCb_7:13,late_0p22_0p32,166.5,-2.3624191284179688,0.0065046602082933,5.651268588766392e-05,1.0,0.0065046602082933,0.007323671,0.000335462
lambda1_start_expansion96_s377_cont120000,LHCb_7:13,late_0p22_0p32,166.5,-2.36773681640625,0.0065046602082933,5.651268588766392e-05,1.0,0.0065046602082933,0.007323671,0.000335462
lambda1_start_expansion96_s378_cont120000,LHCb_7:13,late_0p22_0p32,166.5,-2.3728725910186768,0.0065046602082933,5.651268588766392e-05,1.0,0.0065046602082933,0.007323671,0.000335462
lambda1_start_expansion96_s379_cont120000,LHCb_7:13,late_0p22_0p32,166.5,-2.3599514961242676,0.0065046602082933,5.651268588766392e-05,1.0,0.0065046602082933,0.007323671,0.000335462
lambda1_start_expansion96_s380_cont120000,LHCb_7:13,late_0p22_0p32,166.5,-2.3806698322296143,0.0065046602082933,5.651268588766392e-05,1.0,0.0065046602082933,0.007323671,0.000335462
lambda1_start_expansion96_s381_cont120000,LHCb_7:13,late_0p22_0p32,166.5,-2.3997573852539062,0.0065046602082933,5.651268588766392e-05,1.0,0.0065046602082933,0.007323671,0.000335462
lambda1_start_expansion96_s382_cont120000,LHCb_7:13,late_0p22_0p32,166.5,-2.3633224964141846,0.0065046602082933,5.651268588766392e-05,1.0,0.0065046602082933,0.007323671,0.000335462
lambda1_start_expansion96_s383_cont120000,LHCb_7:13,late_0p22_0p32,166.5,-2.4004225730895996,0.0065046602082933,5.651268588766392e-05,1.0,0.0065046602082933,0.007323671,0.000335462
lambda1_start_expansion96_s384_cont120000,LHCb_7:13,late_0p22_0p32,166.5,-2.364821434020996,0.0065046602082933,5.651268588766392e-05,1.0,0.0065046602082933,0.007323671,0.000335462
lambda1_start_expansion96_s385_cont120000,LHCb_7:13,late_0p22_0p32,166.5,-2.355395793914795,0.0065046602082933,5.651268588766392e-05,1.0,0.0065046602082933,0.007323671,0.000335462
lambda1_start_expansion96_s386_cont120000,LHCb_7:13,late_0p22_0p32,166.5,-2.3606228828430176,0.0065046602082933,5.651268588766392e-05,1.0,0.0065046602082933,0.007323671,0.000335462
lambda1_start_expansion96_s387_cont120000,LHCb_7:13,late_0p22_0p32,166.5,-2.372983455657959,0.0065046602082933,5.651268588766392e-05,1.0,0.0065046602082933,0.007323671,0.000335462
lambda1_start_expansion96_s388_cont120000,LHCb_7:13,late_0p22_0p32,166.5,-2.3659214973449707,0.0065046602082933,5.651268588766392e-05,1.0,0.0065046602082933,0.007323671,0.000335462
lambda1_start_expansion96_s389_cont120000,LHCb_7:13,late_0p22_0p32,166.5,-2.3675551414489746,0.0065046602082933,5.651268588766392e-05,1.0,0.0065046602082933,0.007323671,0.000335462
lambda1_start_expansion96_s390_cont120000,LHCb_7:13,late_0p22_0p32,166.5,-2.367828130722046,0.0065046602082933,5.651268588766392e-05,1.0,0.0065046602082933,0.007323671,0.000335462
lambda1_start_expansion96_s391_cont120000,LHCb_7:13,late_0p22_0p32,166.5,-2.368290901184082,0.0065046602082933,5.651268588766392e-05,1.0,0.0065046602082933,0.007323671,0.000335462
lambda1_start_expansion96_s392_cont120000,LHCb_7:13,late_0p22_0p32,166.5,-2.363321304321289,0.0065046602082933,5.651268588766392e-05,1.0,0.0065046602082933,0.007323671,0.000335462
lambda1_start_expansion96_s393_cont120000,LHCb_7:13,late_0p22_0p32,166.5,-2.373591423034668,0.0065046602082933,5.651268588766392e-05,1.0,0.0065046602082933,0.007323671,0.000335462
lambda1_start_expansion96_s394_cont120000,LHCb_7:13,late_0p22_0p32,166.5,-2.3623104095458984,0.0065046602082933,5.651268588766392e-05,1.0,0.0065046602082933,0.007323671,0.000335462
lambda1_start_expansion96_s395_cont120000,LHCb_7:13,late_0p22_0p32,166.5,-2.3701562881469727,0.0065046602082933,5.651268588766392e-05,1.0,0.0065046602082933,0.007323671,0.000335462
lambda1_start_expansion96_s396_cont120000,LHCb_7:13,late_0p22_0p32,166.5,-2.3643460273742676,0.0065046602082933,5.651268588766392e-05,1.0,0.0065046602082933,0.007323671,0.000335462
lambda1_start_expansion96_s397_cont120000,LHCb_7:13,late_0p22_0p32,166.5,-2.376330614089966,0.0065046602082933,5.651268588766392e-05,1.0,0.0065046602082933,0.007323671,0.000335462
lambda1_start_expansion96_s398_cont120000,LHCb_7:13,late_0p22_0p32,166.5,-2.3643760681152344,0.0065046602082933,5.651268588766392e-05,1.0,0.0065046602082933,0.007323671,0.000335462
